1,1,0
1,2,0
1,3,0
1,4,0
1,5,0
1,6,0
1,7,1.533333333
1,8,74.61666667
1,9,253.35
1,10,402.7666667
1,11,501
1,12,543.3833333
1,13,528.5833333
1,14,447.7166667
1,15,315.55
1,16,151.3333333
1,17,18.81666667
1,18,0
1,19,0
1,20,0
1,21,0
1,22,0
1,23,0
1,24,0
2,1,0
2,2,0
2,3,0
2,4,0
2,5,0
2,6,0
2,7,2.033333333
2,8,76.11666667
2,9,233.3666667
2,10,375.7833333
2,11,478.2333333
2,12,519.2833333
2,13,491.2333333
2,14,409.15
2,15,286.85
2,16,133.1
2,17,17.08333333
2,18,0
2,19,0
2,20,0
2,21,0
2,22,0
2,23,0
2,24,0
3,1,0
3,2,0
3,3,0
3,4,0
3,5,0
3,6,0.016666667
3,7,1.383333333
3,8,29.46666667
3,9,101.9
3,10,292.8666667
3,11,500.4666667
3,12,545.75
3,13,528.4833333
3,14,461.0166667
3,15,353.9
3,16,76.06666667
3,17,15.7
3,18,0.3
3,19,0
3,20,0
3,21,0
3,22,0
3,23,0
3,24,0
4,1,0
4,2,0
4,3,0
4,4,0
4,5,0
4,6,0
4,7,2.366666667
4,8,87.4
4,9,259.1333333
4,10,410.35
4,11,512
4,12,560.15
4,13,546.1833333
4,14,463.7333333
4,15,333.6
4,16,166.1333333
4,17,23.85
4,18,0
4,19,0
4,20,0
4,21,0
4,22,0
4,23,0
4,24,0
5,1,0
5,2,0
5,3,0
5,4,0
5,5,0
5,6,0
5,7,2.15
5,8,72.71666667
5,9,243.6833333
5,10,325.3833333
5,11,403.15
5,12,382.9
5,13,287.1833333
5,14,177.7666667
5,15,103.7333333
5,16,60.51666667
5,17,16.21666667
5,18,0
5,19,0
5,20,0
5,21,0
5,22,0
5,23,0
5,24,0
6,1,0
6,2,0
6,3,0
6,4,0
6,5,0
6,6,0
6,7,2.316666667
6,8,85.4
6,9,251.55
6,10,401.6333333
6,11,479.8
6,12,420.1833333
6,13,373.6166667
6,14,282.7166667
6,15,188.4166667
6,16,84.91666667
6,17,13.68333333
6,18,0
6,19,0
6,20,0
6,21,0
6,22,0
6,23,0
6,24,0
7,1,0
7,2,0
7,3,0
7,4,0
7,5,0
7,6,0
7,7,1.716666667
7,8,79.8
7,9,154.8333333
7,10,242
7,11,440.9333333
7,12,533.1666667
7,13,518.35
7,14,450.8666667
7,15,212.5333333
7,16,128.8
7,17,25.91666667
7,18,0
7,19,0
7,20,0
7,21,0
7,22,0
7,23,0
7,24,0
8,1,0
8,2,0
8,3,0
8,4,0
8,5,0
8,6,0
8,7,1.783333333
8,8,46.63333333
8,9,251.05
8,10,288.7333333
8,11,456.4166667
8,12,513.35
8,13,491.4666667
8,14,432.3666667
8,15,262.7166667
8,16,136.9666667
8,17,20.1
8,18,0
8,19,0
8,20,0
8,21,0
8,22,0
8,23,0
8,24,0
9,1,0
9,2,0
9,3,0
9,4,0
9,5,0
9,6,0
9,7,0.666666667
9,8,24.33333333
9,9,83.6
9,10,307.3666667
9,11,306.1833333
9,12,202.7333333
9,13,248.8666667
9,14,309.0666667
9,15,347.7333333
9,16,168.3833333
9,17,18.01666667
9,18,0
9,19,0
9,20,0
9,21,0
9,22,0
9,23,0
9,24,0
10,1,0
10,2,0
10,3,0
10,4,0
10,5,0
10,6,0
10,7,1.216666667
10,8,38.4
10,9,211.9833333
10,10,422.75
10,11,481.8166667
10,12,559.1833333
10,13,543.45
10,14,473.2666667
10,15,346.7
10,16,147.35
10,17,25.26666667
10,18,0
10,19,0
10,20,0
10,21,0
10,22,0
10,23,0
10,24,0
11,1,0
11,2,0
11,3,0
11,4,0
11,5,0
11,6,0
11,7,2.216666667
11,8,86.81666667
11,9,259.4833333
11,10,411.75
11,11,512.0833333
11,12,558.3833333
11,13,550.8166667
11,14,479.7
11,15,351.9666667
11,16,184.7833333
11,17,31.35
11,18,0
11,19,0
11,20,0
11,21,0
11,22,0
11,23,0
11,24,0
12,1,0
12,2,0
12,3,0
12,4,0
12,5,0
12,6,0
12,7,1.4
12,8,69.55
12,9,119.35
12,10,184.5166667
12,11,226.05
12,12,462.3166667
12,13,399.7
12,14,458.6166667
12,15,332
12,16,167.5166667
12,17,28.46666667
12,18,0
12,19,0
12,20,0
12,21,0
12,22,0
12,23,0
12,24,0
13,1,0
13,2,0
13,3,0
13,4,0
13,5,0
13,6,0
13,7,2.4
13,8,81.3
13,9,248.5166667
13,10,397.1833333
13,11,500.4166667
13,12,539.15
13,13,448.0166667
13,14,396.0333333
13,15,325.9
13,16,120.1666667
13,17,19.4
13,18,0
13,19,0
13,20,0
13,21,0
13,22,0
13,23,0
13,24,0
14,1,0
14,2,0
14,3,0
14,4,0
14,5,0
14,6,0
14,7,0.1
14,8,4.75
14,9,17.23333333
14,10,24.76666667
14,11,20.46666667
14,12,16.4
14,13,14.11666667
14,14,18.16666667
14,15,22.85
14,16,10.28333333
14,17,1.4
14,18,0
14,19,0
14,20,0
14,21,0
14,22,0
14,23,0
14,24,0
15,1,0
15,2,0
15,3,0
15,4,0
15,5,0
15,6,0
15,7,2.35
15,8,82.71666667
15,9,248.5
15,10,403.4
15,11,508.1666667
15,12,574.5833333
15,13,559.85
15,14,484.8833333
15,15,350.9166667
15,16,170.7333333
15,17,17.83333333
15,18,0
15,19,0
15,20,0
15,21,0
15,22,0
15,23,0
15,24,0
16,1,0
16,2,0
16,3,0
16,4,0
16,5,0
16,6,0.033333333
16,7,0.35
16,8,18.73333333
16,9,70.85
16,10,148.25
16,11,285.8166667
16,12,290
16,13,268.6333333
16,14,337.25
16,15,339.1166667
16,16,177.2166667
16,17,33.83333333
16,18,0.05
16,19,0
16,20,0
16,21,0
16,22,0
16,23,0
16,24,0
17,1,0
17,2,0
17,3,0
17,4,0
17,5,0
17,6,0
17,7,1.966666667
17,8,81.71666667
17,9,256.1833333
17,10,410.5666667
17,11,503.2166667
17,12,540.1666667
17,13,453.45
17,14,376.1833333
17,15,277.9166667
17,16,130.5333333
17,17,32.6
17,18,0.133333333
17,19,0
17,20,0
17,21,0
17,22,0
17,23,0
17,24,0
18,1,0
18,2,0
18,3,0
18,4,0
18,5,0
18,6,0
18,7,2.766666667
18,8,96.01666667
18,9,273.3333333
18,10,428.4833333
18,11,542.0333333
18,12,595.6833333
18,13,581.75
18,14,511.55
18,15,383.3
18,16,214.6666667
18,17,46
18,18,0.15
18,19,0
18,20,0
18,21,0
18,22,0
18,23,0
18,24,0
19,1,0
19,2,0
19,3,0
19,4,0
19,5,0
19,6,0
19,7,3.016666667
19,8,95.5
19,9,272.4333333
19,10,429.6
19,11,535.7
19,12,588.4333333
19,13,578.7
19,14,497
19,15,375.3666667
19,16,202.6833333
19,17,43.48333333
19,18,0.083333333
19,19,0
19,20,0
19,21,0
19,22,0
19,23,0
19,24,0
20,1,0
20,2,0
20,3,0
20,4,0
20,5,0
20,6,0
20,7,2.816666667
20,8,92.63333333
20,9,265.85
20,10,419.9666667
20,11,531.4166667
20,12,583.5666667
20,13,569.2333333
20,14,492.75
20,15,290.7
20,16,207.5833333
20,17,52.9
20,18,0.15
20,19,0
20,20,0
20,21,0
20,22,0
20,23,0
20,24,0
21,1,0
21,2,0
21,3,0
21,4,0
21,5,0
21,6,0
21,7,2.316666667
21,8,57.13333333
21,9,192.8333333
21,10,384.0833333
21,11,487.2666667
21,12,548.9333333
21,13,547.4
21,14,464.05
21,15,341.9333333
21,16,165.8
21,17,40.86666667
21,18,0.1
21,19,0
21,20,0
21,21,0
21,22,0
21,23,0
21,24,0
22,1,0
22,2,0
22,3,0
22,4,0
22,5,0
22,6,0
22,7,0.45
22,8,10.55
22,9,30.48333333
22,10,35.93333333
22,11,45.01666667
22,12,46.21666667
22,13,99.31666667
22,14,180.25
22,15,207.35
22,16,104.0666667
22,17,28.8
22,18,0.216666667
22,19,0
22,20,0
22,21,0
22,22,0
22,23,0
22,24,0
23,1,0
23,2,0
23,3,0
23,4,0
23,5,0
23,6,0
23,7,2.916666667
23,8,61.88333333
23,9,239.2
23,10,415.6666667
23,11,522.75
23,12,520.9
23,13,314.6666667
23,14,286.3833333
23,15,181.8666667
23,16,139.8666667
23,17,26.75
23,18,0.133333333
23,19,0
23,20,0
23,21,0
23,22,0
23,23,0
23,24,0
24,1,0
24,2,0
24,3,0
24,4,0
24,5,0
24,6,0
24,7,1.55
24,8,27.38333333
24,9,87.73333333
24,10,261.1833333
24,11,269.2666667
24,12,433.85
24,13,509.1666667
24,14,444.9666667
24,15,132.9166667
24,16,59.86666667
24,17,30.38333333
24,18,0.3
24,19,0
24,20,0
24,21,0
24,22,0
24,23,0
24,24,0
25,1,0
25,2,0
25,3,0
25,4,0
25,5,0
25,6,0
25,7,2.7
25,8,60.68333333
25,9,171.5166667
25,10,314.7
25,11,511.1666667
25,12,485.9833333
25,13,367.75
25,14,467.3666667
25,15,397.1833333
25,16,232.3666667
25,17,60.15
25,18,0.4
25,19,0
25,20,0
25,21,0
25,22,0
25,23,0
25,24,0
26,1,0
26,2,0
26,3,0
26,4,0
26,5,0
26,6,0
26,7,3.983333333
26,8,106.7833333
26,9,286
26,10,443.2166667
26,11,559.85
26,12,631.8833333
26,13,624.7833333
26,14,426.15
26,15,321.6166667
26,16,114.5333333
26,17,40.83333333
26,18,0.466666667
26,19,0
26,20,0
26,21,0
26,22,0
26,23,0
26,24,0
27,1,0
27,2,0
27,3,0
27,4,0
27,5,0
27,6,0.066666667
27,7,4.633333333
27,8,108.85
27,9,291.1
27,10,426.2333333
27,11,526.3
27,12,606.8666667
27,13,614.4166667
27,14,543
27,15,413.5666667
27,16,244.1666667
27,17,66.93333333
27,18,0.65
27,19,0
27,20,0
27,21,0
27,22,0
27,23,0
27,24,0
28,1,0
28,2,0
28,3,0
28,4,0
28,5,0
28,6,0
28,7,0.616666667
28,8,9.616666667
28,9,43.63333333
28,10,155.95
28,11,418.0333333
28,12,623.75
28,13,614.85
28,14,541.3833333
28,15,405.1333333
28,16,247.1666667
28,17,69.73333333
28,18,0.7
28,19,0
28,20,0
28,21,0
28,22,0
28,23,0
28,24,0
29,1,0
29,2,0
29,3,0
29,4,0
29,5,0
29,6,0
29,7,5.1
29,8,113.2666667
29,9,295.8166667
29,10,457.6166667
29,11,570.0166667
29,12,625.5166667
29,13,618.1833333
29,14,546.0166667
29,15,421.3666667
29,16,252.8666667
29,17,72.75
29,18,0.65
29,19,0
29,20,0
29,21,0
29,22,0
29,23,0
29,24,0
30,1,0
30,2,0
30,3,0
30,4,0
30,5,0
30,6,0
30,7,4.45
30,8,96.08333333
30,9,276.2333333
30,10,436.45
30,11,545.1166667
30,12,593.35
30,13,587.1833333
30,14,520.35
30,15,398.0166667
30,16,227.8
30,17,64.06666667
30,18,0.716666667
30,19,0
30,20,0
30,21,0
30,22,0
30,23,0
30,24,0
31,1,0
31,2,0
31,3,0
31,4,0
31,5,0
31,6,0
31,7,6.65
31,8,118.2
31,9,257.2
31,10,440.95
31,11,494.1833333
31,12,634.8
31,13,623.55
31,14,526.5833333
31,15,437.0166667
31,16,248.3
31,17,72.66666667
31,18,0.933333333
31,19,0
31,20,0
31,21,0
31,22,0
31,23,0
31,24,0
32,1,0
32,2,0
32,3,0
32,4,0
32,5,0
32,6,0
32,7,5.55
32,8,104.75
32,9,278.6333333
32,10,435.9
32,11,550.4166667
32,12,603.0666667
32,13,601.3833333
32,14,522.9333333
32,15,325.1833333
32,16,150.9
32,17,22.95
32,18,0.1
32,19,0
32,20,0
32,21,0
32,22,0
32,23,0
32,24,0
33,1,0
33,2,0
33,3,0
33,4,0
33,5,0
33,6,0
33,7,1.166666667
33,8,10.51666667
33,9,27.76666667
33,10,82.11666667
33,11,107.3166667
33,12,105.3166667
33,13,159.25
33,14,353.9666667
33,15,376.6833333
33,16,228.6333333
33,17,54.25
33,18,0.85
33,19,0
33,20,0
33,21,0
33,22,0
33,23,0
33,24,0
34,1,0
34,2,0
34,3,0
34,4,0
34,5,0
34,6,0
34,7,5.316666667
34,8,113.8833333
34,9,321.25
34,10,482.3833333
34,11,600.4333333
34,12,634.45
34,13,619.8833333
34,14,371.5833333
34,15,225.6666667
34,16,232.7
34,17,70.25
34,18,1.75
34,19,0
34,20,0
34,21,0
34,22,0
34,23,0
34,24,0
35,1,0
35,2,0
35,3,0
35,4,0
35,5,0
35,6,0
35,7,0.95
35,8,22.98333333
35,9,128.95
35,10,365.6333333
35,11,547.9333333
35,12,567.5166667
35,13,598.25
35,14,434.8833333
35,15,80.86666667
35,16,47.75
35,17,15.36666667
35,18,0.516666667
35,19,0
35,20,0
35,21,0
35,22,0
35,23,0
35,24,0
36,1,0
36,2,0
36,3,0
36,4,0
36,5,0
36,6,0
36,7,6.7
36,8,129.2666667
36,9,290.55
36,10,356.05
36,11,596.05
36,12,616.5666667
36,13,604.6333333
36,14,453.5666667
36,15,281.7166667
36,16,131.9666667
36,17,39
36,18,0.583333333
36,19,0
36,20,0
36,21,0
36,22,0
36,23,0
36,24,0
37,1,0
37,2,0
37,3,0
37,4,0
37,5,0
37,6,0
37,7,0.95
37,8,10.16666667
37,9,40.53333333
37,10,95.26666667
37,11,70.48333333
37,12,83.71666667
37,13,130.0666667
37,14,85.5
37,15,81.31666667
37,16,64.26666667
37,17,17.96666667
37,18,0.533333333
37,19,0
37,20,0
37,21,0
37,22,0
37,23,0
37,24,0
38,1,0
38,2,0
38,3,0
38,4,0
38,5,0
38,6,0
38,7,2.616666667
38,8,35.11666667
38,9,207.6666667
38,10,419.9166667
38,11,578.8666667
38,12,576.0166667
38,13,484.65
38,14,478.65
38,15,276.1333333
38,16,124.9166667
38,17,32.43333333
38,18,0.933333333
38,19,0
38,20,0
38,21,0
38,22,0
38,23,0
38,24,0
39,1,0
39,2,0
39,3,0
39,4,0
39,5,0
39,6,0
39,7,2.366666667
39,8,83.11666667
39,9,190.9166667
39,10,193.65
39,11,372.5166667
39,12,413.7333333
39,13,600.15
39,14,598.5166667
39,15,474.1833333
39,16,301.1833333
39,17,103.8
39,18,3.15
39,19,0
39,20,0
39,21,0
39,22,0
39,23,0
39,24,0
40,1,0
40,2,0
40,3,0
40,4,0
40,5,0
40,6,0
40,7,7.383333333
40,8,86.08333333
40,9,250.1666667
40,10,382.3
40,11,561.6833333
40,12,628.2333333
40,13,605.1333333
40,14,454.15
40,15,418.9
40,16,226.8666667
40,17,85.03333333
40,18,2.116666667
40,19,0
40,20,0
40,21,0
40,22,0
40,23,0
40,24,0
41,1,0
41,2,0
41,3,0
41,4,0
41,5,0
41,6,0
41,7,5.7
41,8,119.2666667
41,9,329.3666667
41,10,498.6833333
41,11,616.3
41,12,674.0166667
41,13,662.4666667
41,14,598.95
41,15,463.45
41,16,290.45
41,17,102.9833333
41,18,3.566666667
41,19,0
41,20,0
41,21,0
41,22,0
41,23,0
41,24,0
42,1,0
42,2,0
42,3,0
42,4,0
42,5,0
42,6,0
42,7,12.11666667
42,8,142.5166667
42,9,327.9833333
42,10,494.0666667
42,11,614.35
42,12,672.1166667
42,13,680.9
42,14,541.65
42,15,368.1666667
42,16,106.1333333
42,17,54.91666667
42,18,4.45
42,19,0
42,20,0
42,21,0
42,22,0
42,23,0
42,24,0
43,1,0
43,2,0
43,3,0
43,4,0
43,5,0
43,6,0
43,7,13.3
43,8,145.8833333
43,9,332.0333333
43,10,391.4666667
43,11,351.5
43,12,313.7333333
43,13,317.5666667
43,14,327.8666667
43,15,167.6833333
43,16,84.66666667
43,17,21.16666667
43,18,0.833333333
43,19,0
43,20,0
43,21,0
43,22,0
43,23,0
43,24,0
44,1,0
44,2,0
44,3,0
44,4,0
44,5,0
44,6,0
44,7,2.616666667
44,8,53.8
44,9,164.95
44,10,501.2333333
44,11,636.25
44,12,644.3
44,13,692.9666667
44,14,622.3833333
44,15,494.4833333
44,16,313.6333333
44,17,117.6
44,18,5.933333333
44,19,0
44,20,0
44,21,0
44,22,0
44,23,0
44,24,0
45,1,0
45,2,0
45,3,0
45,4,0
45,5,0
45,6,0.633333333
45,7,5.883333333
45,8,49.91666667
45,9,64.08333333
45,10,116.9166667
45,11,116.4166667
45,12,235.7166667
45,13,284.75
45,14,238.75
45,15,280.0333333
45,16,244.5833333
45,17,51.85
45,18,2.116666667
45,19,0
45,20,0
45,21,0
45,22,0
45,23,0
45,24,0
46,1,0
46,2,0
46,3,0
46,4,0
46,5,0
46,6,0
46,7,2.45
46,8,24.38333333
46,9,84.31666667
46,10,157.3333333
46,11,250.4666667
46,12,164.05
46,13,56.68333333
46,14,57.46666667
46,15,30.35
46,16,20.85
46,17,13.3
46,18,0.616666667
46,19,0
46,20,0
46,21,0
46,22,0
46,23,0
46,24,0
47,1,0
47,2,0
47,3,0
47,4,0
47,5,0
47,6,0.066666667
47,7,19.51666667
47,8,180.3
47,9,384.4333333
47,10,555.3166667
47,11,678.2166667
47,12,742.8166667
47,13,736.3833333
47,14,658.3333333
47,15,519.5833333
47,16,337.45
47,17,130.3
47,18,7.066666667
47,19,0
47,20,0
47,21,0
47,22,0
47,23,0
47,24,0
48,1,0
48,2,0
48,3,0
48,4,0
48,5,0
48,6,0
48,7,21.61666667
48,8,182.0166667
48,9,359.3
48,10,553.05
48,11,566.9833333
48,12,555.0833333
48,13,638.35
48,14,649.8833333
48,15,456.7333333
48,16,305.75
48,17,141.05
48,18,4.916666667
48,19,0
48,20,0
48,21,0
48,22,0
48,23,0
48,24,0
49,1,0
49,2,0
49,3,0
49,4,0
49,5,0
49,6,0
49,7,15.15
49,8,116.2166667
49,9,172.1333333
49,10,137.3833333
49,11,160.0333333
49,12,143.6333333
49,13,120.6833333
49,14,97.53333333
49,15,45.85
49,16,48.78333333
49,17,37.83333333
49,18,3.766666667
49,19,0
49,20,0
49,21,0
49,22,0
49,23,0
49,24,0
50,1,0
50,2,0
50,3,0
50,4,0
50,5,0
50,6,0
50,7,1.7
50,8,23.53333333
50,9,65.66666667
50,10,105.9166667
50,11,75.1
50,12,92.36666667
50,13,117.3333333
50,14,80.2
50,15,64.38333333
50,16,44.75
50,17,15.21666667
50,18,1.666666667
50,19,0
50,20,0
50,21,0
50,22,0
50,23,0
50,24,0
51,1,0
51,2,0
51,3,0
51,4,0
51,5,0
51,6,0.033333333
51,7,13.76666667
51,8,175.6
51,9,401.6833333
51,10,577.1666667
51,11,697.2833333
51,12,759.9333333
51,13,747.6666667
51,14,669.5833333
51,15,533.6166667
51,16,346.95
51,17,118.75
51,18,8.2
51,19,0.4
51,20,0
51,21,0
51,22,0
51,23,0
51,24,0
52,1,0
52,2,0
52,3,0
52,4,0
52,5,0
52,6,0.05
52,7,29.55
52,8,202.2333333
52,9,404.6833333
52,10,577.4333333
52,11,702.3666667
52,12,758.1666667
52,13,745.4166667
52,14,668.9
52,15,532.8333333
52,16,316.0833333
52,17,108.4833333
52,18,10.23333333
52,19,0
52,20,0
52,21,0
52,22,0
52,23,0
52,24,0
53,1,0
53,2,0
53,3,0
53,4,0
53,5,0
53,6,0
53,7,20.21666667
53,8,163.3833333
53,9,333.4166667
53,10,503.3666667
53,11,546.6666667
53,12,536.4833333
53,13,647.8333333
53,14,512.6
53,15,485.2666667
53,16,343.4666667
53,17,139.1166667
53,18,10.03333333
53,19,0
53,20,0
53,21,0
53,22,0
53,23,0
53,24,0
54,1,0
54,2,0
54,3,0
54,4,0
54,5,0
54,6,0
54,7,29.51666667
54,8,197.5833333
54,9,406.25
54,10,583.4833333
54,11,705.1666667
54,12,764.6166667
54,13,760.1
54,14,683.6
54,15,539.4833333
54,16,311.9166667
54,17,143.8666667
54,18,11.86666667
54,19,0
54,20,0
54,21,0
54,22,0
54,23,0
54,24,0
55,1,0
55,2,0
55,3,0
55,4,0
55,5,0
55,6,0.016666667
55,7,32.78333333
55,8,211.3333333
55,9,418.4
55,10,582.1166667
55,11,661.4833333
55,12,674.1333333
55,13,735.6166667
55,14,651.0833333
55,15,518.5833333
55,16,353.8833333
55,17,156.4833333
55,18,12.95
55,19,0
55,20,0
55,21,0
55,22,0
55,23,0
55,24,0
56,1,0
56,2,0
56,3,0
56,4,0
56,5,0
56,6,0
56,7,37.58333333
56,8,218.9833333
56,9,422.8666667
56,10,596.1666667
56,11,674.3666667
56,12,716.4666667
56,13,743.0333333
56,14,699.6166667
56,15,549.3
56,16,371.35
56,17,160.4166667
56,18,12.55
56,19,0
56,20,0
56,21,0
56,22,0
56,23,0
56,24,0
57,1,0
57,2,0
57,3,0
57,4,0
57,5,0
57,6,0.1
57,7,32.33333333
57,8,204.7333333
57,9,413.9666667
57,10,586.5333333
57,11,707.9333333
57,12,755.7833333
57,13,754.8833333
57,14,683.0166667
57,15,539.2833333
57,16,351.6666667
57,17,142.5333333
57,18,12.26666667
57,19,0
57,20,0
57,21,0
57,22,0
57,23,0
57,24,0
58,1,0
58,2,0
58,3,0
58,4,0
58,5,0
58,6,0
58,7,3.083333333
58,8,14.25
58,9,19.26666667
58,10,63.86666667
58,11,100.7833333
58,12,113.9
58,13,196.55
58,14,185.0833333
58,15,200.5333333
58,16,137.7
58,17,55.25
58,18,10.5
58,19,0
58,20,0
58,21,0
58,22,0
58,23,0
58,24,0
59,1,0
59,2,0
59,3,0
59,4,0
59,5,0
59,6,0
59,7,22.08333333
59,8,113.35
59,9,230.0333333
59,10,389.3833333
59,11,550.45
59,12,745.0333333
59,13,763.5666667
59,14,684.9
59,15,539.5666667
59,16,346.2166667
59,17,148.15
59,18,13.18333333
59,19,0
59,20,0
59,21,0
59,22,0
59,23,0
59,24,0
60,1,0
60,2,0
60,3,0
60,4,0
60,5,0
60,6,0
60,7,9.333333333
60,8,52.7
60,9,118.5333333
60,10,409.8
60,11,289.05
60,12,328.4333333
60,13,267.5666667
60,14,200.9333333
60,15,124.1166667
60,16,37.1
60,17,15.91666667
60,18,1.683333333
60,19,0
60,20,0
60,21,0
60,22,0
60,23,0
60,24,0
61,1,0
61,2,0
61,3,0
61,4,0
61,5,0
61,6,0.05
61,7,16.13333333
61,8,103.75
61,9,436.2666667
61,10,606.9
61,11,716.95
61,12,776.5833333
61,13,756.8166667
61,14,667.6666667
61,15,534.55
61,16,339.4
61,17,153.6
61,18,17.6
61,19,0
61,20,0
61,21,0
61,22,0
61,23,0
61,24,0
62,1,0
62,2,0
62,3,0
62,4,0
62,5,0
62,6,0.15
62,7,46.66666667
62,8,210.6166667
62,9,470.3833333
62,10,571.5166667
62,11,728.25
62,12,636.9
62,13,551.2666667
62,14,393.0333333
62,15,235.8
62,16,176.5
62,17,152.5333333
62,18,12.38333333
62,19,0
62,20,0
62,21,0
62,22,0
62,23,0
62,24,0
63,1,0
63,2,0
63,3,0
63,4,0
63,5,0
63,6,0
63,7,8.9
63,8,50.68333333
63,9,167.6
63,10,177.6
63,11,351.2
63,12,362.7833333
63,13,276.5166667
63,14,589.1166667
63,15,548.6833333
63,16,207.3166667
63,17,95.65
63,18,10.36666667
63,19,0
63,20,0
63,21,0
63,22,0
63,23,0
63,24,0
64,1,0
64,2,0
64,3,0
64,4,0
64,5,0
64,6,0.266666667
64,7,54.66666667
64,8,242.9166667
64,9,447.6
64,10,607.4833333
64,11,732.35
64,12,773.0166667
64,13,777.3833333
64,14,699.25
64,15,555.2666667
64,16,380.9
64,17,176.8833333
64,18,22.16666667
64,19,0
64,20,0
64,21,0
64,22,0
64,23,0
64,24,0
65,1,0
65,2,0
65,3,0
65,4,0
65,5,0
65,6,0.366666667
65,7,59.41666667
65,8,252.8333333
65,9,460.25
65,10,633.6666667
65,11,753.85
65,12,811.25
65,13,799.6333333
65,14,718.9666667
65,15,569.4666667
65,16,365.4
65,17,158.3666667
65,18,19.1
65,19,0.016666667
65,20,0
65,21,0
65,22,0
65,23,0
65,24,0
66,1,0
66,2,0
66,3,0
66,4,0
66,5,0
66,6,0.3
66,7,40.7
66,8,138.3
66,9,385.7
66,10,489.6666667
66,11,562.5833333
66,12,382.0833333
66,13,667.85
66,14,598.25
66,15,515.1833333
66,16,319.4333333
66,17,114.8666667
66,18,15.66666667
66,19,0
66,20,0
66,21,0
66,22,0
66,23,0
66,24,0
67,1,0
67,2,0
67,3,0
67,4,0
67,5,0
67,6,0.383333333
67,7,51.18333333
67,8,218.5166667
67,9,420.6
67,10,578.4666667
67,11,697.1333333
67,12,744.4
67,13,706.0333333
67,14,628.4333333
67,15,482.85
67,16,216.8666667
67,17,81.11666667
67,18,10.81666667
67,19,0.016666667
67,20,0
67,21,0
67,22,0
67,23,0
67,24,0
68,1,0
68,2,0
68,3,0
68,4,0
68,5,0.05
68,6,0.65
68,7,60.9
68,8,250.45
68,9,453.1333333
68,10,632.45
68,11,742.8166667
68,12,786.6
68,13,765.2333333
68,14,682.1666667
68,15,531.8
68,16,348.7166667
68,17,161.5666667
68,18,20.46666667
68,19,0
68,20,0
68,21,0
68,22,0
68,23,0
68,24,0
69,1,0
69,2,0
69,3,0
69,4,0
69,5,0
69,6,0.35
69,7,24
69,8,119.2666667
69,9,261.0333333
69,10,275.15
69,11,667.9333333
69,12,703.4333333
69,13,665.1666667
69,14,551.3333333
69,15,55.65
69,16,52.65
69,17,59.35
69,18,31.2
69,19,0
69,20,0
69,21,0
69,22,0
69,23,0
69,24,0
70,1,0
70,2,0
70,3,0
70,4,0
70,5,0
70,6,1
70,7,80.91666667
70,8,289.3166667
70,9,501.4666667
70,10,671.9
70,11,789.2166667
70,12,850.0166667
70,13,835.7166667
70,14,757.4166667
70,15,624.8
70,16,430.2
70,17,207.5833333
70,18,30.1
70,19,0
70,20,0
70,21,0
70,22,0
70,23,0
70,24,0
71,1,0
71,2,0
71,3,0
71,4,0
71,5,0
71,6,0.866666667
71,7,34.45
71,8,191.1166667
71,9,467.5833333
71,10,648.5
71,11,775.45
71,12,789.6666667
71,13,807.4666667
71,14,724.4333333
71,15,589.55
71,16,394.7833333
71,17,187.5
71,18,27.46666667
71,19,0
71,20,0
71,21,0
71,22,0
71,23,0
71,24,0
72,1,0
72,2,0
72,3,0
72,4,0
72,5,0
72,6,1.516666667
72,7,62.26666667
72,8,243.85
72,9,397.9166667
72,10,531.9333333
72,11,513.3833333
72,12,405.6833333
72,13,447.65
72,14,510.7333333
72,15,429.0166667
72,16,277.2833333
72,17,128.9333333
72,18,23.41666667
72,19,0
72,20,0
72,21,0
72,22,0
72,23,0
72,24,0
73,1,0
73,2,0
73,3,0
73,4,0
73,5,0.05
73,6,0.6
73,7,4.233333333
73,8,21.55
73,9,165.95
73,10,334.65
73,11,390.1166667
73,12,306.4
73,13,434.2666667
73,14,578.8666667
73,15,495.6833333
73,16,234.6166667
73,17,173
73,18,21.6
73,19,0
73,20,0
73,21,0
73,22,0
73,23,0
73,24,0
74,1,0
74,2,0
74,3,0
74,4,0
74,5,0
74,6,1.083333333
74,7,56.33333333
74,8,279.4166667
74,9,506.5
74,10,677.4
74,11,792.75
74,12,853.8166667
74,13,786.3833333
74,14,733.4333333
74,15,609.8
74,16,422.4666667
74,17,179.65
74,18,32.58333333
74,19,0
74,20,0
74,21,0
74,22,0
74,23,0
74,24,0
75,1,0
75,2,0
75,3,0
75,4,0
75,5,0
75,6,1.6
75,7,57.73333333
75,8,241.0833333
75,9,504.7833333
75,10,674.8833333
75,11,789.9166667
75,12,846.2333333
75,13,843.5833333
75,14,756.6
75,15,599.75
75,16,409.4
75,17,197.25
75,18,31.68333333
75,19,0.1
75,20,0
75,21,0
75,22,0
75,23,0
75,24,0
76,1,0
76,2,0
76,3,0
76,4,0
76,5,0
76,6,2.65
76,7,94.53333333
76,8,305.9333333
76,9,511.25
76,10,681.0666667
76,11,797.5333333
76,12,814.5333333
76,13,624.6
76,14,582.6
76,15,498.9
76,16,378.9166667
76,17,150.2833333
76,18,19.9
76,19,0
76,20,0
76,21,0
76,22,0
76,23,0
76,24,0
77,1,0
77,2,0
77,3,0
77,4,0
77,5,0.083333333
77,6,2.516666667
77,7,69.61666667
77,8,109.5333333
77,9,336.6
77,10,354.7166667
77,11,269.0166667
77,12,365.7166667
77,13,482.05
77,14,617.7833333
77,15,331.1
77,16,148.9166667
77,17,32.91666667
77,18,7.1
77,19,0
77,20,0
77,21,0
77,22,0
77,23,0
77,24,0
78,1,0
78,2,0
78,3,0
78,4,0
78,5,0
78,6,1.4
78,7,73.71666667
78,8,326.25
78,9,508.55
78,10,669.2166667
78,11,780.6
78,12,831.3
78,13,814.1333333
78,14,726.15
78,15,585.65
78,16,398.25
78,17,193
78,18,29.86666667
78,19,0
78,20,0
78,21,0
78,22,0
78,23,0
78,24,0
79,1,0
79,2,0
79,3,0
79,4,0
79,5,0
79,6,2.15
79,7,60.2
79,8,111.85
79,9,211.1666667
79,10,388.9666667
79,11,699.6666667
79,12,568.3166667
79,13,548.85
79,14,390.8
79,15,207.4833333
79,16,103.1666667
79,17,54.28333333
79,18,23.98333333
79,19,0.016666667
79,20,0
79,21,0
79,22,0
79,23,0
79,24,0
80,1,0
80,2,0
80,3,0
80,4,0
80,5,0
80,6,5.55
80,7,130.8166667
80,8,354.6
80,9,564.6833333
80,10,734.1333333
80,11,840.7166667
80,12,885.2833333
80,13,852.8666667
80,14,782.6833333
80,15,640.2166667
80,16,443.9833333
80,17,222.7833333
80,18,42.4
80,19,0
80,20,0
80,21,0
80,22,0
80,23,0
80,24,0
81,1,0
81,2,0
81,3,0
81,4,0
81,5,0
81,6,0.783333333
81,7,18.21666667
81,8,88.23333333
81,9,376.2333333
81,10,569.35
81,11,744.8333333
81,12,833.25
81,13,779.8333333
81,14,729.7833333
81,15,612.5333333
81,16,424.0833333
81,17,156.6833333
81,18,27.83333333
81,19,0
81,20,0
81,21,0
81,22,0
81,23,0
81,24,0
82,1,0
82,2,0
82,3,0
82,4,0
82,5,0
82,6,5.433333333
82,7,109.8333333
82,8,314.3
82,9,516.1666667
82,10,657.1666667
82,11,728.6166667
82,12,597.6
82,13,457.4166667
82,14,374.0166667
82,15,135.2333333
82,16,159.1333333
82,17,160.2666667
82,18,26.08333333
82,19,0.05
82,20,0
82,21,0
82,22,0
82,23,0
82,24,0
83,1,0
83,2,0
83,3,0
83,4,0
83,5,0
83,6,1.4
83,7,18.45
83,8,88.63333333
83,9,117.1
83,10,160.0166667
83,11,214.75
83,12,216.75
83,13,206.4166667
83,14,396.9666667
83,15,504.0166667
83,16,298.2333333
83,17,124.15
83,18,28.85
83,19,0
83,20,0
83,21,0
83,22,0
83,23,0
83,24,0
84,1,0
84,2,0
84,3,0
84,4,0
84,5,0
84,6,0.633333333
84,7,11.1
84,8,17.9
84,9,44.16666667
84,10,60.31666667
84,11,94.83333333
84,12,129.8666667
84,13,96.81666667
84,14,144.95
84,15,89.46666667
84,16,34.73333333
84,17,19.3
84,18,4.933333333
84,19,0.333333333
84,20,0.3
84,21,0
84,22,0
84,23,0
84,24,0
85,1,0
85,2,0
85,3,0
85,4,0
85,5,0
85,6,6.983333333
85,7,132.7333333
85,8,364.6333333
85,9,575.8833333
85,10,740.1333333
85,11,801.9
85,12,904.7
85,13,824.9833333
85,14,669.15
85,15,492.6166667
85,16,280.1166667
85,17,121.4333333
85,18,24.55
85,19,0.083333333
85,20,0
85,21,0
85,22,0
85,23,0
85,24,0
86,1,0
86,2,0
86,3,0
86,4,0
86,5,0
86,6,1.366666667
86,7,16.53333333
86,8,36.2
86,9,69.2
86,10,101.45
86,11,109.35
86,12,110.2
86,13,80.56666667
86,14,51.51666667
86,15,75.68333333
86,16,56.95
86,17,20.83333333
86,18,8.866666667
86,19,0.116666667
86,20,0
86,21,0
86,22,0
86,23,0
86,24,0
87,1,0
87,2,0
87,3,0
87,4,0
87,5,0
87,6,2.133333333
87,7,36.36666667
87,8,151.1833333
87,9,396.95
87,10,616.6
87,11,740.8
87,12,826.85
87,13,544.8666667
87,14,647.2666667
87,15,590.95
87,16,397.45
87,17,188.4
87,18,20.28333333
87,19,0.516666667
87,20,0
87,21,0
87,22,0
87,23,0
87,24,0
88,1,0
88,2,0
88,3,0
88,4,0
88,5,0
88,6,4.683333333
88,7,49.26666667
88,8,126.8333333
88,9,141.5666667
88,10,213.45
88,11,528.5166667
88,12,520.0833333
88,13,608.7333333
88,14,453.9166667
88,15,268.9
88,16,132.3333333
88,17,79.71666667
88,18,20.45
88,19,0.05
88,20,0
88,21,0
88,22,0
88,23,0
88,24,0
89,1,0
89,2,0
89,3,0
89,4,0
89,5,0
89,6,0.9
89,7,11.23333333
89,8,34.33333333
89,9,58.21666667
89,10,122.2833333
89,11,144.9
89,12,141.4666667
89,13,153.1333333
89,14,137.8333333
89,15,127.5
89,16,104.6333333
89,17,55.26666667
89,18,8.033333333
89,19,0
89,20,0
89,21,0
89,22,0
89,23,0
89,24,0
90,1,0
90,2,0
90,3,0
90,4,0
90,5,0.716666667
90,6,1.95
90,7,11.36666667
90,8,22.28333333
90,9,37.4
90,10,67
90,11,78.76666667
90,12,95.16666667
90,13,86.53333333
90,14,87.65
90,15,97.75
90,16,46.45
90,17,19.41666667
90,18,5.333333333
90,19,0.066666667
90,20,0.016666667
90,21,0
90,22,0
90,23,0
90,24,0
91,1,0
91,2,0
91,3,0
91,4,0
91,5,0
91,6,15.7
91,7,157.1666667
91,8,376.5666667
91,9,585.1833333
91,10,716.1333333
91,11,790.25
91,12,847.85
91,13,846.75
91,14,691.25
91,15,596.1833333
91,16,344.7833333
91,17,106.2666667
91,18,29.93333333
91,19,0.133333333
91,20,0
91,21,0
91,22,0
91,23,0
91,24,0
92,1,0
92,2,0
92,3,0
92,4,0
92,5,0
92,6,1.4
92,7,23.35
92,8,56.05
92,9,145.6166667
92,10,127.0166667
92,11,139.6833333
92,12,181.2666667
92,13,161.4666667
92,14,209.0833333
92,15,162.1666667
92,16,142.6166667
92,17,58.11666667
92,18,9.716666667
92,19,0
92,20,0
92,21,0
92,22,0
92,23,0
92,24,0
93,1,0
93,2,0
93,3,0
93,4,0
93,5,0
93,6,11.86666667
93,7,69.48333333
93,8,61.66666667
93,9,49.31666667
93,10,29.95
93,11,31.81666667
93,12,22.16666667
93,13,16.63333333
93,14,20.93333333
93,15,43.75
93,16,112.5166667
93,17,92.01666667
93,18,37.51666667
93,19,1.233333333
93,20,0
93,21,0
93,22,0
93,23,0
93,24,0
94,1,0
94,2,0
94,3,0
94,4,0
94,5,0.133333333
94,6,20
94,7,178.6666667
94,8,398.0333333
94,9,599.2333333
94,10,761.1833333
94,11,861.95
94,12,902.3666667
94,13,885.95
94,14,801.1166667
94,15,657.3833333
94,16,395.6
94,17,191.2833333
94,18,38.7
94,19,0.566666667
94,20,0
94,21,0
94,22,0
94,23,0
94,24,0
95,1,0
95,2,0
95,3,0
95,4,0.05
95,5,0.083333333
95,6,14.38333333
95,7,99.3
95,8,341.9333333
95,9,374.2333333
95,10,653.35
95,11,774.9166667
95,12,841.4
95,13,849.8833333
95,14,756.2333333
95,15,616.6333333
95,16,422.4
95,17,226.8166667
95,18,55.01666667
95,19,0.4
95,20,0
95,21,0
95,22,0
95,23,0
95,24,0
96,1,0
96,2,0
96,3,0
96,4,0
96,5,0.55
96,6,12.48333333
96,7,191.3666667
96,8,267.25
96,9,337.3166667
96,10,449.2833333
96,11,445.6333333
96,12,408.3833333
96,13,392.15
96,14,253.2333333
96,15,70.18333333
96,16,45.55
96,17,31.06666667
96,18,8.616666667
96,19,0.016666667
96,20,0
96,21,0
96,22,0
96,23,0
96,24,0
97,1,0
97,2,0
97,3,0
97,4,0
97,5,0.083333333
97,6,5.35
97,7,42.3
97,8,202.9333333
97,9,494.7
97,10,751.4
97,11,879.35
97,12,930.2666667
97,13,911.4166667
97,14,827.8
97,15,613.3833333
97,16,44.1
97,17,38.95
97,18,48.38333333
97,19,0.683333333
97,20,0
97,21,0
97,22,0
97,23,0
97,24,0
98,1,0
98,2,0
98,3,0
98,4,0
98,5,0
98,6,34.9
98,7,213.65
98,8,440.15
98,9,648.0833333
98,10,815.3166667
98,11,931.9666667
98,12,976.15
98,13,950.55
98,14,859.6166667
98,15,701.7333333
98,16,498.7833333
98,17,276.6333333
98,18,72.68333333
98,19,1
98,20,0
98,21,0
98,22,0
98,23,0
98,24,0
99,1,0
99,2,0
99,3,0
99,4,0
99,5,0
99,6,25.9
99,7,135.9
99,8,302.7
99,9,425.6333333
99,10,567.5666667
99,11,389.0166667
99,12,440.0833333
99,13,308.6166667
99,14,568.9166667
99,15,667.4333333
99,16,480.8833333
99,17,264.7333333
99,18,68.83333333
99,19,1.183333333
99,20,0
99,21,0
99,22,0
99,23,0
99,24,0
100,1,0
100,2,0
100,3,0
100,4,0.016666667
100,5,1
100,6,23.28333333
100,7,122.05
100,8,343.95
100,9,491.9166667
100,10,569.95
100,11,798.25
100,12,703.3333333
100,13,471
100,14,402.3166667
100,15,339.4833333
100,16,338.1333333
100,17,78.08333333
100,18,18.86666667
100,19,0.616666667
100,20,0
100,21,0
100,22,0
100,23,0
100,24,0
101,1,0
101,2,0
101,3,0
101,4,0
101,5,0
101,6,3.133333333
101,7,80.28333333
101,8,189.8333333
101,9,627.55
101,10,808.1
101,11,958.8166667
101,12,975.25
101,13,826.9166667
101,14,222.0166667
101,15,118.6666667
101,16,286.0833333
101,17,314
101,18,68.55
101,19,1.633333333
101,20,0.066666667
101,21,0
101,22,0
101,23,0
101,24,0
102,1,0
102,2,0
102,3,0
102,4,0
102,5,0.083333333
102,6,39.86666667
102,7,217.5666667
102,8,436.85
102,9,642.1
102,10,799.4666667
102,11,909.1666667
102,12,952.8166667
102,13,931.45
102,14,760.0833333
102,15,422.5333333
102,16,371.7
102,17,140.75
102,18,73.93333333
102,19,2.033333333
102,20,0.633333333
102,21,0
102,22,0
102,23,0
102,24,0
103,1,0
103,2,0
103,3,0
103,4,0
103,5,0.133333333
103,6,43.91666667
103,7,229.2333333
103,8,442.3666667
103,9,645.3166667
103,10,808.1666667
103,11,911.15
103,12,953.5666667
103,13,927.5166667
103,14,833.9666667
103,15,689.8666667
103,16,499.1666667
103,17,285.4333333
103,18,84.7
103,19,2.2
103,20,0
103,21,0
103,22,0
103,23,0
103,24,0
104,1,0
104,2,0
104,3,0
104,4,0
104,5,0.15
104,6,35.78333333
104,7,212.8833333
104,8,390.1833333
104,9,503.2333333
104,10,607.1666667
104,11,772.3166667
104,12,843.9333333
104,13,773.8166667
104,14,552.2
104,15,302.5166667
104,16,171.65
104,17,94.01666667
104,18,31.98333333
104,19,0.85
104,20,0
104,21,0
104,22,0
104,23,0
104,24,0
105,1,0
105,2,0
105,3,0
105,4,0
105,5,0.016666667
105,6,32
105,7,181.15
105,8,378.7833333
105,9,494.5333333
105,10,706.0833333
105,11,874.2166667
105,12,915.75
105,13,891
105,14,806.5333333
105,15,635.5666667
105,16,423.25
105,17,169.55
105,18,61.26666667
105,19,1.4
105,20,0
105,21,0
105,22,0
105,23,0
105,24,0
106,1,0
106,2,0
106,3,0
106,4,0.25
106,5,0.983333333
106,6,37.9
106,7,206.1833333
106,8,416.6
106,9,611.7833333
106,10,765.2833333
106,11,790.0166667
106,12,761.6666667
106,13,418.9166667
106,14,396.2333333
106,15,323.3166667
106,16,261.05
106,17,132.7333333
106,18,42.83333333
106,19,1.333333333
106,20,0
106,21,0
106,22,0
106,23,0
106,24,0
107,1,0
107,2,0
107,3,0
107,4,0
107,5,0.016666667
107,6,13.73333333
107,7,79.13333333
107,8,166.5
107,9,414.7333333
107,10,406.7
107,11,424.7666667
107,12,467.7833333
107,13,471.5833333
107,14,396.25
107,15,273.4833333
107,16,212.8833333
107,17,131.8833333
107,18,45.08333333
107,19,2.866666667
107,20,0
107,21,0
107,22,0
107,23,0
107,24,0
108,1,0
108,2,0
108,3,0
108,4,0
108,5,0.2
108,6,44.36666667
108,7,207.9666667
108,8,418.1166667
108,9,550.9833333
108,10,477.5833333
108,11,634.5
108,12,506.05
108,13,851.3833333
108,14,760.3833333
108,15,626.3166667
108,16,444.5666667
108,17,241.1166667
108,18,73.86666667
108,19,2.3
108,20,0
108,21,0
108,22,0
108,23,0
108,24,0
109,1,0
109,2,0
109,3,0
109,4,0
109,5,0
109,6,4.85
109,7,22
109,8,76.71666667
109,9,207.6
109,10,536.8
109,11,393.25
109,12,676.2666667
109,13,916.0666667
109,14,518.0833333
109,15,310.6166667
109,16,248.9333333
109,17,102.5
109,18,17.83333333
109,19,0.516666667
109,20,0
109,21,0
109,22,0
109,23,0
109,24,0
110,1,0
110,2,0
110,3,0
110,4,0
110,5,0.116666667
110,6,8.366666667
110,7,32.81666667
110,8,81.88333333
110,9,120.3833333
110,10,159.6166667
110,11,195.7666667
110,12,179.45
110,13,90.08333333
110,14,101.2666667
110,15,70.25
110,16,62.25
110,17,52.76666667
110,18,8.35
110,19,0.75
110,20,0
110,21,0
110,22,0
110,23,0
110,24,0
111,1,0
111,2,0
111,3,0
111,4,0
111,5,0
111,6,3.75
111,7,21.21666667
111,8,41.75
111,9,60.2
111,10,104.35
111,11,137.4666667
111,12,222.4833333
111,13,182.8
111,14,188.3166667
111,15,173.7333333
111,16,130.5333333
111,17,108.95
111,18,87.13333333
111,19,5.466666667
111,20,0
111,21,0
111,22,0
111,23,0
111,24,0
112,1,0
112,2,0
112,3,0
112,4,0
112,5,0.566666667
112,6,65.88333333
112,7,262.95
112,8,482.35
112,9,681.75
112,10,840.5666667
112,11,934.3333333
112,12,978.2333333
112,13,954.3833333
112,14,758.6333333
112,15,557.6166667
112,16,434.0333333
112,17,311.2166667
112,18,80.78333333
112,19,3.75
112,20,0
112,21,0
112,22,0
112,23,0
112,24,0
113,1,0
113,2,0
113,3,0
113,4,0.016666667
113,5,1.05
113,6,65.16666667
113,7,251.35
113,8,470.25
113,9,669.3333333
113,10,805.85
113,11,829.6166667
113,12,609.9666667
113,13,708.7166667
113,14,514.9666667
113,15,439.0833333
113,16,459.4166667
113,17,178.4833333
113,18,69.28333333
113,19,3.566666667
113,20,0
113,21,0
113,22,0
113,23,0
113,24,0
114,1,0
114,2,0
114,3,0
114,4,0
114,5,0.233333333
114,6,20.23333333
114,7,77.73333333
114,8,234.4
114,9,159.7333333
114,10,72.66666667
114,11,76.3
114,12,98.15
114,13,104.6
114,14,50.25
114,15,47.61666667
114,16,38.21666667
114,17,29.68333333
114,18,9.15
114,19,0.4
114,20,0
114,21,0
114,22,0
114,23,0
114,24,0
115,1,0
115,2,0
115,3,0
115,4,0
115,5,0.4
115,6,55.76666667
115,7,243.7
115,8,443.3333333
115,9,609.3833333
115,10,673.1666667
115,11,841.8
115,12,811.8
115,13,822.1833333
115,14,514.5833333
115,15,527.1
115,16,487.6666667
115,17,314.9666667
115,18,98.66666667
115,19,2.333333333
115,20,0
115,21,0
115,22,0
115,23,0
115,24,0
116,1,0
116,2,0
116,3,0
116,4,0.383333333
116,5,1.283333333
116,6,37.58333333
116,7,197.05
116,8,356.2
116,9,592.25
116,10,738.9666667
116,11,879.05
116,12,956.2333333
116,13,933.4166667
116,14,830.55
116,15,705.1333333
116,16,501.8166667
116,17,207.8166667
116,18,18.86666667
116,19,1.683333333
116,20,1
116,21,0
116,22,0
116,23,0
116,24,0
117,1,0
117,2,0
117,3,0
117,4,0
117,5,1.55
117,6,80.71666667
117,7,271.2833333
117,8,487.5333333
117,9,680.4833333
117,10,831.5666667
117,11,941.55
117,12,989.9666667
117,13,957.1666667
117,14,866.3833333
117,15,718.1
117,16,534.8166667
117,17,333.55
117,18,122.2666667
117,19,6.35
117,20,0
117,21,0
117,22,0
117,23,0
117,24,0
118,1,0
118,2,0
118,3,0
118,4,0
118,5,1.766666667
118,6,79.16666667
118,7,273.65
118,8,486.2666667
118,9,678.0166667
118,10,835.6333333
118,11,947.35
118,12,926.7
118,13,937.45
118,14,870.25
118,15,738.8166667
118,16,555.4333333
118,17,340.5333333
118,18,126.7666667
118,19,6.633333333
118,20,0
118,21,0
118,22,0
118,23,0
118,24,0
119,1,0
119,2,0
119,3,0
119,4,0
119,5,2.316666667
119,6,76.45
119,7,226.3333333
119,8,363.5166667
119,9,702.5
119,10,838.05
119,11,819.4166667
119,12,764.55
119,13,845.4
119,14,607.6
119,15,589.95
119,16,496.1833333
119,17,255.0833333
119,18,94.78333333
119,19,5.55
119,20,0
119,21,0
119,22,0
119,23,0
119,24,0
120,1,0
120,2,0
120,3,0
120,4,0
120,5,1.083333333
120,6,48.35
120,7,139.1166667
120,8,212.1666667
120,9,228.0333333
120,10,132.2
120,11,305.9833333
120,12,447.95
120,13,406.2666667
120,14,201.0166667
120,15,102.1333333
120,16,71.91666667
120,17,43.81666667
120,18,11.4
120,19,0.55
120,20,0
120,21,0
120,22,0
120,23,0
120,24,0
121,1,0
121,2,0
121,3,0
121,4,0
121,5,1.616666667
121,6,9.05
121,7,65.16666667
121,8,126.5666667
121,9,312.9333333
121,10,503.45
121,11,704.4666667
121,12,1004.966667
121,13,852.9333333
121,14,499.7833333
121,15,444.6833333
121,16,451.2833333
121,17,100.45
121,18,26.76666667
121,19,4.966666667
121,20,0.3
121,21,0
121,22,0
121,23,0
121,24,0
122,1,0
122,2,0
122,3,0
122,4,0
122,5,0.216666667
122,6,11.76666667
122,7,51.43333333
122,8,108.0833333
122,9,314.5666667
122,10,362.5166667
122,11,702.2
122,12,893.8333333
122,13,961.35
122,14,877.1333333
122,15,697.7
122,16,566.5
122,17,360.65
122,18,90.96666667
122,19,7.15
122,20,0.75
122,21,0
122,22,0
122,23,0
122,24,0
123,1,0
123,2,0
123,3,0
123,4,0
123,5,1.716666667
123,6,54.2
123,7,177.2333333
123,8,309.95
123,9,627.1666667
123,10,826.8833333
123,11,976.9833333
123,12,1018.866667
123,13,895.2166667
123,14,890.5666667
123,15,760.3833333
123,16,533.55
123,17,326.6333333
123,18,128.9
123,19,9.033333333
123,20,0
123,21,0
123,22,0
123,23,0
123,24,0
124,1,0
124,2,0
124,3,0
124,4,0
124,5,3.633333333
124,6,70.16666667
124,7,266.3333333
124,8,449.85
124,9,569.8666667
124,10,757.65
124,11,944.15
124,12,797.3333333
124,13,667.4666667
124,14,692.75
124,15,656.0666667
124,16,414.15
124,17,314.4333333
124,18,105.1666667
124,19,8.316666667
124,20,0
124,21,0
124,22,0
124,23,0
124,24,0
125,1,0
125,2,0
125,3,0
125,4,0
125,5,3.783333333
125,6,93.46666667
125,7,288.8333333
125,8,498.2833333
125,9,689.0166667
125,10,845.2
125,11,942
125,12,980
125,13,940.5833333
125,14,843.55
125,15,688.3
125,16,512.15
125,17,304.5666667
125,18,115.5166667
125,19,10.18333333
125,20,0
125,21,0
125,22,0
125,23,0
125,24,0
126,1,0
126,2,0
126,3,0
126,4,0
126,5,3.566666667
126,6,82.08333333
126,7,272.9166667
126,8,485.35
126,9,670.5666667
126,10,757.1833333
126,11,894.1166667
126,12,954.9333333
126,13,931.9833333
126,14,847.7166667
126,15,589.5333333
126,16,431.5
126,17,247.1333333
126,18,46.23333333
126,19,11.66666667
126,20,0
126,21,0
126,22,0
126,23,0
126,24,0
127,1,0
127,2,0
127,3,0
127,4,0
127,5,5.35
127,6,107.0666667
127,7,306.6833333
127,8,516.2333333
127,9,711.5666667
127,10,715.7666667
127,11,484.6
127,12,973.5
127,13,802.85
127,14,517.5666667
127,15,194.1333333
127,16,173.1333333
127,17,90.38333333
127,18,78.03333333
127,19,14.9
127,20,0
127,21,0
127,22,0
127,23,0
127,24,0
128,1,0
128,2,0
128,3,0
128,4,0
128,5,6.783333333
128,6,116.9666667
128,7,317.9666667
128,8,511.3
128,9,698.2166667
128,10,850.05
128,11,944.5166667
128,12,971.6166667
128,13,946.6
128,14,856.8166667
128,15,718.0833333
128,16,533.85
128,17,319.4166667
128,18,125.5833333
128,19,10.4
128,20,0
128,21,0
128,22,0
128,23,0
128,24,0
129,1,0
129,2,0
129,3,0
129,4,0
129,5,4.766666667
129,6,92.2
129,7,274.8
129,8,475.7166667
129,9,670.45
129,10,801.55
129,11,897.0833333
129,12,946.4166667
129,13,916.3333333
129,14,831.3
129,15,707.5333333
129,16,527.2333333
129,17,318.8
129,18,126.8333333
129,19,12.7
129,20,0
129,21,0
129,22,0
129,23,0
129,24,0
130,1,0
130,2,0
130,3,0
130,4,0
130,5,9.35
130,6,103.6666667
130,7,270.9833333
130,8,469.9166667
130,9,594.0333333
130,10,811.4166667
130,11,913.95
130,12,909.2
130,13,699.2333333
130,14,698.75
130,15,520.9666667
130,16,314.75
130,17,140.2
130,18,31.01666667
130,19,6.866666667
130,20,0.733333333
130,21,0.233333333
130,22,0
130,23,0
130,24,0
131,1,0
131,2,0
131,3,0
131,4,0
131,5,3.383333333
131,6,48.56666667
131,7,141.2333333
131,8,179.4
131,9,72.1
131,10,121.3166667
131,11,125.3666667
131,12,119.1333333
131,13,141.0833333
131,14,92.03333333
131,15,61.35
131,16,40
131,17,23.26666667
131,18,8.933333333
131,19,0.733333333
131,20,0
131,21,0
131,22,0
131,23,0
131,24,0
132,1,0
132,2,0
132,3,0
132,4,0
132,5,1.25
132,6,27.35
132,7,148.1166667
132,8,415.3166667
132,9,659.9666667
132,10,840.2666667
132,11,604.65
132,12,654.0666667
132,13,1079.366667
132,14,942.7333333
132,15,629.8166667
132,16,511.1666667
132,17,234.05
132,18,59.53333333
132,19,4.733333333
132,20,0
132,21,0
132,22,0
132,23,0
132,24,0
133,1,0
133,2,0
133,3,0
133,4,0
133,5,0.883333333
133,6,12.45
133,7,42.11666667
133,8,87.98333333
133,9,103.5
133,10,235.9
133,11,533.35
133,12,685.45
133,13,774.25
133,14,759.7666667
133,15,592.9
133,16,546.55
133,17,331
133,18,107.7
133,19,11.11666667
133,20,0
133,21,0
133,22,0
133,23,0
133,24,0
134,1,0
134,2,0
134,3,0
134,4,0
134,5,6.233333333
134,6,93.26666667
134,7,274.1333333
134,8,487.05
134,9,682.5833333
134,10,824.95
134,11,917.9
134,12,950.8
134,13,938.55
134,14,857.4333333
134,15,700.8
134,16,485.2833333
134,17,256.15
134,18,126.5333333
134,19,16.83333333
134,20,0
134,21,0
134,22,0
134,23,0
134,24,0
135,1,0
135,2,0
135,3,0
135,4,0
135,5,4.233333333
135,6,47.35
135,7,147.2333333
135,8,235.1
135,9,433.6833333
135,10,791.6166667
135,11,763.15
135,12,816.5333333
135,13,830.15
135,14,679.2166667
135,15,527.9
135,16,449.2333333
135,17,344.1833333
135,18,145.5166667
135,19,16.28333333
135,20,0
135,21,0
135,22,0
135,23,0
135,24,0
136,1,0
136,2,0
136,3,0
136,4,0
136,5,11.18333333
136,6,102.9666667
136,7,224.9666667
136,8,273.0833333
136,9,513.85
136,10,777.1666667
136,11,912.45
136,12,929.3
136,13,932.45
136,14,871.6666667
136,15,688.0333333
136,16,306.6666667
136,17,47.36666667
136,18,13.83333333
136,19,2.933333333
136,20,0
136,21,0
136,22,0
136,23,0
136,24,0
137,1,0
137,2,0
137,3,0
137,4,0
137,5,4.583333333
137,6,114.4833333
137,7,324.1
137,8,540.85
137,9,734.8833333
137,10,878.2166667
137,11,966.8333333
137,12,1002.883333
137,13,975.8666667
137,14,891.8833333
137,15,750.3166667
137,16,573.7333333
137,17,368.2
137,18,158.9333333
137,19,18.73333333
137,20,0
137,21,0
137,22,0
137,23,0
137,24,0
138,1,0
138,2,0
138,3,0
138,4,0
138,5,4.05
138,6,44.25
138,7,110.2833333
138,8,357.1
138,9,578.8166667
138,10,666.5166667
138,11,742.5333333
138,12,794.6
138,13,878.4
138,14,797.4
138,15,705.3333333
138,16,548.8
138,17,320.7333333
138,18,102.6666667
138,19,13.25
138,20,0
138,21,0
138,22,0
138,23,0
138,24,0
139,1,0
139,2,0
139,3,0
139,4,0
139,5,11.71666667
139,6,124.2166667
139,7,293.3833333
139,8,478.8333333
139,9,493.75
139,10,800.7833333
139,11,979.0833333
139,12,977.2166667
139,13,836.4166667
139,14,773.2333333
139,15,498.6333333
139,16,329.4333333
139,17,142.0833333
139,18,35.3
139,19,3.35
139,20,0
139,21,0
139,22,0
139,23,0
139,24,0
140,1,0
140,2,0
140,3,0
140,4,0
140,5,3.883333333
140,6,58.7
140,7,166.35
140,8,132.6
140,9,176.6666667
140,10,177.1
140,11,176.5666667
140,12,210.25
140,13,78.21666667
140,14,138.3833333
140,15,135.3666667
140,16,153.0333333
140,17,103.2166667
140,18,15.58333333
140,19,2.183333333
140,20,0
140,21,0
140,22,0
140,23,0
140,24,0
141,1,0
141,2,0
141,3,0
141,4,0
141,5,1.133333333
141,6,46.21666667
141,7,149.8
141,8,350.15
141,9,522.6
141,10,705.4833333
141,11,760.4833333
141,12,703
141,13,736.0833333
141,14,784.15
141,15,734.85
141,16,553.8333333
141,17,348.6
141,18,147.1333333
141,19,18.65
141,20,0
141,21,0
141,22,0
141,23,0
141,24,0
142,1,0
142,2,0
142,3,0
142,4,0
142,5,8.05
142,6,94.35
142,7,152.0166667
142,8,449.2166667
142,9,584.25
142,10,817.7833333
142,11,914.5333333
142,12,942.2666667
142,13,920.1833333
142,14,835.0833333
142,15,698.7
142,16,517.25
142,17,301.5166667
142,18,136.75
142,19,19.36666667
142,20,0
142,21,0
142,22,0
142,23,0
142,24,0
143,1,0
143,2,0
143,3,0
143,4,0
143,5,8.783333333
143,6,94.03333333
143,7,180.15
143,8,496.55
143,9,687.5
143,10,826.9
143,11,918.3833333
143,12,982.8166667
143,13,961.8666667
143,14,881.5833333
143,15,733.9333333
143,16,548.1833333
143,17,351.5333333
143,18,114.1
143,19,13.38333333
143,20,0
143,21,0
143,22,0
143,23,0
143,24,0
144,1,0
144,2,0
144,3,0
144,4,0
144,5,14.31666667
144,6,137.6
144,7,335.6833333
144,8,536.85
144,9,716.3833333
144,10,860.7166667
144,11,956.95
144,12,991.8333333
144,13,973.8666667
144,14,889.6166667
144,15,750.95
144,16,552.5
144,17,377.5666667
144,18,153.6333333
144,19,23.2
144,20,0
144,21,0
144,22,0
144,23,0
144,24,0
145,1,0
145,2,0
145,3,0
145,4,0
145,5,12.41666667
145,6,87.53333333
145,7,182.7
145,8,398.4
145,9,654.3666667
145,10,839.95
145,11,789.4666667
145,12,890.2333333
145,13,901.8
145,14,853.95
145,15,727.6833333
145,16,537.1666667
145,17,330.3333333
145,18,140.45
145,19,15.71666667
145,20,0.483333333
145,21,0
145,22,0
145,23,0
145,24,0
146,1,0
146,2,0
146,3,0
146,4,0
146,5,4.55
146,6,36.73333333
146,7,156.9333333
146,8,265.9333333
146,9,308.7833333
146,10,647.9333333
146,11,346.3333333
146,12,608.1
146,13,618.2666667
146,14,805.85
146,15,555.7333333
146,16,335
146,17,252.75
146,18,75.28333333
146,19,17.13333333
146,20,0.016666667
146,21,0
146,22,0
146,23,0
146,24,0
147,1,0
147,2,0
147,3,0
147,4,0
147,5,11.88333333
147,6,62.61666667
147,7,162.0333333
147,8,421.4333333
147,9,560.2166667
147,10,574.7
147,11,708.8333333
147,12,852.4833333
147,13,864.95
147,14,674.2666667
147,15,681.3166667
147,16,385.8166667
147,17,189.7666667
147,18,98.08333333
147,19,14.65
147,20,0
147,21,0
147,22,0
147,23,0
147,24,0
148,1,0
148,2,0
148,3,0
148,4,0
148,5,12.85
148,6,94.21666667
148,7,262.35
148,8,444.5833333
148,9,597
148,10,717.3333333
148,11,750.1
148,12,646.0333333
148,13,409.5
148,14,552.0666667
148,15,440.25
148,16,309.4
148,17,175.3
148,18,97.9
148,19,9.633333333
148,20,0
148,21,0
148,22,0
148,23,0
148,24,0
149,1,0
149,2,0
149,3,0
149,4,0
149,5,3.3
149,6,26.56666667
149,7,80.01666667
149,8,134.6666667
149,9,247.4833333
149,10,574.9333333
149,11,486.9166667
149,12,605.55
149,13,270.7833333
149,14,197.9166667
149,15,123.3666667
149,16,93.85
149,17,48.28333333
149,18,37.88333333
149,19,4.133333333
149,20,0
149,21,0
149,22,0
149,23,0
149,24,0
150,1,0
150,2,0
150,3,0
150,4,0
150,5,1.966666667
150,6,19.95
150,7,76.93333333
150,8,65.3
150,9,83.35
150,10,129.3333333
150,11,137.3833333
150,12,158.7833333
150,13,133.7333333
150,14,107.7333333
150,15,71.26666667
150,16,34.25
150,17,13.76666667
150,18,9.55
150,19,1.233333333
150,20,0.25
150,21,0.233333333
150,22,0
150,23,0
150,24,0
151,1,0
151,2,0
151,3,0
151,4,0.016666667
151,5,2.466666667
151,6,77.7
151,7,335.8333333
151,8,536.5833333
151,9,727.8166667
151,10,874.7666667
151,11,968.05
151,12,987.05
151,13,983.8166667
151,14,903.15
151,15,762.4
151,16,587.6
151,17,387.95
151,18,176.25
151,19,33.33333333
151,20,0.183333333
151,21,0
151,22,0
151,23,0
151,24,0
152,1,0
152,2,0
152,3,0
152,4,0
152,5,16.28333333
152,6,151.1
152,7,350.6
152,8,561.0166667
152,9,748.25
152,10,837.65
152,11,894.4666667
152,12,825.1333333
152,13,625.0666667
152,14,483.4666667
152,15,487.3833333
152,16,348.3833333
152,17,184.7
152,18,55.21666667
152,19,16.71666667
152,20,0.933333333
152,21,0.45
152,22,0
152,23,0
152,24,0
153,1,0
153,2,0
153,3,0
153,4,0
153,5,4.366666667
153,6,62.58333333
153,7,202.3666667
153,8,328.6666667
153,9,546.5166667
153,10,724.05
153,11,889.8166667
153,12,911.1666667
153,13,971.55
153,14,896.3666667
153,15,764.6166667
153,16,523.5166667
153,17,363.65
153,18,148.8
153,19,24.45
153,20,0.05
153,21,0
153,22,0
153,23,0
153,24,0
154,1,0
154,2,0
154,3,0
154,4,0
154,5,17.65
154,6,99.85
154,7,208.4333333
154,8,341.25
154,9,427.6666667
154,10,733.65
154,11,933.9666667
154,12,982.8833333
154,13,947.55
154,14,874.8333333
154,15,757.05
154,16,588.3666667
154,17,301.1666667
154,18,158.6666667
154,19,18.93333333
154,20,0.083333333
154,21,0
154,22,0
154,23,0
154,24,0
155,1,0
155,2,0
155,3,0
155,4,0
155,5,14.95
155,6,93.88333333
155,7,193.4
155,8,468.9
155,9,711.0666667
155,10,856.2666667
155,11,944.5666667
155,12,976.8666667
155,13,963.8666667
155,14,881.7
155,15,740.2833333
155,16,560.75
155,17,364.7
155,18,171.9166667
155,19,27.31666667
155,20,0.116666667
155,21,0
155,22,0
155,23,0
155,24,0
156,1,0
156,2,0
156,3,0
156,4,0
156,5,11.76666667
156,6,90.25
156,7,223.8333333
156,8,318.2833333
156,9,599.6166667
156,10,616.9166667
156,11,784.5166667
156,12,924.2333333
156,13,904.5666667
156,14,851.8166667
156,15,700.5166667
156,16,568.8
156,17,361.4833333
156,18,170.1
156,19,37.28333333
156,20,0.116666667
156,21,0
156,22,0
156,23,0
156,24,0
157,1,0
157,2,0
157,3,0
157,4,0
157,5,12.05
157,6,99.75
157,7,233.0333333
157,8,371.4833333
157,9,536.3
157,10,594.9833333
157,11,663.6833333
157,12,640.2
157,13,453.5833333
157,14,407.1166667
157,15,361.6333333
157,16,255.6166667
157,17,154.9833333
157,18,75.35
157,19,11.78333333
157,20,0.083333333
157,21,0
157,22,0
157,23,0
157,24,0
158,1,0
158,2,0
158,3,0
158,4,0
158,5,5.233333333
158,6,57.95
158,7,107.8833333
158,8,177.1333333
158,9,318.2166667
158,10,591.0333333
158,11,597.9333333
158,12,580.8666667
158,13,552.9333333
158,14,654.5
158,15,647.8333333
158,16,425.1
158,17,287.9666667
158,18,154.0166667
158,19,17.95
158,20,0.033333333
158,21,0
158,22,0
158,23,0
158,24,0
159,1,0
159,2,0
159,3,0
159,4,0
159,5,5.25
159,6,67.7
159,7,103.4333333
159,8,161.7166667
159,9,187.0833333
159,10,346.1666667
159,11,870.4
159,12,716.4
159,13,957.7
159,14,881.15
159,15,736.4333333
159,16,427.0166667
159,17,228
159,18,86.46666667
159,19,21.7
159,20,0.183333333
159,21,0
159,22,0
159,23,0
159,24,0
160,1,0
160,2,0
160,3,0
160,4,0
160,5,16.05
160,6,131.95
160,7,327.4333333
160,8,521.6333333
160,9,707.05
160,10,865.0666667
160,11,875.9333333
160,12,679.7166667
160,13,803.75
160,14,845.1833333
160,15,650.1833333
160,16,364.1833333
160,17,212.3833333
160,18,100.05
160,19,19.38333333
160,20,0.2
160,21,0
160,22,0
160,23,0
160,24,0
161,1,0
161,2,0
161,3,0
161,4,0
161,5,3.45
161,6,55.9
161,7,123.9833333
161,8,296.8666667
161,9,444.2666667
161,10,504.2833333
161,11,662.7166667
161,12,744.9166667
161,13,592.35
161,14,353.4666667
161,15,266.85
161,16,234.3666667
161,17,136.5166667
161,18,55.1
161,19,12.35
161,20,0.166666667
161,21,0
161,22,0
161,23,0
161,24,0
162,1,0
162,2,0
162,3,0
162,4,0
162,5,14.85
162,6,79.21666667
162,7,119.4833333
162,8,81.81666667
162,9,280.1333333
162,10,419.8666667
162,11,246.1
162,12,268.15
162,13,317.6166667
162,14,377.3333333
162,15,453.7
162,16,191.0666667
162,17,81.38333333
162,18,31.63333333
162,19,10.81666667
162,20,0.583333333
162,21,0
162,22,0
162,23,0
162,24,0
163,1,0
163,2,0
163,3,0
163,4,0
163,5,1.75
163,6,17.91666667
163,7,33.85
163,8,88.7
163,9,95.3
163,10,144.2
163,11,539.75
163,12,180.5
163,13,447.7
163,14,525.1666667
163,15,356.8833333
163,16,221.5833333
163,17,185.6833333
163,18,49.23333333
163,19,13.81666667
163,20,0.2
163,21,0
163,22,0
163,23,0
163,24,0
164,1,0
164,2,0
164,3,0
164,4,0
164,5,3.383333333
164,6,37.21666667
164,7,76.91666667
164,8,105.75
164,9,244.8833333
164,10,242.5166667
164,11,256.2166667
164,12,252.2166667
164,13,171.1833333
164,14,119
164,15,195.4333333
164,16,127.0166667
164,17,87.81666667
164,18,37.61666667
164,19,12.61666667
164,20,0.65
164,21,0
164,22,0
164,23,0
164,24,0
165,1,0
165,2,0
165,3,0
165,4,0
165,5,10.08333333
165,6,40.78333333
165,7,106.0333333
165,8,209.5
165,9,171.0333333
165,10,298.9166667
165,11,367.0666667
165,12,414.6833333
165,13,753.0833333
165,14,639.25
165,15,556.9833333
165,16,403.9833333
165,17,271.0833333
165,18,96.7
165,19,15.38333333
165,20,0.15
165,21,0
165,22,0
165,23,0
165,24,0
166,1,0
166,2,0
166,3,0
166,4,0
166,5,8.9
166,6,115.3666667
166,7,246.45
166,8,308.5166667
166,9,389.85
166,10,427.55
166,11,258.2
166,12,107.9333333
166,13,176.7666667
166,14,394.25
166,15,333.85
166,16,459.75
166,17,240.3666667
166,18,57.88333333
166,19,19.41666667
166,20,1.05
166,21,0.583333333
166,22,0
166,23,0
166,24,0
167,1,0
167,2,0
167,3,0
167,4,0
167,5,1.733333333
167,6,11.18333333
167,7,36.01666667
167,8,105.8333333
167,9,118.5833333
167,10,276.7833333
167,11,249.8833333
167,12,172.65
167,13,287.1833333
167,14,235.8166667
167,15,356.3333333
167,16,227.3166667
167,17,115.15
167,18,138.0666667
167,19,50.81666667
167,20,0.25
167,21,0
167,22,0
167,23,0
167,24,0
168,1,0
168,2,0
168,3,0
168,4,0
168,5,17.18333333
168,6,59.78333333
168,7,128.0166667
168,8,200
168,9,271.1833333
168,10,642.1833333
168,11,636.5
168,12,525.0666667
168,13,862.5333333
168,14,861.7166667
168,15,731.4666667
168,16,334.7333333
168,17,259.9833333
168,18,170.6166667
168,19,34.3
168,20,0.116666667
168,21,0
168,22,0
168,23,0
168,24,0
169,1,0
169,2,0
169,3,0
169,4,0
169,5,6.366666667
169,6,46
169,7,124.9833333
169,8,272.95
169,9,424.1833333
169,10,713.0833333
169,11,766.15
169,12,729.6666667
169,13,492.2
169,14,293
169,15,290.75
169,16,196.2166667
169,17,23.63333333
169,18,11.41666667
169,19,10.38333333
169,20,0.633333333
169,21,0.3
169,22,0
169,23,0
169,24,0
170,1,0
170,2,0
170,3,0
170,4,0
170,5,2.266666667
170,6,19.06666667
170,7,86.13333333
170,8,167.3833333
170,9,91.1
170,10,80.23333333
170,11,131.6833333
170,12,85.68333333
170,13,124.1
170,14,217.5833333
170,15,107.2333333
170,16,58.96666667
170,17,50.5
170,18,53.05
170,19,2.55
170,20,0
170,21,0.266666667
170,22,0
170,23,0
170,24,0
171,1,0
171,2,0
171,3,0
171,4,0
171,5,0.683333333
171,6,14.51666667
171,7,23.56666667
171,8,45.78333333
171,9,76.28333333
171,10,34.55
171,11,54.76666667
171,12,51.8
171,13,151.9333333
171,14,132.4333333
171,15,78.16666667
171,16,64.75
171,17,33.43333333
171,18,19.7
171,19,7.416666667
171,20,0.033333333
171,21,0
171,22,0
171,23,0
171,24,0
172,1,0
172,2,0
172,3,0
172,4,0
172,5,2.1
172,6,32.08333333
172,7,96.53333333
172,8,174.0833333
172,9,169.1333333
172,10,169.8333333
172,11,208.5666667
172,12,233.0166667
172,13,220.9833333
172,14,178.7833333
172,15,143.4666667
172,16,118.1166667
172,17,49.61666667
172,18,15.8
172,19,3
172,20,0
172,21,0
172,22,0
172,23,0
172,24,0
173,1,0
173,2,0
173,3,0
173,4,0
173,5,5.75
173,6,44.38333333
173,7,109.5
173,8,356.2833333
173,9,531.1166667
173,10,448.9333333
173,11,661.9833333
173,12,700.55
173,13,633.5333333
173,14,439.95
173,15,76.03333333
173,16,87.35
173,17,37.18333333
173,18,51.71666667
173,19,14.13333333
173,20,0.266666667
173,21,0
173,22,0
173,23,0
173,24,0
174,1,0
174,2,0
174,3,0
174,4,0
174,5,17.6
174,6,137.5166667
174,7,223.4666667
174,8,502.8166667
174,9,550.1
174,10,713.3
174,11,668.5833333
174,12,1011.366667
174,13,845.1333333
174,14,773.7333333
174,15,549.6333333
174,16,415.2166667
174,17,197.0833333
174,18,94.06666667
174,19,21.6
174,20,0.133333333
174,21,0
174,22,0
174,23,0
174,24,0
175,1,0
175,2,0
175,3,0.133333333
175,4,1
175,5,3.083333333
175,6,15.56666667
175,7,17.46666667
175,8,24.9
175,9,32.88333333
175,10,75.43333333
175,11,272.5166667
175,12,460.5
175,13,511.9833333
175,14,450.7833333
175,15,699.65
175,16,407.8166667
175,17,327.55
175,18,191.4166667
175,19,40.1
175,20,0.316666667
175,21,0
175,22,0
175,23,0
175,24,0
176,1,0
176,2,0
176,3,0.016666667
176,4,0.783333333
176,5,10.65
176,6,60.81666667
176,7,192.4833333
176,8,471.8
176,9,507.8
176,10,798.3
176,11,966.9333333
176,12,1008.3
176,13,968.6333333
176,14,888.7333333
176,15,729.6166667
176,16,317.6166667
176,17,137.8
176,18,130.1
176,19,48.38333333
176,20,0.433333333
176,21,0
176,22,0
176,23,0
176,24,0
177,1,0
177,2,0
177,3,0.066666667
177,4,0.533333333
177,5,5.65
177,6,35
177,7,118.2166667
177,8,167.8666667
177,9,121.1333333
177,10,187.9333333
177,11,184.9833333
177,12,109.9166667
177,13,82.65
177,14,58.11666667
177,15,51.23333333
177,16,57.56666667
177,17,44.55
177,18,23.4
177,19,4.333333333
177,20,0.366666667
177,21,0
177,22,0
177,23,0
177,24,0
178,1,0
178,2,0
178,3,0
178,4,0
178,5,6.35
178,6,53.15
178,7,150.7166667
178,8,426.6
178,9,466.1
178,10,734.4166667
178,11,852.15
178,12,896.5166667
178,13,901.8666667
178,14,895.1666667
178,15,780.1833333
178,16,613.95
178,17,421.6
178,18,185.25
178,19,55.9
178,20,0.266666667
178,21,0
178,22,0
178,23,0
178,24,0
179,1,0
179,2,0
179,3,0
179,4,0
179,5,12.7
179,6,94.28333333
179,7,212.7
179,8,286.4666667
179,9,344.55
179,10,615.95
179,11,604.3166667
179,12,675.6333333
179,13,534.6166667
179,14,583.4166667
179,15,705.85
179,16,359.9333333
179,17,284.4166667
179,18,104.0833333
179,19,20.95
179,20,0.283333333
179,21,0
179,22,0
179,23,0
179,24,0
180,1,0
180,2,0
180,3,0
180,4,0
180,5,5.583333333
180,6,60.5
180,7,182.8166667
180,8,275.1666667
180,9,305.1166667
180,10,326.55
180,11,438.1
180,12,716.5833333
180,13,981.3666667
180,14,872.3
180,15,730.4333333
180,16,584.9
180,17,394.45
180,18,125.1666667
180,19,22.75
180,20,0.3
180,21,0
180,22,0
180,23,0
180,24,0
181,1,0
181,2,0
181,3,0
181,4,0
181,5,6.25
181,6,52.11666667
181,7,79.98333333
181,8,104.9
181,9,228.5666667
181,10,460.1166667
181,11,669.4833333
181,12,371.0166667
181,13,607.9666667
181,14,613.0166667
181,15,492.4333333
181,16,329.9833333
181,17,294.3833333
181,18,142.3666667
181,19,31.21666667
181,20,0.233333333
181,21,0
181,22,0
181,23,0
181,24,0
182,1,0
182,2,0
182,3,0
182,4,0
182,5,6.05
182,6,39.56666667
182,7,186.4666667
182,8,323.9666667
182,9,378.1
182,10,553
182,11,490.7
182,12,433.3333333
182,13,518.55
182,14,202.4666667
182,15,225.8833333
182,16,137.65
182,17,129.9666667
182,18,90.41666667
182,19,34.7
182,20,0.616666667
182,21,0
182,22,0
182,23,0
182,24,0
183,1,0
183,2,0
183,3,0
183,4,0
183,5,8.25
183,6,122.6666667
183,7,344.1833333
183,8,458.0166667
183,9,581.25
183,10,835.0666667
183,11,728.45
183,12,669.7666667
183,13,820.2
183,14,522.5166667
183,15,514.25
183,16,323.3166667
183,17,379.5
183,18,198.25
183,19,35.41666667
183,20,0.216666667
183,21,0
183,22,0
183,23,0
183,24,0
184,1,0
184,2,0
184,3,0
184,4,0
184,5,4.716666667
184,6,37.21666667
184,7,69.05
184,8,207.8833333
184,9,395.8666667
184,10,365.2833333
184,11,606.1333333
184,12,504.3833333
184,13,897.2166667
184,14,446.35
184,15,152.6333333
184,16,157.3166667
184,17,86.15
184,18,35.08333333
184,19,5.366666667
184,20,0
184,21,0
184,22,0
184,23,0
184,24,0
185,1,0
185,2,0
185,3,0
185,4,0
185,5,1.05
185,6,22.35
185,7,50.78333333
185,8,65.88333333
185,9,211.65
185,10,196.1
185,11,146.35
185,12,97.36666667
185,13,252.5166667
185,14,255.5333333
185,15,190.7833333
185,16,184.4
185,17,236.55
185,18,81.68333333
185,19,15.08333333
185,20,0.066666667
185,21,0
185,22,0
185,23,0
185,24,0
186,1,0
186,2,0
186,3,0
186,4,0
186,5,2.583333333
186,6,23.9
186,7,80.2
186,8,141.3333333
186,9,233.2
186,10,222.6
186,11,216.8833333
186,12,212.1333333
186,13,269.9333333
186,14,253.7333333
186,15,306.8833333
186,16,281.7666667
186,17,211.6666667
186,18,106.8333333
186,19,35.51666667
186,20,0.25
186,21,0
186,22,0
186,23,0
186,24,0
187,1,0
187,2,0
187,3,0
187,4,0
187,5,8.083333333
187,6,81.66666667
187,7,188.75
187,8,361.9333333
187,9,551.6333333
187,10,595.75
187,11,539.6833333
187,12,465.4166667
187,13,668.1333333
187,14,937.7166667
187,15,700.7333333
187,16,534.9166667
187,17,285.75
187,18,189.3166667
187,19,17.51666667
187,20,0.15
187,21,0
187,22,0
187,23,0
187,24,0
188,1,0
188,2,0
188,3,0
188,4,0
188,5,8.633333333
188,6,94.58333333
188,7,292.85
188,8,494.6166667
188,9,679.9166667
188,10,820.4333333
188,11,827.1833333
188,12,912.05
188,13,751.2333333
188,14,458.7666667
188,15,518.9666667
188,16,463.5333333
188,17,378.8833333
188,18,96.46666667
188,19,61.61666667
188,20,0.133333333
188,21,0
188,22,0
188,23,0
188,24,0
189,1,0
189,2,0
189,3,0
189,4,0
189,5,8.933333333
189,6,110.1166667
189,7,266.1333333
189,8,477.3666667
189,9,659.9833333
189,10,807.2
189,11,869.1333333
189,12,959.9666667
189,13,904.7666667
189,14,838.9833333
189,15,700.6833333
189,16,564.55
189,17,236.7333333
189,18,15.03333333
189,19,9.083333333
189,20,0.416666667
189,21,0
189,22,0
189,23,0
189,24,0
190,1,0
190,2,0
190,3,0
190,4,0
190,5,8.616666667
190,6,110.3333333
190,7,292.1666667
190,8,487.6
190,9,668.7
190,10,813.4333333
190,11,917.3666667
190,12,954.3333333
190,13,947.2333333
190,14,841.45
190,15,758.95
190,16,590.1333333
190,17,366.6833333
190,18,120.2666667
190,19,12.65
190,20,0.4
190,21,0
190,22,0
190,23,0
190,24,0
191,1,0
191,2,0
191,3,0
191,4,0
191,5,6.366666667
191,6,81.78333333
191,7,234.6666667
191,8,463.8333333
191,9,624.15
191,10,778.75
191,11,880.6833333
191,12,875.3166667
191,13,839.7
191,14,764.75
191,15,683.9666667
191,16,421.1
191,17,222.1666667
191,18,22.88333333
191,19,31.68333333
191,20,0.45
191,21,0
191,22,0
191,23,0
191,24,0
192,1,0
192,2,0
192,3,0
192,4,0
192,5,6.216666667
192,6,70.75
192,7,192.25
192,8,438.9
192,9,515.6666667
192,10,798.2166667
192,11,891.3
192,12,934.0833333
192,13,917.5
192,14,845.6833333
192,15,716.15
192,16,504.3166667
192,17,359.2333333
192,18,146.0333333
192,19,23.43333333
192,20,0.05
192,21,0
192,22,0
192,23,0
192,24,0
193,1,0
193,2,0
193,3,0
193,4,0
193,5,6.45
193,6,91.4
193,7,279.4666667
193,8,467.2333333
193,9,599.6166667
193,10,781.1
193,11,748.85
193,12,868.3333333
193,13,669.6333333
193,14,553.9
193,15,490.2666667
193,16,574.2333333
193,17,249.8666667
193,18,221.7166667
193,19,25.31666667
193,20,0.05
193,21,0
193,22,0
193,23,0
193,24,0
194,1,0
194,2,0
194,3,0
194,4,0
194,5,4.283333333
194,6,70.38333333
194,7,231.9
194,8,328.1833333
194,9,520.0333333
194,10,572.3666667
194,11,542.7166667
194,12,488.0333333
194,13,306.6166667
194,14,290.25
194,15,204.5333333
194,16,234.2833333
194,17,153.2
194,18,73.46666667
194,19,13.28333333
194,20,0.016666667
194,21,0
194,22,0
194,23,0
194,24,0
195,1,0
195,2,0
195,3,0
195,4,0
195,5,4.966666667
195,6,68.2
195,7,228.45
195,8,289.4833333
195,9,445.8833333
195,10,511.8666667
195,11,608.0833333
195,12,837.2666667
195,13,741.2666667
195,14,513.55
195,15,526.7333333
195,16,491.1833333
195,17,377.9666667
195,18,185.35
195,19,28.75
195,20,0.15
195,21,0
195,22,0
195,23,0
195,24,0
196,1,0
196,2,0
196,3,0
196,4,0
196,5,2.4
196,6,50.6
196,7,138.2666667
196,8,244.7833333
196,9,538.8333333
196,10,637.3666667
196,11,922.9166667
196,12,900.9166667
196,13,718.1
196,14,645.2166667
196,15,495.8
196,16,380.3333333
196,17,337.3666667
196,18,202.3666667
196,19,22.7
196,20,0.15
196,21,0
196,22,0
196,23,0
196,24,0
197,1,0
197,2,0
197,3,0.016666667
197,4,0
197,5,6.35
197,6,47.48333333
197,7,292.35
197,8,427.8
197,9,568.6833333
197,10,616.95
197,11,600.2833333
197,12,750.7333333
197,13,923.8833333
197,14,886.4333333
197,15,762.5166667
197,16,449.6333333
197,17,260.05
197,18,100.6666667
197,19,15.55
197,20,0.083333333
197,21,0.016666667
197,22,0
197,23,0
197,24,0
198,1,0
198,2,0
198,3,0
198,4,0
198,5,2.35
198,6,33.38333333
198,7,88.31666667
198,8,197.65
198,9,175.6333333
198,10,294.6833333
198,11,451.7166667
198,12,371.35
198,13,408.4166667
198,14,546.4
198,15,693.85
198,16,240.35
198,17,58.06666667
198,18,19.1
198,19,2.816666667
198,20,0
198,21,0
198,22,0
198,23,0
198,24,0
199,1,0
199,2,0
199,3,0
199,4,0
199,5,0.983333333
199,6,9.1
199,7,25.46666667
199,8,71.8
199,9,301.15
199,10,493.5
199,11,628.5666667
199,12,855.5333333
199,13,961.05
199,14,845.2833333
199,15,694.8166667
199,16,504.65
199,17,235.5666667
199,18,143.65
199,19,20.35
199,20,0.15
199,21,0
199,22,0
199,23,0
199,24,0
200,1,0
200,2,0
200,3,0
200,4,0
200,5,5.483333333
200,6,110.7333333
200,7,306.25
200,8,511.7
200,9,671.8333333
200,10,851.1166667
200,11,755.6666667
200,12,724.6666667
200,13,619.4833333
200,14,543.7
200,15,655.2
200,16,557.3166667
200,17,292.4
200,18,116.65
200,19,32.25
200,20,0.216666667
200,21,0
200,22,0
200,23,0
200,24,0
201,1,0
201,2,0
201,3,0
201,4,0
201,5,3.316666667
201,6,81.98333333
201,7,219.9
201,8,325.2166667
201,9,618.55
201,10,638.7666667
201,11,719.3833333
201,12,768.9166667
201,13,678.5666667
201,14,551.0166667
201,15,479.8
201,16,392.9666667
201,17,373.8833333
201,18,195.0166667
201,19,38.85
201,20,0.066666667
201,21,0
201,22,0
201,23,0
201,24,0
202,1,0
202,2,0
202,3,0
202,4,0
202,5,2.933333333
202,6,54.11666667
202,7,219
202,8,260.9333333
202,9,318.1166667
202,10,328.3666667
202,11,748.1
202,12,674.7333333
202,13,796.5
202,14,784.7
202,15,581.9333333
202,16,411.3833333
202,17,473.2166667
202,18,184.1833333
202,19,33.68333333
202,20,0.116666667
202,21,0
202,22,0
202,23,0
202,24,0
203,1,0
203,2,0
203,3,0
203,4,0
203,5,1.933333333
203,6,31.61666667
203,7,105.8166667
203,8,208.5333333
203,9,505.05
203,10,785.6666667
203,11,722.3833333
203,12,850.2333333
203,13,820
203,14,530.2
203,15,399.0833333
203,16,588.2833333
203,17,384.3833333
203,18,110.2
203,19,18.85
203,20,0.216666667
203,21,0
203,22,0
203,23,0
203,24,0
204,1,0
204,2,0
204,3,0
204,4,0
204,5,5.933333333
204,6,60.35
204,7,171.45
204,8,213.8333333
204,9,541.5333333
204,10,614.15
204,11,829.4166667
204,12,742.9166667
204,13,655.85
204,14,467.8
204,15,656.5
204,16,508.7833333
204,17,201.1
204,18,36.85
204,19,22.41666667
204,20,0.783333333
204,21,0
204,22,0
204,23,0
204,24,0
205,1,0
205,2,0
205,3,0
205,4,0
205,5,1.233333333
205,6,18.6
205,7,127.3666667
205,8,119.4666667
205,9,129.3
205,10,127.6333333
205,11,285.9
205,12,133.1
205,13,160.3333333
205,14,130.3666667
205,15,78.93333333
205,16,63.55
205,17,45.23333333
205,18,24.1
205,19,6.916666667
205,20,0
205,21,0
205,22,0
205,23,0
205,24,0
206,1,0
206,2,0
206,3,0
206,4,0
206,5,1.016666667
206,6,21.86666667
206,7,76.35
206,8,164.25
206,9,201.1666667
206,10,182.05
206,11,195.45
206,12,336.8
206,13,599.5
206,14,507.5166667
206,15,416.2833333
206,16,191.1333333
206,17,180.5666667
206,18,52.71666667
206,19,16.81666667
206,20,0.016666667
206,21,0
206,22,0
206,23,0
206,24,0
207,1,0
207,2,0
207,3,0
207,4,0
207,5,1.766666667
207,6,43.78333333
207,7,169.9666667
207,8,336.65
207,9,332.5333333
207,10,258.5166667
207,11,480.15
207,12,708.2833333
207,13,850.6666667
207,14,445.5
207,15,382.65
207,16,316.2
207,17,111.25
207,18,56.56666667
207,19,10.91666667
207,20,0.033333333
207,21,0
207,22,0
207,23,0
207,24,0
208,1,0
208,2,0
208,3,0
208,4,0.1
208,5,0.916666667
208,6,40.76666667
208,7,140.6166667
208,8,158.95
208,9,289.1
208,10,527.15
208,11,415.4166667
208,12,778.5
208,13,660
208,14,484.7333333
208,15,251.4833333
208,16,262.2666667
208,17,192.2833333
208,18,24.76666667
208,19,3.033333333
208,20,0
208,21,0
208,22,0
208,23,0
208,24,0
209,1,0
209,2,0
209,3,0
209,4,0
209,5,2.166666667
209,6,50.61666667
209,7,157.4
209,8,314.85
209,9,652.65
209,10,626.8833333
209,11,640.9333333
209,12,945
209,13,838.4833333
209,14,660.6
209,15,574.6833333
209,16,518.2166667
209,17,440.9666667
209,18,191.0666667
209,19,10.48333333
209,20,0
209,21,0
209,22,0
209,23,0
209,24,0
210,1,0
210,2,0
210,3,0
210,4,0
210,5,4.116666667
210,6,18.1
210,7,43.61666667
210,8,58.95
210,9,76.48333333
210,10,92.95
210,11,150.5
210,12,91.66666667
210,13,175.65
210,14,92.13333333
210,15,216.7666667
210,16,134.4166667
210,17,111.8333333
210,18,39.28333333
210,19,5.4
210,20,0
210,21,0
210,22,0
210,23,0
210,24,0
211,1,0
211,2,0
211,3,0
211,4,0
211,5,1.416666667
211,6,15.81666667
211,7,122.45
211,8,215.8666667
211,9,289.4333333
211,10,621.3
211,11,665.6333333
211,12,567.9
211,13,666.7
211,14,643.4666667
211,15,524.8166667
211,16,456.9833333
211,17,286.7833333
211,18,105.9
211,19,18.58333333
211,20,0
211,21,0
211,22,0
211,23,0
211,24,0
212,1,0
212,2,0
212,3,0
212,4,0
212,5,1.283333333
212,6,42.4
212,7,105.3
212,8,150.1666667
212,9,266.4333333
212,10,350.7166667
212,11,418.2833333
212,12,436.4333333
212,13,548.5166667
212,14,502.5666667
212,15,566
212,16,294.0166667
212,17,168.6833333
212,18,95.88333333
212,19,13.75
212,20,0
212,21,0
212,22,0
212,23,0
212,24,0
213,1,0
213,2,0
213,3,0
213,4,0
213,5,0
213,6,16.35
213,7,79.05
213,8,192.65
213,9,334.6833333
213,10,494.4
213,11,441.15
213,12,337.8
213,13,318.3
213,14,443.75
213,15,519.6666667
213,16,294.2166667
213,17,234.9166667
213,18,83.28333333
213,19,25.53333333
213,20,0.05
213,21,0
213,22,0
213,23,0
213,24,0
214,1,0
214,2,0
214,3,0
214,4,0
214,5,0.816666667
214,6,22.2
214,7,82.71666667
214,8,170.4166667
214,9,264.35
214,10,498.3666667
214,11,549.2833333
214,12,612.5666667
214,13,713.2666667
214,14,676.2166667
214,15,608.85
214,16,254.9
214,17,253.9666667
214,18,93.88333333
214,19,13.75
214,20,0
214,21,0
214,22,0
214,23,0
214,24,0
215,1,0
215,2,0
215,3,0
215,4,0.533333333
215,5,2.25
215,6,36.41666667
215,7,228.4666667
215,8,457.35
215,9,636.7833333
215,10,756.05
215,11,872.9833333
215,12,653.8
215,13,624.9833333
215,14,763.85
215,15,738.85
215,16,471.5666667
215,17,266.5833333
215,18,92.88333333
215,19,20.66666667
215,20,0
215,21,0
215,22,0
215,23,0
215,24,0
216,1,0
216,2,0
216,3,0
216,4,0
216,5,0.616666667
216,6,22.78333333
216,7,96.43333333
216,8,269.65
216,9,445.1
216,10,475.6666667
216,11,479.35
216,12,282.6333333
216,13,664.2333333
216,14,514.55
216,15,526.2
216,16,147.2833333
216,17,131.7
216,18,61.53333333
216,19,9.4
216,20,0
216,21,0
216,22,0
216,23,0
216,24,0
217,1,0
217,2,0
217,3,0
217,4,0
217,5,1.616666667
217,6,65.3
217,7,211.3
217,8,352.8166667
217,9,578.2333333
217,10,765.6833333
217,11,661.8666667
217,12,889.9
217,13,786.4666667
217,14,814.3666667
217,15,712.25
217,16,380.05
217,17,332.0833333
217,18,146.2
217,19,11.61666667
217,20,0
217,21,0
217,22,0
217,23,0
217,24,0
218,1,0
218,2,0
218,3,0
218,4,0
218,5,0.983333333
218,6,49.93333333
218,7,174.45
218,8,354.75
218,9,350.35
218,10,357.7
218,11,461.7333333
218,12,354.5833333
218,13,165.5166667
218,14,263.5666667
218,15,30.6
218,16,55.76666667
218,17,108.7666667
218,18,34.11666667
218,19,7.816666667
218,20,0
218,21,0
218,22,0
218,23,0
218,24,0
219,1,0
219,2,0
219,3,0
219,4,0
219,5,1.05
219,6,35.73333333
219,7,107.5166667
219,8,217.5833333
219,9,588.5666667
219,10,768.3833333
219,11,869.7833333
219,12,840.35
219,13,844.2
219,14,808.4
219,15,665.75
219,16,185.25
219,17,139.2
219,18,79.2
219,19,15.76666667
219,20,0.183333333
219,21,0
219,22,0
219,23,0
219,24,0
220,1,0
220,2,0
220,3,0
220,4,0
220,5,1.15
220,6,48.21666667
220,7,221.2333333
220,8,409.2833333
220,9,567.4333333
220,10,646.6833333
220,11,797.9333333
220,12,615.0166667
220,13,566.5333333
220,14,517.8666667
220,15,433.7666667
220,16,293.9333333
220,17,230.4833333
220,18,69.48333333
220,19,9.333333333
220,20,0
220,21,0
220,22,0
220,23,0
220,24,0
221,1,0
221,2,0
221,3,0
221,4,0
221,5,0.833333333
221,6,35.91666667
221,7,179.4333333
221,8,358.2666667
221,9,502.4666667
221,10,549.7
221,11,755.2666667
221,12,847.2166667
221,13,798.4
221,14,772.4666667
221,15,654.8166667
221,16,474.35
221,17,281.5833333
221,18,78.76666667
221,19,11.41666667
221,20,0
221,21,0
221,22,0
221,23,0
221,24,0
222,1,0
222,2,0
222,3,0
222,4,0
222,5,0.816666667
222,6,42.4
222,7,182.4333333
222,8,355.6833333
222,9,507
222,10,427.8
222,11,773.55
222,12,877.85
222,13,551.9
222,14,492.4833333
222,15,602.1333333
222,16,442.7166667
222,17,285.1166667
222,18,110.2833333
222,19,10.98333333
222,20,0
222,21,0
222,22,0
222,23,0
222,24,0
223,1,0
223,2,0
223,3,0
223,4,0
223,5,0.85
223,6,43.98333333
223,7,169.8
223,8,341.5666667
223,9,534.8166667
223,10,670.9666667
223,11,759.9
223,12,552.85
223,13,513.6166667
223,14,655
223,15,300.5333333
223,16,91.85
223,17,68.93333333
223,18,47.06666667
223,19,8.133333333
223,20,0
223,21,0
223,22,0
223,23,0
223,24,0
224,1,0
224,2,0
224,3,0
224,4,0
224,5,1.116666667
224,6,37.31666667
224,7,175.05
224,8,373.1166667
224,9,539.9333333
224,10,694.4
224,11,804.3
224,12,865.4
224,13,862.4166667
224,14,802.1
224,15,672.0333333
224,16,500.8166667
224,17,300.4
224,18,101.95
224,19,8.683333333
224,20,0
224,21,0
224,22,0
224,23,0
224,24,0
225,1,0
225,2,0
225,3,0
225,4,0
225,5,0.383333333
225,6,40.8
225,7,130.05
225,8,344.0166667
225,9,332.8333333
225,10,611.7333333
225,11,619.6833333
225,12,888.15
225,13,799.85
225,14,683.85
225,15,627.7833333
225,16,479.8833333
225,17,275.0833333
225,18,85.66666667
225,19,6.366666667
225,20,0
225,21,0
225,22,0
225,23,0
225,24,0
226,1,0
226,2,0
226,3,0
226,4,0
226,5,0.6
226,6,48.51666667
226,7,174.7
226,8,380.0666667
226,9,471.8333333
226,10,744.5166667
226,11,849.5333333
226,12,890.8666667
226,13,880.7166667
226,14,805.3666667
226,15,667.0666667
226,16,484.8166667
226,17,305.7333333
226,18,113.5333333
226,19,8.466666667
226,20,0
226,21,0
226,22,0
226,23,0
226,24,0
227,1,0
227,2,0
227,3,0
227,4,0
227,5,0.683333333
227,6,47.86666667
227,7,198.4333333
227,8,399.1
227,9,553.1666667
227,10,703.8333333
227,11,851.75
227,12,896.3166667
227,13,877
227,14,810.0333333
227,15,680.4333333
227,16,472.85
227,17,277.4
227,18,67.35
227,19,4.1
227,20,0
227,21,0
227,22,0
227,23,0
227,24,0
228,1,0
228,2,0
228,3,0
228,4,0
228,5,0.666666667
228,6,45.5
228,7,188.9333333
228,8,383.05
228,9,437.8333333
228,10,618.8666667
228,11,583.35
228,12,839.6833333
228,13,886.2
228,14,808.1666667
228,15,673.15
228,16,480.4
228,17,323.45
228,18,101.2833333
228,19,6.633333333
228,20,0
228,21,0
228,22,0
228,23,0
228,24,0
229,1,0
229,2,0
229,3,0
229,4,0
229,5,0.3
229,6,41.43333333
229,7,173.6166667
229,8,255.1666667
229,9,568
229,10,698.1666667
229,11,816.2333333
229,12,835.65
229,13,792.3
229,14,748.4166667
229,15,677.7833333
229,16,529.9333333
229,17,307.3333333
229,18,77.81666667
229,19,7.666666667
229,20,0
229,21,0
229,22,0
229,23,0
229,24,0
230,1,0
230,2,0
230,3,0
230,4,0
230,5,0.4
230,6,48.3
230,7,205.7166667
230,8,391.7666667
230,9,448.4333333
230,10,516.8
230,11,501.8833333
230,12,713.1666667
230,13,860.9666667
230,14,803.9166667
230,15,670.45
230,16,523.5166667
230,17,311.2333333
230,18,113
230,19,8.533333333
230,20,0
230,21,0
230,22,0
230,23,0
230,24,0
231,1,0
231,2,0
231,3,0
231,4,0
231,5,0.5
231,6,47.5
231,7,203.1
231,8,399.8666667
231,9,421.3833333
231,10,532.5666667
231,11,651.6166667
231,12,336.5333333
231,13,675.6666667
231,14,692.1666667
231,15,631.95
231,16,503.6333333
231,17,304.2
231,18,112.3833333
231,19,6.433333333
231,20,0
231,21,0
231,22,0
231,23,0
231,24,0
232,1,0
232,2,0
232,3,0
232,4,0
232,5,0.35
232,6,58.95
232,7,156.65
232,8,330.1833333
232,9,558.0666667
232,10,697.1833333
232,11,660.7666667
232,12,752.6666667
232,13,605.5833333
232,14,371.3333333
232,15,245.0833333
232,16,407.5333333
232,17,313.8666667
232,18,102.3166667
232,19,4.066666667
232,20,0
232,21,0
232,22,0
232,23,0
232,24,0
233,1,0
233,2,0
233,3,0
233,4,0
233,5,0.066666667
233,6,9.316666667
233,7,26.08333333
233,8,111.5
233,9,348.2666667
233,10,644.35
233,11,508.15
233,12,306.25
233,13,520.3166667
233,14,397.0833333
233,15,471.5333333
233,16,262
233,17,205.1666667
233,18,25.81666667
233,19,2.216666667
233,20,0
233,21,0
233,22,0
233,23,0
233,24,0
234,1,0
234,2,0
234,3,0
234,4,0
234,5,0
234,6,18.1
234,7,33.25
234,8,144.25
234,9,370.35
234,10,292.8166667
234,11,196.5333333
234,12,478.9666667
234,13,577.1333333
234,14,752.1333333
234,15,639.4166667
234,16,446.95
234,17,223.3333333
234,18,76.35
234,19,3.55
234,20,0
234,21,0
234,22,0
234,23,0
234,24,0
235,1,0
235,2,0
235,3,0
235,4,0
235,5,0.266666667
235,6,26.28333333
235,7,90.78333333
235,8,157.45
235,9,327.2166667
235,10,188.65
235,11,89.23333333
235,12,191.5166667
235,13,358.0333333
235,14,175.8666667
235,15,145.2
235,16,64.16666667
235,17,43.45
235,18,12.41666667
235,19,0.183333333
235,20,0
235,21,0
235,22,0
235,23,0
235,24,0
236,1,0
236,2,0
236,3,0
236,4,0
236,5,0
236,6,27.55
236,7,105.7333333
236,8,205.8833333
236,9,332.1666667
236,10,550.6333333
236,11,891.5333333
236,12,860.1
236,13,891.1833333
236,14,719.4833333
236,15,387
236,16,302.7666667
236,17,185.7
236,18,56.01666667
236,19,3.15
236,20,0
236,21,0
236,22,0
236,23,0
236,24,0
237,1,0
237,2,0
237,3,0
237,4,0
237,5,0.1
237,6,10.63333333
237,7,50.3
237,8,89.25
237,9,62.55
237,10,122.0666667
237,11,222.45
237,12,189.6166667
237,13,302.15
237,14,308.1166667
237,15,194.9333333
237,16,148.35
237,17,86.13333333
237,18,36.58333333
237,19,2.666666667
237,20,0
237,21,0
237,22,0
237,23,0
237,24,0
238,1,0
238,2,0
238,3,0
238,4,0
238,5,0.15
238,6,45.71666667
238,7,220.5
238,8,425.1666667
238,9,613.95
238,10,688.85
238,11,900.3833333
238,12,541.2333333
238,13,484.1666667
238,14,576.4333333
238,15,607.25
238,16,371.0333333
238,17,201.6333333
238,18,41.55
238,19,1.816666667
238,20,0
238,21,0
238,22,0
238,23,0
238,24,0
239,1,0
239,2,0
239,3,0
239,4,0
239,5,0
239,6,9.366666667
239,7,126.9333333
239,8,430.0166667
239,9,516.1166667
239,10,782.0333333
239,11,713.9333333
239,12,667.9
239,13,676.2333333
239,14,687.3833333
239,15,645.7166667
239,16,490.9333333
239,17,270.05
239,18,96.11666667
239,19,1.633333333
239,20,0
239,21,0
239,22,0
239,23,0
239,24,0
240,1,0
240,2,0
240,3,0
240,4,0
240,5,0.083333333
240,6,36.21666667
240,7,214.9833333
240,8,423.6833333
240,9,605.9833333
240,10,751.15
240,11,856.1333333
240,12,896.3833333
240,13,884.6
240,14,810.7333333
240,15,689.2833333
240,16,505.5333333
240,17,266.8333333
240,18,80.3
240,19,1.916666667
240,20,0
240,21,0
240,22,0
240,23,0
240,24,0
241,1,0
241,2,0
241,3,0
241,4,0
241,5,0.05
241,6,32.13333333
241,7,136.25
241,8,359.2666667
241,9,508.5333333
241,10,733.3
241,11,697.1166667
241,12,754.6833333
241,13,673.2333333
241,14,696.0166667
241,15,545.6166667
241,16,441.9
241,17,254.8166667
241,18,70.06666667
241,19,1.283333333
241,20,0
241,21,0
241,22,0
241,23,0
241,24,0
242,1,0
242,2,0
242,3,0
242,4,0
242,5,0.15
242,6,33.18333333
242,7,149.3
242,8,386.3833333
242,9,518.0166667
242,10,713.4
242,11,848.2833333
242,12,819.2833333
242,13,789.15
242,14,764.2166667
242,15,575.6
242,16,321.2833333
242,17,203.5
242,18,30.3
242,19,0.3
242,20,0
242,21,0
242,22,0
242,23,0
242,24,0
243,1,0
243,2,0
243,3,0
243,4,0
243,5,0.05
243,6,29.68333333
243,7,188.65
243,8,317.1333333
243,9,471.9833333
243,10,355.8166667
243,11,707.4
243,12,696.9833333
243,13,509.6
243,14,430.0166667
243,15,577.0333333
243,16,484.7666667
243,17,256.5833333
243,18,56.96666667
243,19,0.733333333
243,20,0
243,21,0
243,22,0
243,23,0
243,24,0
244,1,0
244,2,0
244,3,0
244,4,0
244,5,0.016666667
244,6,32.96666667
244,7,184.9166667
244,8,371.3833333
244,9,422.25
244,10,644.0666667
244,11,829.85
244,12,863.65
244,13,689.5
244,14,739.0333333
244,15,618.45
244,16,232.2833333
244,17,20.13333333
244,18,9.916666667
244,19,0.683333333
244,20,0.116666667
244,21,0
244,22,0
244,23,0
244,24,0
245,1,0
245,2,0
245,3,0
245,4,0
245,5,0.016666667
245,6,10.18333333
245,7,127.7666667
245,8,258.8333333
245,9,223.2333333
245,10,310.7166667
245,11,561.8
245,12,774.75
245,13,518.1166667
245,14,764.8833333
245,15,320.6333333
245,16,314.7833333
245,17,135.8333333
245,18,51.86666667
245,19,0.616666667
245,20,0
245,21,0
245,22,0
245,23,0
245,24,0
246,1,0
246,2,0
246,3,0
246,4,0
246,5,0.05
246,6,33.3
246,7,201.0333333
246,8,353.85
246,9,495.3833333
246,10,754.7666667
246,11,814.75
246,12,394.1
246,13,623.75
246,14,654.9333333
246,15,628.0333333
246,16,99.35
246,17,153.25
246,18,34.85
246,19,1
246,20,0
246,21,0
246,22,0
246,23,0
246,24,0
247,1,0
247,2,0
247,3,0
247,4,0.116666667
247,5,1.9
247,6,8.466666667
247,7,20.03333333
247,8,103.3
247,9,347.1666667
247,10,365.05
247,11,581.75
247,12,407.1166667
247,13,626.05
247,14,356.4
247,15,551.55
247,16,281.6
247,17,144.4833333
247,18,44.01666667
247,19,0.366666667
247,20,0
247,21,0
247,22,0
247,23,0
247,24,0
248,1,0
248,2,0
248,3,0
248,4,0
248,5,0
248,6,2.516666667
248,7,10.9
248,8,125.2
248,9,53.1
248,10,215.6166667
248,11,53.08333333
248,12,103.9166667
248,13,336.8166667
248,14,226.0166667
248,15,296.15
248,16,388.9833333
248,17,208.6
248,18,84.46666667
248,19,1
248,20,0
248,21,0
248,22,0
248,23,0
248,24,0
249,1,0
249,2,0
249,3,0
249,4,0
249,5,0
249,6,16.45
249,7,95.51666667
249,8,244.7833333
249,9,337.2833333
249,10,326.7
249,11,392.6
249,12,443.6666667
249,13,356.75
249,14,366.3666667
249,15,199.2
249,16,161.4333333
249,17,55.6
249,18,22.48333333
249,19,0.483333333
249,20,0
249,21,0
249,22,0
249,23,0
249,24,0
250,1,0
250,2,0
250,3,0
250,4,0
250,5,0.783333333
250,6,9.65
250,7,56.53333333
250,8,136.6833333
250,9,339.1333333
250,10,443.5833333
250,11,698.6
250,12,795.6666667
250,13,523.6166667
250,14,414.2
250,15,446.95
250,16,282.8833333
250,17,192.8166667
250,18,36.48333333
250,19,0.183333333
250,20,0
250,21,0
250,22,0
250,23,0
250,24,0
251,1,0
251,2,0
251,3,0
251,4,0
251,5,0
251,6,10.2
251,7,36.18333333
251,8,145.4666667
251,9,224.3166667
251,10,171.3166667
251,11,122.0666667
251,12,249.6833333
251,13,231.9
251,14,149.3
251,15,66.63333333
251,16,46.83333333
251,17,26.55
251,18,4.716666667
251,19,0
251,20,0
251,21,0
251,22,0
251,23,0
251,24,0
252,1,0
252,2,0
252,3,0
252,4,0
252,5,0
252,6,10.83333333
252,7,136.1
252,8,334.5833333
252,9,378.7666667
252,10,535.7166667
252,11,665.75
252,12,789.0166667
252,13,797.7833333
252,14,721.8166667
252,15,622.95
252,16,417.1833333
252,17,248.1833333
252,18,38.23333333
252,19,0.15
252,20,0
252,21,0
252,22,0
252,23,0
252,24,0
253,1,0
253,2,0
253,3,0
253,4,0
253,5,0
253,6,15.45
253,7,89.46666667
253,8,291.8666667
253,9,466.1666667
253,10,656.8
253,11,732.6166667
253,12,780.05
253,13,816
253,14,495
253,15,469.9833333
253,16,279.9166667
253,17,142.8
253,18,32.38333333
253,19,0.133333333
253,20,0
253,21,0
253,22,0
253,23,0
253,24,0
254,1,0
254,2,0
254,3,0
254,4,0
254,5,0
254,6,7.766666667
254,7,44.76666667
254,8,76.38333333
254,9,243.85
254,10,659.7
254,11,803.0166667
254,12,788.0666667
254,13,447.2833333
254,14,423.1166667
254,15,287.35
254,16,199.3
254,17,63.98333333
254,18,11.01666667
254,19,0
254,20,0
254,21,0
254,22,0
254,23,0
254,24,0
255,1,0
255,2,0
255,3,0
255,4,0
255,5,0
255,6,23.18333333
255,7,172.8666667
255,8,369.9833333
255,9,545.7333333
255,10,623.5666667
255,11,702.85
255,12,840.3666667
255,13,875.6
255,14,801.3333333
255,15,491.9666667
255,16,406.3166667
255,17,167.4
255,18,25.33333333
255,19,0
255,20,0
255,21,0
255,22,0
255,23,0
255,24,0
256,1,0
256,2,0
256,3,0
256,4,0
256,5,0
256,6,18.15
256,7,151.8833333
256,8,350.2166667
256,9,526.7
256,10,504.1833333
256,11,437.55
256,12,494.4833333
256,13,691.1333333
256,14,601.7333333
256,15,489.0333333
256,16,352.3166667
256,17,168.65
256,18,29.28333333
256,19,0.066666667
256,20,0
256,21,0
256,22,0
256,23,0
256,24,0
257,1,0
257,2,0
257,3,0
257,4,0
257,5,0
257,6,17.63333333
257,7,107.3
257,8,310.5166667
257,9,545.8166667
257,10,605.05
257,11,644.15
257,12,840.8666667
257,13,706.4833333
257,14,510.45
257,15,281.2166667
257,16,238.7666667
257,17,112.7333333
257,18,16.41666667
257,19,0.016666667
257,20,0
257,21,0
257,22,0
257,23,0
257,24,0
258,1,0
258,2,0
258,3,0
258,4,0
258,5,0.283333333
258,6,1.85
258,7,6.25
258,8,6.533333333
258,9,127.9
258,10,29.48333333
258,11,71.86666667
258,12,401.3666667
258,13,650.4
258,14,363
258,15,526.0333333
258,16,370.1
258,17,63.66666667
258,18,23.28333333
258,19,0
258,20,0
258,21,0
258,22,0
258,23,0
258,24,0
259,1,0
259,2,0
259,3,0
259,4,0
259,5,0
259,6,3.766666667
259,7,28.55
259,8,128.2333333
259,9,86.25
259,10,80.03333333
259,11,168.95
259,12,68.46666667
259,13,72.96666667
259,14,86.81666667
259,15,128.4
259,16,157.35
259,17,76.48333333
259,18,25.83333333
259,19,0.116666667
259,20,0
259,21,0
259,22,0
259,23,0
259,24,0
260,1,0
260,2,0
260,3,0
260,4,0
260,5,0.016666667
260,6,22.31666667
260,7,180.75
260,8,388.9666667
260,9,579.95
260,10,733.1833333
260,11,833.95
260,12,867.5333333
260,13,836.35
260,14,743.8166667
260,15,598.4333333
260,16,382.2
260,17,220.3666667
260,18,23.13333333
260,19,0
260,20,0
260,21,0
260,22,0
260,23,0
260,24,0
261,1,0
261,2,0
261,3,0
261,4,0
261,5,0
261,6,18.31666667
261,7,175.1833333
261,8,387.6
261,9,572.8
261,10,718.7333333
261,11,818.15
261,12,856.2
261,13,825.0166667
261,14,736.6166667
261,15,589.65
261,16,401.2833333
261,17,191.45
261,18,26.93333333
261,19,0
261,20,0
261,21,0
261,22,0
261,23,0
261,24,0
262,1,0
262,2,0
262,3,0
262,4,0
262,5,0
262,6,17.9
262,7,167.9166667
262,8,375.5166667
262,9,566.3833333
262,10,716.4166667
262,11,807.5166667
262,12,813.5333333
262,13,784.1666667
262,14,722.5833333
262,15,580.95
262,16,392.3666667
262,17,186.7833333
262,18,26.35
262,19,0
262,20,0
262,21,0
262,22,0
262,23,0
262,24,0
263,1,0
263,2,0
263,3,0
263,4,0
263,5,0
263,6,16.76666667
263,7,169.0833333
263,8,359.6833333
263,9,544.7166667
263,10,691.9333333
263,11,790.95
263,12,843.3333333
263,13,763.4333333
263,14,717.3666667
263,15,571.2666667
263,16,317.9333333
263,17,124.4833333
263,18,22.05
263,19,0
263,20,0
263,21,0
263,22,0
263,23,0
263,24,0
264,1,0
264,2,0
264,3,0
264,4,0
264,5,0
264,6,16.78333333
264,7,144.8833333
264,8,318.3
264,9,492.0666667
264,10,650.55
264,11,779.85
264,12,836.9333333
264,13,755.7333333
264,14,702.5666667
264,15,552.0166667
264,16,363.4666667
264,17,159.4333333
264,18,17.36666667
264,19,0
264,20,0
264,21,0
264,22,0
264,23,0
264,24,0
265,1,0
265,2,0
265,3,0
265,4,0
265,5,0
265,6,12.86666667
265,7,107.1833333
265,8,320.6333333
265,9,535.2666667
265,10,574.55
265,11,525.5666667
265,12,441.3333333
265,13,562.9
265,14,385.9666667
265,15,282.4166667
265,16,158.3833333
265,17,114.9833333
265,18,12.61666667
265,19,0.166666667
265,20,0
265,21,0
265,22,0
265,23,0
265,24,0
266,1,0
266,2,0
266,3,0
266,4,0
266,5,0
266,6,9.083333333
266,7,88.5
266,8,233.8166667
266,9,523.4
266,10,497.4833333
266,11,292.0666667
266,12,450.8333333
266,13,399.6
266,14,340.75
266,15,387.6666667
266,16,250.7666667
266,17,76.31666667
266,18,11.05
266,19,0.15
266,20,0
266,21,0
266,22,0
266,23,0
266,24,0
267,1,0
267,2,0
267,3,0
267,4,0
267,5,0
267,6,10.88333333
267,7,62.23333333
267,8,138.95
267,9,124.45
267,10,453.6666667
267,11,769.5666667
267,12,538.0833333
267,13,450.45
267,14,507.6666667
267,15,407.7833333
267,16,273.9333333
267,17,120.6833333
267,18,11.81666667
267,19,0
267,20,0
267,21,0
267,22,0
267,23,0
267,24,0
268,1,0
268,2,0
268,3,0
268,4,0
268,5,0
268,6,7.45
268,7,89.4
268,8,149.7166667
268,9,318.65
268,10,211.7333333
268,11,167.05
268,12,282.3833333
268,13,247.5666667
268,14,180.8666667
268,15,40.2
268,16,35.9
268,17,22.93333333
268,18,2.816666667
268,19,0
268,20,0
268,21,0
268,22,0
268,23,0
268,24,0
269,1,0
269,2,0
269,3,0
269,4,0
269,5,0
269,6,3.433333333
269,7,45.26666667
269,8,21.15
269,9,28.7
269,10,112.4166667
269,11,284.4666667
269,12,405.7
269,13,691.6166667
269,14,337.6
269,15,174.5
269,16,64.25
269,17,24.08333333
269,18,4.483333333
269,19,0.016666667
269,20,0
269,21,0
269,22,0
269,23,0
269,24,0
270,1,0
270,2,0
270,3,0
270,4,0
270,5,0
270,6,13.5
270,7,157.95
270,8,366.6666667
270,9,556.1666667
270,10,704.7666667
270,11,835.6833333
270,12,455.15
270,13,713.45
270,14,623.3166667
270,15,521
270,16,379.15
270,17,159.2166667
270,18,12.7
270,19,0
270,20,0
270,21,0
270,22,0
270,23,0
270,24,0
271,1,0
271,2,0
271,3,0
271,4,0
271,5,0
271,6,11.31666667
271,7,151.85
271,8,357.3166667
271,9,543.9666667
271,10,687.7
271,11,778.1166667
271,12,809.4333333
271,13,729.7333333
271,14,349.7166667
271,15,304.8166667
271,16,194.9833333
271,17,72.86666667
271,18,8.2
271,19,0
271,20,0
271,21,0
271,22,0
271,23,0
271,24,0
272,1,0
272,2,0
272,3,0
272,4,0
272,5,0
272,6,4.05
272,7,50.1
272,8,162.8
272,9,276.95
272,10,548.7833333
272,11,808.1833333
272,12,822.2833333
272,13,766.25
272,14,614.9666667
272,15,432.55
272,16,334.5
272,17,129.7833333
272,18,8.216666667
272,19,0
272,20,0
272,21,0
272,22,0
272,23,0
272,24,0
273,1,0
273,2,0
273,3,0
273,4,0
273,5,0
273,6,10.53333333
273,7,140.9833333
273,8,344.3833333
273,9,534.1
273,10,615.3333333
273,11,522.9666667
273,12,568.3166667
273,13,592.85
273,14,378.45
273,15,387.45
273,16,174.2166667
273,17,76.75
273,18,2.933333333
273,19,0
273,20,0
273,21,0
273,22,0
273,23,0
273,24,0
274,1,0
274,2,0
274,3,0
274,4,0
274,5,0
274,6,0.016666667
274,7,3.133333333
274,8,27.26666667
274,9,159.6333333
274,10,228.8166667
274,11,216.3
274,12,202.4333333
274,13,243.1166667
274,14,133.5833333
274,15,111.6833333
274,16,81.2
274,17,54.36666667
274,18,3.983333333
274,19,0
274,20,0
274,21,0
274,22,0
274,23,0
274,24,0
275,1,0
275,2,0
275,3,0
275,4,0
275,5,0
275,6,2.216666667
275,7,14.01666667
275,8,51.3
275,9,66.7
275,10,87.56666667
275,11,71.35
275,12,172.4666667
275,13,124.65
275,14,153.9333333
275,15,92.8
275,16,99.53333333
275,17,52.98333333
275,18,8.05
275,19,0
275,20,0
275,21,0
275,22,0
275,23,0
275,24,0
276,1,0
276,2,0
276,3,0
276,4,0
276,5,0
276,6,8.05
276,7,57.3
276,8,93.18333333
276,9,469.9
276,10,645.4666667
276,11,745.55
276,12,628.7
276,13,773.45
276,14,454.1333333
276,15,445.1333333
276,16,225.6333333
276,17,72.83333333
276,18,2.916666667
276,19,0
276,20,0
276,21,0
276,22,0
276,23,0
276,24,0
277,1,0
277,2,0
277,3,0
277,4,0
277,5,0.65
277,6,0.616666667
277,7,12.76666667
277,8,46.81666667
277,9,84.96666667
277,10,88.46666667
277,11,84.36666667
277,12,101.7166667
277,13,119.2
277,14,100.2333333
277,15,115.9833333
277,16,60.06666667
277,17,20.16666667
277,18,2.083333333
277,19,0.083333333
277,20,0
277,21,0
277,22,0
277,23,0
277,24,0
278,1,0
278,2,0
278,3,0
278,4,0
278,5,0
278,6,0.7
278,7,13.08333333
278,8,41.81666667
278,9,55.26666667
278,10,64.1
278,11,63.53333333
278,12,110.9
278,13,158.0833333
278,14,139.6833333
278,15,67.68333333
278,16,35.5
278,17,15.8
278,18,0.383333333
278,19,0
278,20,0
278,21,0
278,22,0
278,23,0
278,24,0
279,1,0
279,2,0
279,3,0
279,4,0
279,5,0
279,6,1
279,7,35.28333333
279,8,53.3
279,9,153.25
279,10,313.3333333
279,11,273.3833333
279,12,184.0333333
279,13,290.5666667
279,14,261.8166667
279,15,152.15
279,16,90.26666667
279,17,37.86666667
279,18,2.2
279,19,0
279,20,0
279,21,0
279,22,0
279,23,0
279,24,0
280,1,0
280,2,0
280,3,0
280,4,0
280,5,0
280,6,1.916666667
280,7,29.33333333
280,8,87.01666667
280,9,257.8833333
280,10,436.2166667
280,11,681.6333333
280,12,496.65
280,13,701.5
280,14,567.8
280,15,312.0333333
280,16,265.1333333
280,17,96.75
280,18,2.6
280,19,0
280,20,0
280,21,0
280,22,0
280,23,0
280,24,0
281,1,0
281,2,0
281,3,0
281,4,0
281,5,0
281,6,4.216666667
281,7,59.71666667
281,8,182.0666667
281,9,192.1833333
281,10,562.85
281,11,601.8166667
281,12,661.7
281,13,700.9833333
281,14,643.75
281,15,439.1666667
281,16,222.5666667
281,17,55.06666667
281,18,1.133333333
281,19,0
281,20,0
281,21,0
281,22,0
281,23,0
281,24,0
282,1,0
282,2,0
282,3,0
282,4,0
282,5,0
282,6,2.85
282,7,54.75
282,8,157.2333333
282,9,322.4333333
282,10,489.4333333
282,11,419.75
282,12,547.9333333
282,13,707.6
282,14,582.0666667
282,15,480.3166667
282,16,282.0166667
282,17,46.65
282,18,2.15
282,19,0
282,20,0
282,21,0
282,22,0
282,23,0
282,24,0
283,1,0
283,2,0
283,3,0
283,4,0
283,5,0
283,6,3.566666667
283,7,50.96666667
283,8,133.7666667
283,9,364.6333333
283,10,401.3
283,11,467.4666667
283,12,477.5
283,13,530.2666667
283,14,424.0333333
283,15,455.7333333
283,16,212.3666667
283,17,48.63333333
283,18,1.45
283,19,0
283,20,0
283,21,0
283,22,0
283,23,0
283,24,0
284,1,0
284,2,0
284,3,0
284,4,0
284,5,0
284,6,1.366666667
284,7,15.1
284,8,100.5333333
284,9,227.6
284,10,345.3
284,11,688.2333333
284,12,719.8
284,13,703.4333333
284,14,606.15
284,15,449.75
284,16,279.9333333
284,17,87.13333333
284,18,1.483333333
284,19,0
284,20,0
284,21,0
284,22,0
284,23,0
284,24,0
285,1,0
285,2,0
285,3,0
285,4,0
285,5,0
285,6,3.633333333
285,7,99.01666667
285,8,286.2333333
285,9,469.4666667
285,10,611.9166667
285,11,702.6333333
285,12,727.9333333
285,13,690.85
285,14,596.5833333
285,15,345.8333333
285,16,161.3166667
285,17,51.98333333
285,18,0.55
285,19,0
285,20,0
285,21,0
285,22,0
285,23,0
285,24,0
286,1,0
286,2,0
286,3,0
286,4,0
286,5,0
286,6,4.133333333
286,7,105.0833333
286,8,302.5666667
286,9,487.8
286,10,629.55
286,11,715.3333333
286,12,739.2333333
286,13,701.9666667
286,14,603.3166667
286,15,451.0833333
286,16,267.4833333
286,17,79.48333333
286,18,1.283333333
286,19,0
286,20,0
286,21,0
286,22,0
286,23,0
286,24,0
287,1,0
287,2,0
287,3,0
287,4,0
287,5,0
287,6,3.433333333
287,7,93.53333333
287,8,276.9333333
287,9,370.9666667
287,10,448.0833333
287,11,655.4
287,12,702.55
287,13,542.35
287,14,462.6833333
287,15,315.2333333
287,16,212.6
287,17,34.9
287,18,0.933333333
287,19,0
287,20,0
287,21,0
287,22,0
287,23,0
287,24,0
288,1,0
288,2,0
288,3,0
288,4,0
288,5,0.55
288,6,1.366666667
288,7,25.21666667
288,8,95.9
288,9,146.5333333
288,10,163.9166667
288,11,149.5833333
288,12,112.3833333
288,13,96.7
288,14,73.88333333
288,15,64.68333333
288,16,23.83333333
288,17,4.85
288,18,0
288,19,0
288,20,0
288,21,0
288,22,0
288,23,0
288,24,0
289,1,0
289,2,0
289,3,0
289,4,0
289,5,0
289,6,0.133333333
289,7,6.783333333
289,8,29
289,9,115.2
289,10,379.8666667
289,11,313.0333333
289,12,288.7
289,13,262.3833333
289,14,328.4666667
289,15,307.1666667
289,16,260.4666667
289,17,86.35
289,18,0.5
289,19,0
289,20,0
289,21,0
289,22,0
289,23,0
289,24,0
290,1,0
290,2,0
290,3,0
290,4,0
290,5,0
290,6,2.583333333
290,7,101.1833333
290,8,296.9166667
290,9,467.5833333
290,10,361.4833333
290,11,627.0333333
290,12,705.9833333
290,13,743.7166667
290,14,521.6333333
290,15,388.5
290,16,145.4
290,17,44.18333333
290,18,0.266666667
290,19,0
290,20,0
290,21,0
290,22,0
290,23,0
290,24,0
291,1,0
291,2,0
291,3,0
291,4,0
291,5,0
291,6,1.3
291,7,64.88333333
291,8,164.0166667
291,9,306.85
291,10,413.3666667
291,11,571.3
291,12,710.8333333
291,13,686.0833333
291,14,514.7666667
291,15,342.15
291,16,125.5
291,17,32.23333333
291,18,0.25
291,19,0
291,20,0
291,21,0
291,22,0
291,23,0
291,24,0
292,1,0
292,2,0
292,3,0
292,4,0
292,5,0
292,6,1.233333333
292,7,53.21666667
292,8,109.5
292,9,135.8333333
292,10,318.8333333
292,11,480.7
292,12,442.5
292,13,479.1666667
292,14,189.3333333
292,15,46.78333333
292,16,55.15
292,17,14.13333333
292,18,0.583333333
292,19,0
292,20,0
292,21,0
292,22,0
292,23,0
292,24,0
293,1,0
293,2,0
293,3,0
293,4,0
293,5,0
293,6,0.266666667
293,7,19.85
293,8,28.41666667
293,9,41.51666667
293,10,80.93333333
293,11,44.36666667
293,12,58.68333333
293,13,20.8
293,14,46.76666667
293,15,64.71666667
293,16,31.61666667
293,17,7.35
293,18,0
293,19,0
293,20,0
293,21,0
293,22,0
293,23,0
293,24,0
294,1,0
294,2,0
294,3,0
294,4,0
294,5,0
294,6,1.016666667
294,7,37.4
294,8,147.0666667
294,9,207.05
294,10,538.0166667
294,11,688.5666667
294,12,348.85
294,13,403.55
294,14,482.5166667
294,15,376.35
294,16,121.5666667
294,17,21.16666667
294,18,0.15
294,19,0
294,20,0
294,21,0
294,22,0
294,23,0
294,24,0
295,1,0
295,2,0
295,3,0
295,4,0
295,5,0
295,6,0.633333333
295,7,48.05
295,8,143.2833333
295,9,336.7833333
295,10,267.35
295,11,329.4166667
295,12,355.7833333
295,13,234.35
295,14,129.5833333
295,15,105.0833333
295,16,38.76666667
295,17,8.65
295,18,0.083333333
295,19,0
295,20,0
295,21,0
295,22,0
295,23,0
295,24,0
296,1,0
296,2,0
296,3,0
296,4,0
296,5,0.083333333
296,6,1.2
296,7,75.05
296,8,152.8
296,9,201.25
296,10,261.9833333
296,11,358.0666667
296,12,312.35
296,13,445.5833333
296,14,294.7833333
296,15,102.85
296,16,47.85
296,17,10.75
296,18,0
296,19,0
296,20,0
296,21,0
296,22,0
296,23,0
296,24,0
297,1,0
297,2,0
297,3,0
297,4,0
297,5,0
297,6,0.816666667
297,7,17.26666667
297,8,81.86666667
297,9,82.43333333
297,10,115.6333333
297,11,107.6
297,12,119.2
297,13,86.25
297,14,74.9
297,15,54.36666667
297,16,23.45
297,17,8.4
297,18,0
297,19,0
297,20,0
297,21,0
297,22,0
297,23,0
297,24,0
298,1,0
298,2,0
298,3,0
298,4,0
298,5,0
298,6,1.383333333
298,7,15.18333333
298,8,68.18333333
298,9,95.31666667
298,10,157.3333333
298,11,236.5333333
298,12,148.3833333
298,13,167.3666667
298,14,116.4833333
298,15,80.83333333
298,16,117.25
298,17,6.85
298,18,0.366666667
298,19,0
298,20,0
298,21,0
298,22,0
298,23,0
298,24,0
299,1,0
299,2,0
299,3,0
299,4,0
299,5,0
299,6,0.15
299,7,16.86666667
299,8,28.53333333
299,9,34.8
299,10,52.01666667
299,11,92.8
299,12,143.2
299,13,148.0166667
299,14,114.9666667
299,15,102.15
299,16,102.6666667
299,17,29.88333333
299,18,0.683333333
299,19,0
299,20,0
299,21,0
299,22,0
299,23,0
299,24,0
300,1,0
300,2,0
300,3,0
300,4,0
300,5,0
300,6,0.816666667
300,7,73.03333333
300,8,258.6833333
300,9,439.0833333
300,10,579.7833333
300,11,667.2666667
300,12,691.7333333
300,13,656.5666667
300,14,559
300,15,394.8333333
300,16,207.7166667
300,17,40.8
300,18,0.05
300,19,0
300,20,0
300,21,0
300,22,0
300,23,0
300,24,0
301,1,0
301,2,0
301,3,0
301,4,0
301,5,0
301,6,0.9
301,7,61.56666667
301,8,217
301,9,351.2166667
301,10,499.5166667
301,11,639.5833333
301,12,672.7333333
301,13,630
301,14,529.2333333
301,15,378.6833333
301,16,195.85
301,17,36.51666667
301,18,0.016666667
301,19,0
301,20,0
301,21,0
301,22,0
301,23,0
301,24,0
302,1,0
302,2,0
302,3,0
302,4,0
302,5,0
302,6,0.433333333
302,7,57.48333333
302,8,98.46666667
302,9,85.56666667
302,10,73.83333333
302,11,116.7
302,12,149.5
302,13,119.2666667
302,14,86.05
302,15,68.2
302,16,31.15
302,17,7.25
302,18,0
302,19,0
302,20,0
302,21,0
302,22,0
302,23,0
302,24,0
303,1,0
303,2,0
303,3,0
303,4,0
303,5,0
303,6,0.066666667
303,7,33.11666667
303,8,208.1
303,9,399.1333333
303,10,540.7166667
303,11,621.7833333
303,12,522.0833333
303,13,354.75
303,14,341.4
303,15,401.55
303,16,190.65
303,17,22.13333333
303,18,0
303,19,0
303,20,0
303,21,0
303,22,0
303,23,0
303,24,0
304,1,0
304,2,0
304,3,0
304,4,0
304,5,0
304,6,0.416666667
304,7,50.11666667
304,8,221.3333333
304,9,393.2666667
304,10,524.3166667
304,11,609.0166667
304,12,629.3333333
304,13,591.7166667
304,14,372.9166667
304,15,299.7666667
304,16,124.9666667
304,17,16.38333333
304,18,0
304,19,0
304,20,0
304,21,0
304,22,0
304,23,0
304,24,0
305,1,0
305,2,0
305,3,0
305,4,0
305,5,0
305,6,0.4
305,7,54.3
305,8,218.9333333
305,9,334.55
305,10,540.9166667
305,11,595.8333333
305,12,594.4833333
305,13,590.4833333
305,14,491.75
305,15,335.1
305,16,153.7833333
305,17,25.93333333
305,18,0
305,19,0
305,20,0
305,21,0
305,22,0
305,23,0
305,24,0
306,1,0
306,2,0
306,3,0
306,4,0
306,5,0.166666667
306,6,1.1
306,7,21.61666667
306,8,88.83333333
306,9,149.5833333
306,10,401.5166667
306,11,266.6333333
306,12,273.0333333
306,13,81.41666667
306,14,57.55
306,15,30.05
306,16,30.86666667
306,17,2.866666667
306,18,0
306,19,0
306,20,0
306,21,0
306,22,0
306,23,0
306,24,0
307,1,0
307,2,0
307,3,0
307,4,0
307,5,0
307,6,0.116666667
307,7,18.2
307,8,102.1333333
307,9,215.2666667
307,10,282.5166667
307,11,472.7333333
307,12,398.8333333
307,13,471.15
307,14,327.7
307,15,165.1333333
307,16,71.1
307,17,15.43333333
307,18,0
307,19,0
307,20,0
307,21,0
307,22,0
307,23,0
307,24,0
308,1,0
308,2,0
308,3,0
308,4,0
308,5,0
308,6,0.016666667
308,7,5.433333333
308,8,27.66666667
308,9,99.5
308,10,224.45
308,11,193.4166667
308,12,146.9
308,13,207.9666667
308,14,269.2166667
308,15,205.1
308,16,44.91666667
308,17,3.8
308,18,0.783333333
308,19,0
308,20,0
308,21,0
308,22,0
308,23,0
308,24,0
309,1,0
309,2,0
309,3,0
309,4,0
309,5,0
309,6,0.233333333
309,7,44.71666667
309,8,205.8
309,9,380.7333333
309,10,522.9
309,11,608.3666667
309,12,628.05
309,13,588.75
309,14,504.1666667
309,15,352.75
309,16,166.4166667
309,17,23
309,18,0
309,19,0
309,20,0
309,21,0
309,22,0
309,23,0
309,24,0
310,1,0
310,2,0
310,3,0
310,4,0
310,5,0
310,6,0.266666667
310,7,32.36666667
310,8,173.2
310,9,374.2333333
310,10,472.7333333
310,11,589.2833333
310,12,611.2
310,13,579.8666667
310,14,493.1666667
310,15,348.5
310,16,167.65
310,17,19.56666667
310,18,0
310,19,0
310,20,0
310,21,0
310,22,0
310,23,0
310,24,0
311,1,0
311,2,0
311,3,0
311,4,0
311,5,0
311,6,0
311,7,2.95
311,8,14.25
311,9,28.21666667
311,10,50.71666667
311,11,89.05
311,12,103.65
311,13,334
311,14,190.8333333
311,15,74.53333333
311,16,33.48333333
311,17,21.96666667
311,18,0.633333333
311,19,0.1
311,20,0
311,21,0
311,22,0
311,23,0
311,24,0
312,1,0
312,2,0
312,3,0
312,4,0
312,5,0
312,6,0.2
312,7,42.68333333
312,8,209.95
312,9,385.4166667
312,10,521.3333333
312,11,605.0833333
312,12,635.3
312,13,600.1666667
312,14,497.5833333
312,15,343.6833333
312,16,114.0833333
312,17,18.06666667
312,18,0
312,19,0
312,20,0
312,21,0
312,22,0
312,23,0
312,24,0
313,1,0
313,2,0
313,3,0
313,4,0
313,5,0
313,6,0.05
313,7,11.5
313,8,66.66666667
313,9,148.6833333
313,10,163.8166667
313,11,205.0666667
313,12,401.6
313,13,119.1333333
313,14,70.83333333
313,15,38.86666667
313,16,17.85
313,17,2.166666667
313,18,0
313,19,0
313,20,0
313,21,0
313,22,0
313,23,0
313,24,0
314,1,0
314,2,0
314,3,0
314,4,0
314,5,0
314,6,0
314,7,12.45
314,8,55.91666667
314,9,91.16666667
314,10,151.1666667
314,11,113.4
314,12,59.41666667
314,13,57.95
314,14,154.2833333
314,15,160.8
314,16,24.25
314,17,1.583333333
314,18,0
314,19,0
314,20,0
314,21,0
314,22,0
314,23,0
314,24,0
315,1,0
315,2,0
315,3,0
315,4,0
315,5,0
315,6,0.75
315,7,13.46666667
315,8,79.2
315,9,152.5833333
315,10,191.65
315,11,337.2833333
315,12,403.95
315,13,442.5666667
315,14,367.6666667
315,15,17.38333333
315,16,39.8
315,17,13.31666667
315,18,0
315,19,0
315,20,0
315,21,0
315,22,0
315,23,0
315,24,0
316,1,0
316,2,0
316,3,0
316,4,0
316,5,0.133333333
316,6,0.616666667
316,7,17.3
316,8,99.38333333
316,9,393.7333333
316,10,526.4166667
316,11,468.8833333
316,12,417.2
316,13,444.6333333
316,14,485.6666667
316,15,187.8833333
316,16,86.31666667
316,17,19.75
316,18,0
316,19,0
316,20,0
316,21,0
316,22,0
316,23,0
316,24,0
317,1,0
317,2,0
317,3,0
317,4,0
317,5,0
317,6,0.05
317,7,37.46666667
317,8,202.1
317,9,380.5666667
317,10,521.3333333
317,11,603.0666667
317,12,620.6833333
317,13,584.25
317,14,394.4166667
317,15,343.7666667
317,16,191.0166667
317,17,12.26666667
317,18,0
317,19,0
317,20,0
317,21,0
317,22,0
317,23,0
317,24,0
318,1,0
318,2,0
318,3,0
318,4,0
318,5,0
318,6,0.05
318,7,34.96666667
318,8,193.8666667
318,9,369.9666667
318,10,501.8166667
318,11,588.0333333
318,12,607.7666667
318,13,567.15
318,14,455.3666667
318,15,248.7833333
318,16,74.63333333
318,17,11.96666667
318,18,0
318,19,0
318,20,0
318,21,0
318,22,0
318,23,0
318,24,0
319,1,0
319,2,0
319,3,0
319,4,0
319,5,0
319,6,0
319,7,10.43333333
319,8,63.5
319,9,131.7
319,10,132.15
319,11,92.18333333
319,12,88.6
319,13,62.76666667
319,14,56.23333333
319,15,30.08333333
319,16,20.16666667
319,17,1.9
319,18,0
319,19,0
319,20,0
319,21,0
319,22,0
319,23,0
319,24,0
320,1,0
320,2,0
320,3,0
320,4,0
320,5,0
320,6,0
320,7,26.86666667
320,8,172.4333333
320,9,344.0333333
320,10,483.4166667
320,11,568.25
320,12,592.85
320,13,551.3333333
320,14,456.4666667
320,15,302.7666667
320,16,134.3833333
320,17,12.5
320,18,0
320,19,0
320,20,0
320,21,0
320,22,0
320,23,0
320,24,0
321,1,0
321,2,0
321,3,0
321,4,0
321,5,0
321,6,0
321,7,23.28333333
321,8,157.0166667
321,9,331.0833333
321,10,463.8833333
321,11,545.65
321,12,571.3666667
321,13,534.1
321,14,427.4833333
321,15,279.2
321,16,103.9333333
321,17,11.5
321,18,0
321,19,0
321,20,0
321,21,0
321,22,0
321,23,0
321,24,0
322,1,0
322,2,0
322,3,0
322,4,0
322,5,0
322,6,0
322,7,19.96666667
322,8,84.85
322,9,257.6166667
322,10,429.9
322,11,528.05
322,12,549.75
322,13,512.1
322,14,412.35
322,15,291.8
322,16,122.4333333
322,17,11.08333333
322,18,0
322,19,0
322,20,0
322,21,0
322,22,0
322,23,0
322,24,0
323,1,0
323,2,0
323,3,0
323,4,0
323,5,0
323,6,0
323,7,26.31666667
323,8,177.6333333
323,9,352.05
323,10,363.45
323,11,326.15
323,12,562.1333333
323,13,548.5
323,14,458.45
323,15,311.85
323,16,131.6
323,17,11.33333333
323,18,0
323,19,0
323,20,0
323,21,0
323,22,0
323,23,0
323,24,0
324,1,0
324,2,0
324,3,0
324,4,0
324,5,0
324,6,0
324,7,25.45
324,8,174.15
324,9,348.3166667
324,10,486.1333333
324,11,569.85
324,12,596.15
324,13,552.5
324,14,452.4833333
324,15,305.1333333
324,16,124.4666667
324,17,9.483333333
324,18,0
324,19,0
324,20,0
324,21,0
324,22,0
324,23,0
324,24,0
325,1,0
325,2,0
325,3,0
325,4,0
325,5,0
325,6,0
325,7,24
325,8,172.1166667
325,9,345.4333333
325,10,481.75
325,11,567
325,12,591.25
325,13,556.2166667
325,14,458.6333333
325,15,307.3
325,16,131.1166667
325,17,10.81666667
325,18,0
325,19,0
325,20,0
325,21,0
325,22,0
325,23,0
325,24,0
326,1,0
326,2,0
326,3,0
326,4,0
326,5,0
326,6,0
326,7,21.5
326,8,163.9166667
326,9,334.5666667
326,10,470.7333333
326,11,559.3
326,12,584.5333333
326,13,544.6666667
326,14,451.5833333
326,15,307.4833333
326,16,132.05
326,17,10.36666667
326,18,0
326,19,0
326,20,0
326,21,0
326,22,0
326,23,0
326,24,0
327,1,0
327,2,0
327,3,0
327,4,0
327,5,0
327,6,0
327,7,20.83333333
327,8,162.9333333
327,9,334.7166667
327,10,472.65
327,11,552.0166667
327,12,577.1166667
327,13,543.6666667
327,14,444.35
327,15,304.2666667
327,16,130.8333333
327,17,9.7
327,18,0
327,19,0
327,20,0
327,21,0
327,22,0
327,23,0
327,24,0
328,1,0
328,2,0
328,3,0
328,4,0
328,5,0
328,6,0
328,7,16.8
328,8,150.55
328,9,321.3666667
328,10,414.0333333
328,11,545.4166667
328,12,564.7666667
328,13,534.1833333
328,14,430.9666667
328,15,285.35
328,16,115.9333333
328,17,9.2
328,18,0
328,19,0
328,20,0
328,21,0
328,22,0
328,23,0
328,24,0
329,1,0
329,2,0
329,3,0
329,4,0
329,5,0
329,6,0
329,7,3.966666667
329,8,42.93333333
329,9,118.8333333
329,10,91.83333333
329,11,178.4833333
329,12,174.95
329,13,82.36666667
329,14,95.35
329,15,50.73333333
329,16,10.16666667
329,17,0.5
329,18,0
329,19,0
329,20,0
329,21,0
329,22,0
329,23,0
329,24,0
330,1,0
330,2,0
330,3,0
330,4,0
330,5,0
330,6,0.916666667
330,7,8.016666667
330,8,68.43333333
330,9,204.9166667
330,10,424.8
330,11,534.2166667
330,12,563.45
330,13,521.5833333
330,14,408.8166667
330,15,270.1
330,16,103.6166667
330,17,6.633333333
330,18,0
330,19,0
330,20,0
330,21,0
330,22,0
330,23,0
330,24,0
331,1,0
331,2,0
331,3,0
331,4,0
331,5,0
331,6,0
331,7,4.75
331,8,55.91666667
331,9,198.5833333
331,10,271.0666667
331,11,382.9833333
331,12,501.8833333
331,13,518.4166667
331,14,404.6666667
331,15,283.7666667
331,16,113.3666667
331,17,8.25
331,18,0
331,19,0
331,20,0
331,21,0
331,22,0
331,23,0
331,24,0
332,1,0
332,2,0
332,3,0
332,4,0
332,5,0
332,6,0
332,7,8.883333333
332,8,53.96666667
332,9,89.81666667
332,10,90.81666667
332,11,155.55
332,12,444.1666667
332,13,349.8833333
332,14,257.4166667
332,15,133.5166667
332,16,87.05
332,17,8.383333333
332,18,0
332,19,0
332,20,0
332,21,0
332,22,0
332,23,0
332,24,0
333,1,0
333,2,0
333,3,0
333,4,0
333,5,0
333,6,0
333,7,8.75
333,8,92.46666667
333,9,307.1833333
333,10,449.25
333,11,539.3833333
333,12,563.15
333,13,524.6
333,14,434.2166667
333,15,300.9666667
333,16,124.7333333
333,17,8.95
333,18,0
333,19,0
333,20,0
333,21,0
333,22,0
333,23,0
333,24,0
334,1,0
334,2,0
334,3,0
334,4,0
334,5,0
334,6,0.016666667
334,7,13.83333333
334,8,143.0833333
334,9,314.15
334,10,451.7333333
334,11,537.5833333
334,12,562.3833333
334,13,523.7833333
334,14,434.55
334,15,293.0833333
334,16,120.9666667
334,17,8.333333333
334,18,0
334,19,0
334,20,0
334,21,0
334,22,0
334,23,0
334,24,0
335,1,0
335,2,0
335,3,0
335,4,0
335,5,0
335,6,0
335,7,11.08333333
335,8,135.75
335,9,304.1166667
335,10,441.85
335,11,528.2833333
335,12,560.0833333
335,13,514.55
335,14,432.0166667
335,15,290.5833333
335,16,119.2
335,17,8.566666667
335,18,0
335,19,0
335,20,0
335,21,0
335,22,0
335,23,0
335,24,0
336,1,0
336,2,0
336,3,0
336,4,0
336,5,0
336,6,0
336,7,9.8
336,8,121.0833333
336,9,281.6833333
336,10,415.5166667
336,11,497.0833333
336,12,528.7166667
336,13,494.5833333
336,14,408.2
336,15,267.7666667
336,16,109.3833333
336,17,7.1
336,18,0
336,19,0
336,20,0
336,21,0
336,22,0
336,23,0
336,24,0
337,1,0
337,2,0
337,3,0
337,4,0
337,5,0
337,6,0
337,7,9.083333333
337,8,114.7166667
337,9,280.4833333
337,10,416.4
337,11,502.75
337,12,530.9833333
337,13,501.5166667
337,14,412.0666667
337,15,276.1
337,16,109.05
337,17,7.85
337,18,0
337,19,0
337,20,0
337,21,0
337,22,0
337,23,0
337,24,0
338,1,0
338,2,0
338,3,0
338,4,0
338,5,0
338,6,0
338,7,6.316666667
338,8,73.66666667
338,9,147.8333333
338,10,352.2666667
338,11,356.4833333
338,12,183.5166667
338,13,362.9
338,14,228.6166667
338,15,61.9
338,16,32.48333333
338,17,5.316666667
338,18,0
338,19,0
338,20,0
338,21,0
338,22,0
338,23,0
338,24,0
339,1,0
339,2,0
339,3,0
339,4,0
339,5,0
339,6,0
339,7,7.833333333
339,8,115.0666667
339,9,279.9166667
339,10,417.8833333
339,11,506.15
339,12,534.3333333
339,13,497.8833333
339,14,416.1833333
339,15,278.8333333
339,16,113.35
339,17,7.55
339,18,0
339,19,0
339,20,0
339,21,0
339,22,0
339,23,0
339,24,0
340,1,0
340,2,0
340,3,0
340,4,0
340,5,0
340,6,0
340,7,3.666666667
340,8,54.83333333
340,9,129.25
340,10,246.65
340,11,396.3
340,12,529.35
340,13,500.4833333
340,14,410.3666667
340,15,268.2833333
340,16,107.6833333
340,17,7.3
340,18,0
340,19,0
340,20,0
340,21,0
340,22,0
340,23,0
340,24,0
341,1,0
341,2,0
341,3,0
341,4,0
341,5,0
341,6,0
341,7,2.666666667
341,8,44.73333333
341,9,104.4
341,10,324.2333333
341,11,493.5
341,12,527.3333333
341,13,492.4833333
341,14,396.65
341,15,224.6
341,16,89.95
341,17,5.85
341,18,0
341,19,0
341,20,0
341,21,0
341,22,0
341,23,0
341,24,0
342,1,0
342,2,0
342,3,0
342,4,0
342,5,0
342,6,0
342,7,4.933333333
342,8,73.13333333
342,9,264.3166667
342,10,441.5166667
342,11,470.85
342,12,483.45
342,13,365.0833333
342,14,275.9166667
342,15,202.2
342,16,107.5833333
342,17,5.666666667
342,18,0
342,19,0
342,20,0
342,21,0
342,22,0
342,23,0
342,24,0
343,1,0
343,2,0
343,3,0
343,4,0
343,5,0
343,6,0
343,7,5.333333333
343,8,53.6
343,9,95.98333333
343,10,201
343,11,313.6666667
343,12,306.8166667
343,13,234.5
343,14,110.1333333
343,15,85.98333333
343,16,33.7
343,17,4.1
343,18,0
343,19,0
343,20,0
343,21,0
343,22,0
343,23,0
343,24,0
344,1,0
344,2,0
344,3,0
344,4,0
344,5,0
344,6,0
344,7,5.633333333
344,8,87.4
344,9,147.7833333
344,10,57.63333333
344,11,46.55
344,12,97.18333333
344,13,121.1666667
344,14,319.2333333
344,15,272.6333333
344,16,73.25
344,17,5.633333333
344,18,0
344,19,0
344,20,0
344,21,0
344,22,0
344,23,0
344,24,0
345,1,0
345,2,0
345,3,0
345,4,0
345,5,0
345,6,0
345,7,6.616666667
345,8,110.1
345,9,143.45
345,10,203.4833333
345,11,253.4833333
345,12,276.95
345,13,362.5666667
345,14,358.4
345,15,95
345,16,136.6833333
345,17,9.4
345,18,0
345,19,0
345,20,0
345,21,0
345,22,0
345,23,0
345,24,0
346,1,0
346,2,0
346,3,0
346,4,0
346,5,0
346,6,0.033333333
346,7,5.85
346,8,109.6833333
346,9,280.5
346,10,420.15
346,11,513.8
346,12,545.3833333
346,13,521.55
346,14,491.0333333
346,15,268.85
346,16,109.4666667
346,17,7.066666667
346,18,0
346,19,0
346,20,0
346,21,0
346,22,0
346,23,0
346,24,0
347,1,0
347,2,0
347,3,0
347,4,0
347,5,0
347,6,0
347,7,2.95
347,8,95.03333333
347,9,237.4166667
347,10,405.3333333
347,11,492.0833333
347,12,534.5333333
347,13,502.2666667
347,14,419.75
347,15,283.4833333
347,16,120.3166667
347,17,8.916666667
347,18,0
347,19,0
347,20,0
347,21,0
347,22,0
347,23,0
347,24,0
348,1,0
348,2,0
348,3,0
348,4,0
348,5,0
348,6,0
348,7,5.5
348,8,107
348,9,276.4166667
348,10,418.9833333
348,11,512.05
348,12,543.8666667
348,13,514.3166667
348,14,421.8666667
348,15,284.4166667
348,16,122.1
348,17,9.05
348,18,0
348,19,0
348,20,0
348,21,0
348,22,0
348,23,0
348,24,0
349,1,0
349,2,0
349,3,0
349,4,0
349,5,0
349,6,0
349,7,5
349,8,106.2166667
349,9,274.9166667
349,10,416.15
349,11,508.2166667
349,12,547.5166667
349,13,519.35
349,14,433.3166667
349,15,294.7833333
349,16,126.85
349,17,10
349,18,0
349,19,0
349,20,0
349,21,0
349,22,0
349,23,0
349,24,0
350,1,0
350,2,0
350,3,0
350,4,0
350,5,0
350,6,0
350,7,2.4
350,8,94.65
350,9,272.9166667
350,10,415.8666667
350,11,506.1833333
350,12,536.1666667
350,13,510.3333333
350,14,399.8666667
350,15,251.2833333
350,16,76.98333333
350,17,8.116666667
350,18,0
350,19,0
350,20,0
350,21,0
350,22,0
350,23,0
350,24,0
351,1,0
351,2,0
351,3,0
351,4,0
351,5,0
351,6,0
351,7,3.833333333
351,8,47.23333333
351,9,181.9666667
351,10,392.25
351,11,426.9833333
351,12,497.4
351,13,493.9
351,14,278.25
351,15,180.45
351,16,96.1
351,17,6.783333333
351,18,0
351,19,0
351,20,0
351,21,0
351,22,0
351,23,0
351,24,0
352,1,0
352,2,0
352,3,0
352,4,0
352,5,0
352,6,0
352,7,1.566666667
352,8,25.51666667
352,9,61.23333333
352,10,104.8666667
352,11,125.85
352,12,109.4166667
352,13,83.35
352,14,71.2
352,15,41.83333333
352,16,15.55
352,17,1.7
352,18,0
352,19,0
352,20,0
352,21,0
352,22,0
352,23,0
352,24,0
353,1,0
353,2,0
353,3,0
353,4,0
353,5,0
353,6,0
353,7,0.9
353,8,13.55
353,9,70.9
353,10,59.41666667
353,11,68.55
353,12,79.23333333
353,13,77.51666667
353,14,74.68333333
353,15,26.78333333
353,16,15.2
353,17,0.816666667
353,18,0
353,19,0
353,20,0
353,21,0
353,22,0
353,23,0
353,24,0
354,1,0
354,2,0
354,3,0
354,4,0
354,5,0
354,6,0
354,7,1.25
354,8,16.21666667
354,9,60.08333333
354,10,128.2333333
354,11,183.5333333
354,12,159.8166667
354,13,47.26666667
354,14,23.2
354,15,38.18333333
354,16,30
354,17,6.233333333
354,18,0.45
354,19,0
354,20,0
354,21,0
354,22,0
354,23,0
354,24,0
355,1,0
355,2,0
355,3,0
355,4,0
355,5,0
355,6,0
355,7,1.95
355,8,36.35
355,9,139.75
355,10,414.4833333
355,11,486.1
355,12,522.2333333
355,13,499.25
355,14,416.3666667
355,15,285.1
355,16,125.75
355,17,10.25
355,18,0
355,19,0
355,20,0
355,21,0
355,22,0
355,23,0
355,24,0
356,1,0
356,2,0
356,3,0
356,4,0
356,5,0
356,6,0
356,7,3.083333333
356,8,94.66666667
356,9,262.8333333
356,10,406.7333333
356,11,507.1166667
356,12,546.0833333
356,13,523.2833333
356,14,442.1
356,15,307.2666667
356,16,139.5166667
356,17,13.48333333
356,18,0
356,19,0
356,20,0
356,21,0
356,22,0
356,23,0
356,24,0
357,1,0
357,2,0
357,3,0
357,4,0
357,5,0
357,6,0.066666667
357,7,3.1
357,8,84.83333333
357,9,253.0833333
357,10,296.6
357,11,310.85
357,12,304.3333333
357,13,229.8166667
357,14,287.9
357,15,224.5
357,16,89
357,17,9.133333333
357,18,0
357,19,0
357,20,0
357,21,0
357,22,0
357,23,0
357,24,0
358,1,0
358,2,0
358,3,0
358,4,0
358,5,0
358,6,0
358,7,2.116666667
358,8,85.71666667
358,9,254.55
358,10,402.4
358,11,498.1
358,12,539.9833333
358,13,520.2666667
358,14,436.8833333
358,15,276.8
358,16,142.7666667
358,17,12.06666667
358,18,0
358,19,0
358,20,0
358,21,0
358,22,0
358,23,0
358,24,0
359,1,0
359,2,0
359,3,0
359,4,0
359,5,0
359,6,0
359,7,2.85
359,8,90.96666667
359,9,260.1166667
359,10,405.6833333
359,11,504.8666667
359,12,546.35
359,13,521.4666667
359,14,438.0833333
359,15,304.0166667
359,16,133.7833333
359,17,12.58333333
359,18,0
359,19,0
359,20,0
359,21,0
359,22,0
359,23,0
359,24,0
360,1,0
360,2,0
360,3,0
360,4,0
360,5,0
360,6,0
360,7,1.4
360,8,35.4
360,9,109.5666667
360,10,175.9333333
360,11,122.8833333
360,12,256.95
360,13,216.35
360,14,154.75
360,15,55.86666667
360,16,30.53333333
360,17,2.6
360,18,0
360,19,0
360,20,0
360,21,0
360,22,0
360,23,0
360,24,0
361,1,0
361,2,0
361,3,0
361,4,0
361,5,0
361,6,0
361,7,0.266666667
361,8,12.15
361,9,48.6
361,10,83.73333333
361,11,157.85
361,12,173.15
361,13,147.45
361,14,81.25
361,15,35.68333333
361,16,13.13333333
361,17,1
361,18,0
361,19,0
361,20,0
361,21,0
361,22,0
361,23,0
361,24,0
362,1,0
362,2,0
362,3,0
362,4,0
362,5,0
362,6,0
362,7,2.65
362,8,91.1
362,9,261.9166667
362,10,412.7666667
362,11,515.6166667
362,12,557.5666667
362,13,536.8166667
362,14,447.05
362,15,318.8666667
362,16,151.0666667
362,17,13.1
362,18,0
362,19,0
362,20,0
362,21,0
362,22,0
362,23,0
362,24,0
363,1,0
363,2,0
363,3,0
363,4,0
363,5,0
363,6,0
363,7,2.283333333
363,8,90.5
363,9,261.1833333
363,10,409.05
363,11,514.1166667
363,12,562.95
363,13,545.1666667
363,14,462.4666667
363,15,326.25
363,16,151.75
363,17,16.01666667
363,18,0
363,19,0
363,20,0
363,21,0
363,22,0
363,23,0
363,24,0
364,1,0
364,2,0
364,3,0
364,4,0
364,5,0
364,6,0
364,7,2.433333333
364,8,90.46666667
364,9,261.5166667
364,10,408.9
364,11,507.5333333
364,12,550.95
364,13,529.15
364,14,448.8666667
364,15,297.4
364,16,141.6833333
364,17,21.7
364,18,0
364,19,0
364,20,0
364,21,0
364,22,0
364,23,0
364,24,0
365,1,0
365,2,0
365,3,0
365,4,0
365,5,0
365,6,0
365,7,2.4
365,8,84.86666667
365,9,247.6666667
365,10,395
365,11,495.2166667
365,12,532.1
365,13,512.3166667
365,14,437.4166667
365,15,305.9333333
365,16,143.65
365,17,16.66666667
365,18,0
365,19,0
365,20,0
365,21,0
365,22,0
365,23,0
365,24,0
