1,1,0
1,2,0
1,3,0
1,4,0
1,5,0
1,6,0
1,7,0
1,8,21.88333333
1,9,156.6333333
1,10,345.1833333
1,11,630.7833333
1,12,749.0666667
1,13,781.35
1,14,769.1333333
1,15,672.0666667
1,16,513.15
1,17,277.8166667
1,18,76.35
1,19,0.05
1,20,0
1,21,0
1,22,0
1,23,0
1,24,0
2,1,0
2,2,0
2,3,0
2,4,0
2,5,0
2,6,0
2,7,0
2,8,29.3
2,9,217.4
2,10,441.7166667
2,11,619.8833333
2,12,727.9333333
2,13,772.6666667
2,14,764.6
2,15,660.5666667
2,16,504.3666667
2,17,298.8333333
2,18,78.5
2,19,0.016666667
2,20,0
2,21,0
2,22,0
2,23,0
2,24,0
3,1,0
3,2,0
3,3,0
3,4,0
3,5,0
3,6,0
3,7,0
3,8,28.05
3,9,212.8833333
3,10,451.4333333
3,11,520.15
3,12,676.8833333
3,13,780.1
3,14,770.3
3,15,672.0166667
3,16,506.8833333
3,17,273.2
3,18,38.7
3,19,0.1
3,20,0
3,21,0
3,22,0
3,23,0
3,24,0
4,1,0
4,2,0
4,3,0
4,4,0
4,5,0
4,6,0
4,7,0
4,8,28.05
4,9,212.8833333
4,10,451.4333333
4,11,520.15
4,12,676.8833333
4,13,780.1
4,14,770.3
4,15,672.0166667
4,16,506.8833333
4,17,273.2
4,18,38.7
4,19,0.1
4,20,0
4,21,0
4,22,0
4,23,0
4,24,0
5,1,0
5,2,0
5,3,0
5,4,0
5,5,0
5,6,0
5,7,0
5,8,29.75
5,9,181.65
5,10,305.5666667
5,11,564.0333333
5,12,701.2833333
5,13,781.8166667
5,14,663.3666667
5,15,625.5833333
5,16,275.3666667
5,17,268.0666667
5,18,60.06666667
5,19,0.016666667
5,20,0
5,21,0
5,22,0
5,23,0
5,24,0
6,1,0
6,2,0
6,3,0
6,4,0
6,5,0
6,6,0
6,7,0
6,8,15.1
6,9,213.8
6,10,357.8833333
6,11,560.1833333
6,12,592.55
6,13,616.25
6,14,564
6,15,405.1
6,16,278.4833333
6,17,225.5833333
6,18,53.75
6,19,0
6,20,0
6,21,0
6,22,0
6,23,0
6,24,0
7,1,0
7,2,0
7,3,0
7,4,0
7,5,0
7,6,0
7,7,0
7,8,19.45
7,9,181.3166667
7,10,311.1833333
7,11,417.1666667
7,12,607.9833333
7,13,468.25
7,14,437.65
7,15,322.4333333
7,16,235.95
7,17,116.1833333
7,18,34.08333333
7,19,0.016666667
7,20,0
7,21,0
7,22,0
7,23,0
7,24,0
8,1,0
8,2,0
8,3,0
8,4,0
8,5,0
8,6,0
8,7,0
8,8,13.88333333
8,9,137.85
8,10,228.9
8,11,366.8333333
8,12,516.7666667
8,13,579.9666667
8,14,545.1333333
8,15,369.1666667
8,16,287.8333333
8,17,135.1333333
8,18,37.01666667
8,19,0
8,20,0
8,21,0
8,22,0
8,23,0
8,24,0
9,1,0
9,2,0
9,3,0
9,4,0
9,5,0
9,6,0
9,7,0
9,8,10.15
9,9,80.08333333
9,10,187.6166667
9,11,238.6666667
9,12,384.2333333
9,13,351.6833333
9,14,362.6
9,15,285.9333333
9,16,189.2166667
9,17,111.45
9,18,32.16666667
9,19,0
9,20,0
9,21,0
9,22,0
9,23,0
9,24,0
10,1,0
10,2,0
10,3,0
10,4,0
10,5,0
10,6,0
10,7,0
10,8,15.16666667
10,9,164.1166667
10,10,377.45
10,11,467.0666667
10,12,596.1166667
10,13,458.6333333
10,14,316.25
10,15,269.2333333
10,16,217.1333333
10,17,112.05
10,18,37.45
10,19,0
10,20,0
10,21,0
10,22,0
10,23,0
10,24,0
11,1,0
11,2,0
11,3,0
11,4,0
11,5,0
11,6,0
11,7,0
11,8,15.38333333
11,9,204.4333333
11,10,446.8666667
11,11,623.0833333
11,12,740.0833333
11,13,788.3333333
11,14,785.7166667
11,15,680.9166667
11,16,506.0166667
11,17,320.85
11,18,99.51666667
11,19,1.55
11,20,0
11,21,0
11,22,0
11,23,0
11,24,0
12,1,0
12,2,0
12,3,0
12,4,0
12,5,0
12,6,0
12,7,0
12,8,15.38333333
12,9,204.4333333
12,10,446.8666667
12,11,623.0833333
12,12,740.0833333
12,13,788.3333333
12,14,785.7166667
12,15,680.9166667
12,16,506.0166667
12,17,320.85
12,18,99.51666667
12,19,1.55
12,20,0
12,21,0
12,22,0
12,23,0
12,24,0
13,1,0
13,2,0
13,3,0
13,4,0
13,5,0
13,6,0
13,7,0
13,8,27.85
13,9,223.5166667
13,10,455.55
13,11,633.8666667
13,12,758.4
13,13,804.2
13,14,826.7666667
13,15,732.05
13,16,566.5833333
13,17,354.8833333
13,18,116.5833333
13,19,1.3
13,20,0
13,21,0
13,22,0
13,23,0
13,24,0
14,1,0
14,2,0
14,3,0
14,4,0
14,5,0
14,6,0
14,7,0
14,8,27.16666667
14,9,224.6
14,10,468.2166667
14,11,647.2166667
14,12,764.7833333
14,13,767.7666667
14,14,801.3833333
14,15,650.2666667
14,16,560.7666667
14,17,322.4166667
14,18,111.0333333
14,19,1.733333333
14,20,0
14,21,0
14,22,0
14,23,0
14,24,0
15,1,0
15,2,0
15,3,0
15,4,0
15,5,0
15,6,0
15,7,0
15,8,15.75
15,9,212.55
15,10,460.15
15,11,615.0166667
15,12,749.05
15,13,802.0833333
15,14,831.8166667
15,15,729.35
15,16,538.9333333
15,17,337.9833333
15,18,136.25
15,19,0.55
15,20,0
15,21,0
15,22,0
15,23,0
15,24,0
16,1,0
16,2,0
16,3,0
16,4,0
16,5,0
16,6,0
16,7,0
16,8,8.75
16,9,80.56666667
16,10,143.15
16,11,211.4166667
16,12,200.6
16,13,183.7166667
16,14,331.6333333
16,15,127.25
16,16,61.7
16,17,58.7
16,18,19.88333333
16,19,0.016666667
16,20,0
16,21,0
16,22,0.333333333
16,23,0.316666667
16,24,0.016666667
17,1,0.016666667
17,2,0
17,3,0
17,4,0
17,5,0
17,6,0
17,7,0
17,8,1.633333333
17,9,27.56666667
17,10,91.8
17,11,157.8333333
17,12,343.35
17,13,573.2833333
17,14,325.4
17,15,226.7666667
17,16,137.65
17,17,104.2666667
17,18,36
17,19,0.566666667
17,20,0
17,21,0
17,22,0
17,23,0
17,24,0
18,1,0
18,2,0
18,3,0
18,4,0
18,5,0
18,6,0
18,7,0
18,8,12.6
18,9,74.33333333
18,10,265.05
18,11,350.3333333
18,12,560.6666667
18,13,669.2333333
18,14,635.2333333
18,15,533.7666667
18,16,427.4666667
18,17,168.9333333
18,18,47.18333333
18,19,0.633333333
18,20,0
18,21,0
18,22,0
18,23,0
18,24,0
19,1,0
19,2,0
19,3,0
19,4,0
19,5,0
19,6,0
19,7,0
19,8,6.383333333
19,9,99.13333333
19,10,227.4166667
19,11,369.1666667
19,12,421.9833333
19,13,488.8
19,14,484.0666667
19,15,171.2333333
19,16,229.8
19,17,163.2333333
19,18,29.88333333
19,19,0
19,20,0
19,21,0
19,22,0
19,23,0
19,24,0
20,1,0
20,2,0
20,3,0
20,4,0
20,5,0
20,6,0
20,7,0
20,8,24.38333333
20,9,204.4333333
20,10,435.65
20,11,544.3666667
20,12,731.9
20,13,843.2166667
20,14,812.4333333
20,15,721.6
20,16,552.3
20,17,359.9166667
20,18,126.6166667
20,19,3.1
20,20,0
20,21,0
20,22,0
20,23,0
20,24,0
21,1,0
21,2,0
21,3,0
21,4,0
21,5,0
21,6,0
21,7,0
21,8,20.96666667
21,9,143.7
21,10,417.8166667
21,11,658.6
21,12,775.8833333
21,13,831.1833333
21,14,807.6
21,15,671.4833333
21,16,487.4666667
21,17,291.1333333
21,18,100.6166667
21,19,3.05
21,20,0
21,21,0
21,22,0
21,23,0
21,24,0
22,1,0
22,2,0
22,3,0
22,4,0
22,5,0
22,6,0
22,7,0
22,8,31.25
22,9,237.9666667
22,10,485.2
22,11,681.2166667
22,12,812.9833333
22,13,876.1333333
22,14,860.7
22,15,765.2
22,16,606.9833333
22,17,395.4666667
22,18,147
22,19,4.166666667
22,20,0
22,21,0
22,22,0
22,23,0
22,24,0
23,1,0
23,2,0
23,3,0
23,4,0
23,5,0
23,6,0
23,7,0
23,8,31.5
23,9,226.5
23,10,482.4333333
23,11,667.25
23,12,805.6833333
23,13,872.9833333
23,14,855.9166667
23,15,760.75
23,16,602.2666667
23,17,393.9
23,18,143.4166667
23,19,3.116666667
23,20,0
23,21,0
23,22,0
23,23,0
23,24,0
24,1,0
24,2,0
24,3,0
24,4,0
24,5,0
24,6,0
24,7,0
24,8,31.06666667
24,9,223.9166667
24,10,461.2333333
24,11,645.7
24,12,787.2333333
24,13,860.6666667
24,14,838.7
24,15,748.1166667
24,16,589.2833333
24,17,383.8333333
24,18,143.4
24,19,4.483333333
24,20,0
24,21,0
24,22,0
24,23,0
24,24,0
25,1,0
25,2,0
25,3,0
25,4,0
25,5,0
25,6,0
25,7,0
25,8,30.08333333
25,9,225.05
25,10,461.3666667
25,11,658.6333333
25,12,801.4
25,13,866.1333333
25,14,840.6
25,15,743.1666667
25,16,583.3833333
25,17,383.2666667
25,18,144.2166667
25,19,4.3
25,20,0
25,21,0
25,22,0
25,23,0
25,24,0
26,1,0
26,2,0
26,3,0
26,4,0
26,5,0
26,6,0
26,7,0
26,8,29.53333333
26,9,227.7166667
26,10,458.2666667
26,11,644.75
26,12,796.75
26,13,861.65
26,14,838.5166667
26,15,743.9333333
26,16,587.0833333
26,17,384.1166667
26,18,145.3
26,19,4.883333333
26,20,0
26,21,0
26,22,0
26,23,0
26,24,0
27,1,0
27,2,0
27,3,0
27,4,0
27,5,0
27,6,0
27,7,0
27,8,13.63333333
27,9,49.18333333
27,10,212.7
27,11,367.5666667
27,12,764.0333333
27,13,742.25
27,14,842.3666667
27,15,745
27,16,587.7333333
27,17,388.6
27,18,148.8333333
27,19,5.2
27,20,0
27,21,0
27,22,0
27,23,0
27,24,0
28,1,0
28,2,0
28,3,0
28,4,0
28,5,0
28,6,0
28,7,0
28,8,32.58333333
28,9,241.4666667
28,10,482.2666667
28,11,676.3833333
28,12,821.9166667
28,13,889.6666667
28,14,857.7833333
28,15,767.2166667
28,16,608.95
28,17,395.1833333
28,18,146.65
28,19,5.15
28,20,0
28,21,0
28,22,0
28,23,0
28,24,0
29,1,0
29,2,0
29,3,0
29,4,0
29,5,0
29,6,0
29,7,0
29,8,30.33333333
29,9,232
29,10,473.4666667
29,11,669.3166667
29,12,814.6833333
29,13,877.1333333
29,14,849.55
29,15,759.9333333
29,16,598.5166667
29,17,385.4666667
29,18,144.1833333
29,19,5.533333333
29,20,0
29,21,0
29,22,0
29,23,0
29,24,0
30,1,0
30,2,0
30,3,0
30,4,0
30,5,0
30,6,0
30,7,0
30,8,29.11666667
30,9,224.7166667
30,10,460.8833333
30,11,659.0166667
30,12,809.7333333
30,13,875.1666667
30,14,862.4833333
30,15,768.7
30,16,610.25
30,17,399.65
30,18,156.95
30,19,6.35
30,20,0
30,21,0
30,22,0
30,23,0
30,24,0
31,1,0
31,2,0
31,3,0
31,4,0
31,5,0
31,6,0
31,7,0
31,8,34.06666667
31,9,243.7833333
31,10,480.95
31,11,680.1166667
31,12,838.7
31,13,898.7166667
31,14,879.5333333
31,15,785.5
31,16,626.6
31,17,413.1
31,18,163.15
31,19,7.166666667
31,20,0
31,21,0
31,22,0
31,23,0
31,24,0
32,1,0
32,2,0
32,3,0
32,4,0
32,5,0
32,6,0
32,7,0
32,8,32.21666667
32,9,233.85
32,10,469.2166667
32,11,664.6166667
32,12,821.7
32,13,886.1
32,14,875.2666667
32,15,781.1
32,16,618.3833333
32,17,404.5666667
32,18,159.6166667
32,19,7.783333333
32,20,0
32,21,0
32,22,0
32,23,0
32,24,0
33,1,0
33,2,0
33,3,0
33,4,0
33,5,0
33,6,0
33,7,0
33,8,30.53333333
33,9,238.4
33,10,480.1333333
33,11,688.5833333
33,12,822.8
33,13,864.0166667
33,14,877.1333333
33,15,696.8333333
33,16,400.6833333
33,17,216.5666667
33,18,102.6333333
33,19,6.65
33,20,0
33,21,0
33,22,0
33,23,0
33,24,0
34,1,0
34,2,0
34,3,0
34,4,0
34,5,0
34,6,0
34,7,0
34,8,31.1
34,9,228.2666667
34,10,460.1833333
34,11,671.6166667
34,12,820.5333333
34,13,887.8
34,14,868.1
34,15,779.2833333
34,16,619.8833333
34,17,414.5166667
34,18,169.95
34,19,8.983333333
34,20,0
34,21,0
34,22,0
34,23,0
34,24,0
35,1,0
35,2,0
35,3,0
35,4,0
35,5,0
35,6,0
35,7,0
35,8,31.08333333
35,9,222.5166667
35,10,456.3166667
35,11,646.0166667
35,12,788.85
35,13,859.8666667
35,14,841.2833333
35,15,752.3666667
35,16,593.6166667
35,17,387.5333333
35,18,145.9166667
35,19,6.766666667
35,20,0
35,21,0
35,22,0
35,23,0
35,24,0
36,1,0
36,2,0
36,3,0
36,4,0
36,5,0
36,6,0
36,7,0
36,8,30.83333333
36,9,221.35
36,10,447.4833333
36,11,647.4166667
36,12,796.25
36,13,861.2166667
36,14,841.6166667
36,15,750.35
36,16,589.9666667
36,17,376.5666667
36,18,140.6
36,19,6.6
36,20,0
36,21,0
36,22,0
36,23,0
36,24,0
37,1,0
37,2,0
37,3,0
37,4,0
37,5,0
37,6,0
37,7,0
37,8,28.8
37,9,203.7833333
37,10,428.7666667
37,11,617.5666667
37,12,774.25
37,13,842.4166667
37,14,827.2666667
37,15,765.8666667
37,16,468.5166667
37,17,312.8333333
37,18,116.4
37,19,4.75
37,20,0
37,21,0
37,22,0
37,23,0
37,24,0
38,1,0
38,2,0
38,3,0
38,4,0
38,5,0
38,6,0
38,7,0
38,8,28.01666667
38,9,196.3166667
38,10,438.5833333
38,11,654.3
38,12,740.4333333
38,13,754.1166667
38,14,759.8166667
38,15,642.7833333
38,16,556.55
38,17,319.1666667
38,18,104.75
38,19,6.633333333
38,20,0
38,21,0
38,22,0
38,23,0
38,24,0
39,1,0
39,2,0
39,3,0
39,4,0
39,5,0
39,6,0
39,7,0
39,8,27.66666667
39,9,257.6
39,10,483.45
39,11,736.5166667
39,12,884.9
39,13,976.2666667
39,14,960.1
39,15,843.4833333
39,16,684.4166667
39,17,464.7166667
39,18,204.6666667
39,19,15.76666667
39,20,0
39,21,0
39,22,0
39,23,0
39,24,0
40,1,0
40,2,0
40,3,0
40,4,0
40,5,0
40,6,0
40,7,0
40,8,46.28333333
40,9,276.0833333
40,10,526.0166667
40,11,720.75
40,12,874.1166667
40,13,950.7166667
40,14,935.1333333
40,15,837.1
40,16,670.6166667
40,17,453.8
40,18,193.5
40,19,13.05
40,20,0
40,21,0
40,22,0
40,23,0
40,24,0
41,1,0
41,2,0
41,3,0
41,4,0
41,5,0
41,6,0
41,7,0
41,8,13.61666667
41,9,275.5666667
41,10,525.55
41,11,731
41,12,880.7666667
41,13,956.75
41,14,937.5166667
41,15,834.9166667
41,16,606.85
41,17,454.5333333
41,18,194.9
41,19,12.95
41,20,0
41,21,0
41,22,0
41,23,0
41,24,0
42,1,0
42,2,0
42,3,0
42,4,0
42,5,0
42,6,0
42,7,0
42,8,45.73333333
42,9,272.0833333
42,10,523.05
42,11,731.35
42,12,875.2
42,13,944.1833333
42,14,934.5
42,15,839.45
42,16,671.3166667
42,17,456.7833333
42,18,199.9333333
42,19,14.25
42,20,0
42,21,0
42,22,0
42,23,0
42,24,0
43,1,0
43,2,0
43,3,0
43,4,0
43,5,0
43,6,0
43,7,0
43,8,47.51666667
43,9,276.7166667
43,10,524.45
43,11,725.45
43,12,869.3833333
43,13,944.05
43,14,929.1833333
43,15,809.7333333
43,16,674.9833333
43,17,460.8166667
43,18,204.0333333
43,19,15.06666667
43,20,0
43,21,0
43,22,0
43,23,0
43,24,0
44,1,0
44,2,0
44,3,0
44,4,0
44,5,0
44,6,0
44,7,0
44,8,46.28333333
44,9,280.9666667
44,10,527.8833333
44,11,727.8833333
44,12,874.9833333
44,13,939.8666667
44,14,950.8
44,15,835.6666667
44,16,676.5
44,17,461
44,18,196.6333333
44,19,15.4
44,20,0
44,21,0
44,22,0
44,23,0
44,24,0
45,1,0
45,2,0
45,3,0
45,4,0
45,5,0
45,6,0
45,7,0
45,8,40.85
45,9,245.9666667
45,10,445.2333333
45,11,690.1833333
45,12,825.4166667
45,13,924.9833333
45,14,797.05
45,15,621.0166667
45,16,570.2
45,17,357.9333333
45,18,136.7166667
45,19,13.76666667
45,20,0
45,21,0
45,22,0
45,23,0
45,24,0
46,1,0
46,2,0
46,3,0
46,4,0
46,5,0
46,6,0
46,7,0
46,8,50.18333333
46,9,244.3
46,10,502.65
46,11,708.8833333
46,12,840.3666667
46,13,877.9166667
46,14,885.4833333
46,15,722.5666667
46,16,433.3833333
46,17,214.45
46,18,57.68333333
46,19,8.45
46,20,0
46,21,0
46,22,0
46,23,0
46,24,0
47,1,0
47,2,0
47,3,0
47,4,0
47,5,0
47,6,0
47,7,0
47,8,53.35
47,9,190.3166667
47,10,408.3833333
47,11,587.0166667
47,12,782.45
47,13,766.15
47,14,764.0333333
47,15,644.5
47,16,512.0166667
47,17,329.8833333
47,18,139.1833333
47,19,16.58333333
47,20,0
47,21,0
47,22,0
47,23,0
47,24,0
48,1,0
48,2,0
48,3,0
48,4,0
48,5,0
48,6,0
48,7,0
48,8,15.43333333
48,9,117.3666667
48,10,232.8
48,11,424.7333333
48,12,666.7666667
48,13,759.4833333
48,14,803.6166667
48,15,641.0666667
48,16,414.3666667
48,17,201.4
48,18,70.93333333
48,19,4.95
48,20,0
48,21,0
48,22,0
48,23,0
48,24,0
49,1,0
49,2,0
49,3,0
49,4,0
49,5,0
49,6,0
49,7,0
49,8,21.88333333
49,9,137.4666667
49,10,342.95
49,11,524.3666667
49,12,799.2333333
49,13,737.9
49,14,717.7
49,15,534.8166667
49,16,318.1
49,17,138.35
49,18,74.58333333
49,19,7.666666667
49,20,0
49,21,0
49,22,0
49,23,0
49,24,0
50,1,0
50,2,0
50,3,0
50,4,0
50,5,0
50,6,0
50,7,0
50,8,28.58333333
50,9,217.7166667
50,10,282.3
50,11,255.9833333
50,12,576.1166667
50,13,657.5833333
50,14,440.3333333
50,15,320.7333333
50,16,338.1166667
50,17,200.0833333
50,18,78.53333333
50,19,9.966666667
50,20,0
50,21,0
50,22,0
50,23,0
50,24,0
51,1,0
51,2,0
51,3,0
51,4,0
51,5,0
51,6,0
51,7,0
51,8,25.31666667
51,9,110.7333333
51,10,185.5166667
51,11,185.9666667
51,12,207.25
51,13,427.05
51,14,332.9
51,15,291.5333333
51,16,205.7166667
51,17,116.3666667
51,18,41.36666667
51,19,5.983333333
51,20,0
51,21,0
51,22,0
51,23,0
51,24,0
52,1,0
52,2,0
52,3,0
52,4,0
52,5,0
52,6,0
52,7,0
52,8,36.86666667
52,9,231.5
52,10,242.85
52,11,420.2666667
52,12,451.2333333
52,13,800.4833333
52,14,549.7666667
52,15,783.5666667
52,16,629.4
52,17,232.5333333
52,18,192
52,19,18.23333333
52,20,0
52,21,0
52,22,0
52,23,0
52,24,0
53,1,0
53,2,0
53,3,0
53,4,0
53,5,0
53,6,0
53,7,0
53,8,62.48333333
53,9,306.35
53,10,556.0333333
53,11,774.9833333
53,12,939.6
53,13,1008.116667
53,14,985.3
53,15,880.55
53,16,708.9833333
53,17,494.2833333
53,18,233.8833333
53,19,24.93333333
53,20,0
53,21,0
53,22,0
53,23,0
53,24,0
54,1,0
54,2,0
54,3,0
54,4,0
54,5,0
54,6,0
54,7,0
54,8,64.46666667
54,9,301.5166667
54,10,543.9333333
54,11,738.3
54,12,914.2166667
54,13,982.5
54,14,968.3666667
54,15,871.8
54,16,700.05
54,17,481.9333333
54,18,223.85
54,19,15.48333333
54,20,0
54,21,0
54,22,0
54,23,0
54,24,0
55,1,0
55,2,0
55,3,0
55,4,0
55,5,0
55,6,0
55,7,0.016666667
55,8,67.48333333
55,9,306.2166667
55,10,555.1
55,11,725.7
55,12,912.3833333
55,13,980.4666667
55,14,963.6666667
55,15,870.9666667
55,16,698.7333333
55,17,480.4833333
55,18,213.5666667
55,19,22.48333333
55,20,0
55,21,0
55,22,0
55,23,0
55,24,0
56,1,0
56,2,0
56,3,0
56,4,0
56,5,0
56,6,0
56,7,0.033333333
56,8,68.85
56,9,316.6166667
56,10,564.05
56,11,761.4
56,12,894.45
56,13,893.2333333
56,14,978.8833333
56,15,872.1833333
56,16,670.3166667
56,17,487.1833333
56,18,225.7166667
56,19,16.51666667
56,20,0
56,21,0
56,22,0
56,23,0
56,24,0
57,1,0
57,2,0
57,3,0
57,4,0
57,5,0
57,6,0
57,7,0
57,8,38.53333333
57,9,179.2
57,10,493.5166667
57,11,764.95
57,12,926.9333333
57,13,918.2
57,14,986.2333333
57,15,873.75
57,16,704.5166667
57,17,496.5
57,18,244.1833333
57,19,13.43333333
57,20,0
57,21,0
57,22,0
57,23,0
57,24,0
58,1,0
58,2,0
58,3,0
58,4,0
58,5,0
58,6,0
58,7,0
58,8,63.51666667
58,9,287.4666667
58,10,540.65
58,11,745.8166667
58,12,898.8333333
58,13,973.8
58,14,959.1
58,15,781.85
58,16,456.8666667
58,17,333
58,18,145.6666667
58,19,14.26666667
58,20,0
58,21,0
58,22,0
58,23,0
58,24,0
59,1,0
59,2,0
59,3,0
59,4,0
59,5,0
59,6,0
59,7,0.116666667
59,8,55.76666667
59,9,256.4833333
59,10,517.4666667
59,11,694.6333333
59,12,855.7
59,13,853.8166667
59,14,776.45
59,15,668.5833333
59,16,467.9666667
59,17,226.1333333
59,18,136.9166667
59,19,16.58333333
59,20,0
59,21,0
59,22,0
59,23,0
59,24,0
60,1,0
60,2,0
60,3,0
60,4,0
60,5,0
60,6,0
60,7,0
60,8,33.93333333
60,9,158.7
60,10,331.65
60,11,572.4
60,12,770.6833333
60,13,807.9833333
60,14,738.35
60,15,497.3333333
60,16,393.95
60,17,287.6833333
60,18,107.0666667
60,19,19.21666667
60,20,0
60,21,0
60,22,0
60,23,0
60,24,0
61,1,0
61,2,0
61,3,0
61,4,0
61,5,0
61,6,0
61,7,0
61,8,61.68333333
61,9,253.75
61,10,509.6166667
61,11,672.85
61,12,871.2333333
61,13,947.1166667
61,14,897.9
61,15,702.55
61,16,611.8
61,17,454.9333333
61,18,200.3333333
61,19,22.63333333
61,20,0
61,21,0
61,22,0
61,23,0
61,24,0
62,1,0
62,2,0
62,3,0
62,4,0
62,5,0
62,6,0
62,7,0.066666667
62,8,68.1
62,9,294.6833333
62,10,539.1333333
62,11,745.5
62,12,902.7666667
62,13,983.7833333
62,14,966.05
62,15,865.1166667
62,16,626.25
62,17,430.95
62,18,208.55
62,19,9.75
62,20,0
62,21,0
62,22,0
62,23,0
62,24,0
63,1,0
63,2,0
63,3,0
63,4,0
63,5,0
63,6,0
63,7,0.016666667
63,8,68.8
63,9,290.95
63,10,532.0333333
63,11,738.2833333
63,12,892.4166667
63,13,968.0333333
63,14,940.1833333
63,15,838.4666667
63,16,652.15
63,17,403.95
63,18,172.85
63,19,22.06666667
63,20,0
63,21,0
63,22,0
63,23,0
63,24,0
64,1,0
64,2,0
64,3,0
64,4,0
64,5,0
64,6,0
64,7,0.016666667
64,8,72.26666667
64,9,310.1
64,10,560.4833333
64,11,799.5333333
64,12,949.7
64,13,1031
64,14,1021.45
64,15,918.7333333
64,16,739.95
64,17,520.0833333
64,18,262.9333333
64,19,36.53333333
64,20,0
64,21,0
64,22,0
64,23,0
64,24,0
65,1,0
65,2,0
65,3,0
65,4,0
65,5,0
65,6,0
65,7,0.1
65,8,102.4833333
65,9,365.4
65,10,625.1166667
65,11,845.6333333
65,12,1004.583333
65,13,1076.55
65,14,1056.283333
65,15,942.1333333
65,16,756.6666667
65,17,530.2666667
65,18,266.7
65,19,37.91666667
65,20,0
65,21,0
65,22,0
65,23,0
65,24,0
66,1,0
66,2,0
66,3,0
66,4,0
66,5,0
66,6,0
66,7,0.166666667
66,8,103.9
66,9,361.8
66,10,613.8333333
66,11,831.0166667
66,12,989.9166667
66,13,1065.533333
66,14,1053.616667
66,15,944.5
66,16,761.7666667
66,17,538.3833333
66,18,268.6833333
66,19,36.88333333
66,20,0
66,21,0
66,22,0
66,23,0
66,24,0
67,1,0
67,2,0
67,3,0
67,4,0
67,5,0
67,6,0
67,7,0.083333333
67,8,106.8666667
67,9,366.7333333
67,10,615.9333333
67,11,826.5833333
67,12,981.1
67,13,1047.116667
67,14,1041.416667
67,15,933
67,16,753.95
67,17,522.2166667
67,18,232.7333333
67,19,10.33333333
67,20,0
67,21,0
67,22,0
67,23,0
67,24,0
68,1,0
68,2,0
68,3,0
68,4,0
68,5,0
68,6,0
68,7,0.3
68,8,88.45
68,9,344.85
68,10,583.4
68,11,793.0666667
68,12,849.4333333
68,13,663.0666667
68,14,917.95
68,15,925.9833333
68,16,731.75
68,17,509.8833333
68,18,244.1333333
68,19,32.11666667
68,20,0
68,21,0
68,22,0
68,23,0
68,24,0
69,1,0
69,2,0
69,3,0
69,4,0
69,5,0
69,6,0
69,7,0.7
69,8,106.4666667
69,9,359.1166667
69,10,593.7833333
69,11,798.1333333
69,12,944.1333333
69,13,1023.783333
69,14,1010.1
69,15,900.3666667
69,16,703.55
69,17,359.5
69,18,201.1
69,19,42.93333333
69,20,0
69,21,0
69,22,0
69,23,0
69,24,0
70,1,0
70,2,0
70,3,0
70,4,0
70,5,0
70,6,0
70,7,0.366666667
70,8,104.5333333
70,9,337.0833333
70,10,605.5166667
70,11,526.3833333
70,12,698.8333333
70,13,785.25
70,14,898.4
70,15,877.0166667
70,16,714.4333333
70,17,402.9666667
70,18,206.25
70,19,19.71666667
70,20,0
70,21,0
70,22,0
70,23,0
70,24,0
71,1,0
71,2,0
71,3,0
71,4,0
71,5,0
71,6,0
71,7,0.75
71,8,49.61666667
71,9,231.5166667
71,10,503.4833333
71,11,794.3333333
71,12,932.9166667
71,13,1002.216667
71,14,1007.916667
71,15,934.6
71,16,739.1166667
71,17,485.4666667
71,18,156.15
71,19,17.9
71,20,0
71,21,0
71,22,0
71,23,0
71,24,0
72,1,0
72,2,0
72,3,0
72,4,0
72,5,0
72,6,0
72,7,0.683333333
72,8,81.61666667
72,9,242.6833333
72,10,406.75
72,11,524.0333333
72,12,703.0666667
72,13,942.3833333
72,14,981.2666667
72,15,831.25
72,16,606.0333333
72,17,531.6
72,18,164.2833333
72,19,17.95
72,20,0
72,21,0
72,22,0
72,23,0
72,24,0
73,1,0
73,2,0
73,3,0
73,4,0
73,5,0
73,6,0
73,7,1.783333333
73,8,98.08333333
73,9,183.5166667
73,10,566.5333333
73,11,818.4666667
73,12,946.5166667
73,13,824.6833333
73,14,944.75
73,15,634.3666667
73,16,427.7666667
73,17,412.6166667
73,18,140.9
73,19,16.73333333
73,20,0
73,21,0
73,22,0
73,23,0
73,24,0
74,1,0
74,2,0
74,3,0
74,4,0
74,5,0
74,6,0
74,7,2.166666667
74,8,99.21666667
74,9,308.25
74,10,589.2666667
74,11,818.25
74,12,970.7333333
74,13,1044.2
74,14,736.3166667
74,15,744.5166667
74,16,395.5666667
74,17,177.8166667
74,18,131.75
74,19,35.6
74,20,0
74,21,0
74,22,0
74,23,0
74,24,0
75,1,0
75,2,0
75,3,0
75,4,0
75,5,0
75,6,0
75,7,3.316666667
75,8,80.68333333
75,9,309.0833333
75,10,403.15
75,11,692.5
75,12,477.8
75,13,898.65
75,14,734.5
75,15,666.8
75,16,275.3
75,17,231.75
75,18,68.31666667
75,19,7.25
75,20,0
75,21,0
75,22,0
75,23,0
75,24,0
76,1,0
76,2,0
76,3,0
76,4,0
76,5,0
76,6,0
76,7,1.633333333
76,8,102.6
76,9,344.3166667
76,10,591.55
76,11,810.3833333
76,12,958.9166667
76,13,1025.933333
76,14,1009.066667
76,15,840.2666667
76,16,575.9
76,17,428.0333333
76,18,169.6
76,19,39.9
76,20,0
76,21,0
76,22,0
76,23,0
76,24,0
77,1,0
77,2,0
77,3,0
77,4,0
77,5,0
77,6,0
77,7,2.15
77,8,135.9666667
77,9,394.6333333
77,10,649.35
77,11,861.3
77,12,1003.433333
77,13,1073.15
77,14,1054.833333
77,15,933.4
77,16,750.1
77,17,515.9333333
77,18,251.1
77,19,37.5
77,20,0
77,21,0
77,22,0
77,23,0
77,24,0
78,1,0
78,2,0
78,3,0
78,4,0
78,5,0
78,6,0
78,7,1.766666667
78,8,146.2666667
78,9,413.0666667
78,10,674.4166667
78,11,900
78,12,1047.933333
78,13,1113.816667
78,14,1094.85
78,15,977.8833333
78,16,793.3333333
78,17,546.2333333
78,18,271.1
78,19,40.08333333
78,20,0
78,21,0
78,22,0
78,23,0
78,24,0
79,1,0
79,2,0
79,3,0
79,4,0
79,5,0
79,6,0
79,7,3.416666667
79,8,136.2333333
79,9,387.5333333
79,10,619.3166667
79,11,832.4
79,12,981.3666667
79,13,1039.05
79,14,1014.483333
79,15,902.1833333
79,16,693.15
79,17,454.1833333
79,18,226.7333333
79,19,34.68333333
79,20,0
79,21,0
79,22,0
79,23,0
79,24,0
80,1,0
80,2,0
80,3,0
80,4,0
80,5,0
80,6,0
80,7,0.983333333
80,8,110.6833333
80,9,321.2666667
80,10,554.1
80,11,698.15
80,12,651
80,13,507.6333333
80,14,621.3
80,15,550.35
80,16,240.05
80,17,194.7166667
80,18,177.4833333
80,19,23.83333333
80,20,0
80,21,0
80,22,0
80,23,0
80,24,0
81,1,0
81,2,0
81,3,0
81,4,0
81,5,0
81,6,0
81,7,3.966666667
81,8,131.3
81,9,380.5333333
81,10,625.8833333
81,11,846.85
81,12,1002.533333
81,13,1067.966667
81,14,1042.8
81,15,920.65
81,16,750.15
81,17,521.4
81,18,262.1
81,19,42.73333333
81,20,0
81,21,0
81,22,0
81,23,0
81,24,0
82,1,0
82,2,0
82,3,0
82,4,0
82,5,0
82,6,0
82,7,4.45
82,8,160.4
82,9,424.7
82,10,666.2333333
82,11,870.25
82,12,1034.716667
82,13,1105.35
82,14,1079.75
82,15,955.6666667
82,16,766.6666667
82,17,536.8666667
82,18,275
82,19,43.4
82,20,0
82,21,0
82,22,0
82,23,0
82,24,0
83,1,0
83,2,0
83,3,0
83,4,0
83,5,0
83,6,0
83,7,8.483333333
83,8,148.3666667
83,9,393.8666667
83,10,648.3
83,11,862.6166667
83,12,1018.533333
83,13,1079.466667
83,14,1061.166667
83,15,944.3833333
83,16,744.7666667
83,17,529.7
83,18,263.0333333
83,19,40.28333333
83,20,0
83,21,0
83,22,0
83,23,0
83,24,0
84,1,0
84,2,0
84,3,0
84,4,0
84,5,0
84,6,0
84,7,9
84,8,153.7166667
84,9,419.1166667
84,10,666.3166667
84,11,882.1833333
84,12,1016.966667
84,13,1090.75
84,14,1052.166667
84,15,914.4833333
84,16,709.65
84,17,471.9
84,18,220.5666667
84,19,33.56666667
84,20,0
84,21,0
84,22,0
84,23,0
84,24,0
85,1,0
85,2,0
85,3,0
85,4,0
85,5,0
85,6,0
85,7,13.28333333
85,8,174.4166667
85,9,167.6
85,10,377.2166667
85,11,854.1833333
85,12,889.4833333
85,13,946.1
85,14,966.1666667
85,15,958.1666667
85,16,836.8666667
85,17,529.3666667
85,18,263.6833333
85,19,40.5
85,20,0
85,21,0
85,22,0
85,23,0
85,24,0
86,1,0
86,2,0
86,3,0
86,4,0
86,5,0
86,6,0
86,7,6.7
86,8,156.2166667
86,9,414.6166667
86,10,664.05
86,11,878.3
86,12,1023.616667
86,13,1085.766667
86,14,1056.816667
86,15,895.3166667
86,16,761.7666667
86,17,540.25
86,18,263.8166667
86,19,33.48333333
86,20,0
86,21,0
86,22,0
86,23,0
86,24,0
87,1,0
87,2,0
87,3,0
87,4,0
87,5,0
87,6,0
87,7,3.8
87,8,153.4833333
87,9,257.5
87,10,348.2166667
87,11,819.3666667
87,12,613.5
87,13,637.45
87,14,767.6166667
87,15,681.1166667
87,16,406.35
87,17,269.9833333
87,18,225.2666667
87,19,29.85
87,20,0
87,21,0
87,22,0
87,23,0
87,24,0
88,1,0
88,2,0
88,3,0
88,4,0
88,5,0
88,6,0
88,7,1.366666667
88,8,52.48333333
88,9,150.4833333
88,10,379.4666667
88,11,726.3166667
88,12,746.8833333
88,13,612.7666667
88,14,509.6166667
88,15,803.6833333
88,16,602.8166667
88,17,358.8333333
88,18,125.9666667
88,19,29.53333333
88,20,0
88,21,0
88,22,0
88,23,0
88,24,0
89,1,0
89,2,0
89,3,0
89,4,0
89,5,0
89,6,0
89,7,4.433333333
89,8,73.6
89,9,88.43333333
89,10,161.1166667
89,11,430.9333333
89,12,444.6666667
89,13,739.4
89,14,472.1166667
89,15,331.5166667
89,16,145.8166667
89,17,259.7166667
89,18,110.4333333
89,19,27.53333333
89,20,0
89,21,0
89,22,0
89,23,0
89,24,0
90,1,0
90,2,0
90,3,0
90,4,0
90,5,0
90,6,0
90,7,6.533333333
90,8,105.7666667
90,9,300.7833333
90,10,584.8333333
90,11,806.4166667
90,12,733.9333333
90,13,917.15
90,14,728.1833333
90,15,630.9333333
90,16,517.6
90,17,349.2666667
90,18,180.85
90,19,28.78333333
90,20,0
90,21,0
90,22,0
90,23,0
90,24,0
91,1,0
91,2,0
91,3,0
91,4,0
91,5,0
91,6,0
91,7,11.43333333
91,8,164.2833333
91,9,415.4666667
91,10,651.3833333
91,11,875.6333333
91,12,792.8
91,13,920.9
91,14,950.75
91,15,904.9833333
91,16,695.1666667
91,17,443.2166667
91,18,294.85
91,19,34.85
91,20,0
91,21,0
91,22,0
91,23,0
91,24,0
92,1,0
92,2,0
92,3,0
92,4,0
92,5,0
92,6,0
92,7,16.35
92,8,178.65
92,9,410.2
92,10,415.4333333
92,11,320.5666667
92,12,349.25
92,13,420.7166667
92,14,746.4666667
92,15,218.8833333
92,16,358.1666667
92,17,332.5166667
92,18,105.35
92,19,45
92,20,0
92,21,0
92,22,0
92,23,0
92,24,0
93,1,0
93,2,0
93,3,0
93,4,0
93,5,0
93,6,0
93,7,14.28333333
93,8,203.6
93,9,469.3666667
93,10,720.3
93,11,935.8166667
93,12,1086.766667
93,13,1157.866667
93,14,1123.45
93,15,1005.55
93,16,814.1333333
93,17,579.3166667
93,18,314.6166667
93,19,62.65
93,20,0
93,21,0
93,22,0
93,23,0
93,24,0
94,1,0
94,2,0
94,3,0
94,4,0
94,5,0
94,6,0
94,7,17.15
94,8,212.25
94,9,485.4333333
94,10,727.8333333
94,11,927.5166667
94,12,1067.433333
94,13,1139.333333
94,14,1103.333333
94,15,991.8166667
94,16,805.5666667
94,17,574.5
94,18,308.1333333
94,19,58.41666667
94,20,0
94,21,0
94,22,0
94,23,0
94,24,0
95,1,0
95,2,0
95,3,0
95,4,0
95,5,0
95,6,0
95,7,18.16666667
95,8,211.4166667
95,9,481.2833333
95,10,726.45
95,11,938.3833333
95,12,1086
95,13,1137.716667
95,14,1101.25
95,15,978.1666667
95,16,789.3333333
95,17,558.3166667
95,18,292.1833333
95,19,52.81666667
95,20,0
95,21,0
95,22,0
95,23,0
95,24,0
96,1,0
96,2,0
96,3,0
96,4,0
96,5,0
96,6,0
96,7,16.56666667
96,8,197.2166667
96,9,464.6333333
96,10,707.3166667
96,11,922.8666667
96,12,1064.666667
96,13,1119.316667
96,14,1084.566667
96,15,969.15
96,16,771.2166667
96,17,541.0666667
96,18,276.35
96,19,47.3
96,20,0
96,21,0
96,22,0
96,23,0
96,24,0
97,1,0
97,2,0
97,3,0
97,4,0
97,5,0
97,6,0
97,7,16.71666667
97,8,202.6
97,9,471.9
97,10,718.8666667
97,11,930.65
97,12,1071.466667
97,13,1135.85
97,14,1100.033333
97,15,977.6
97,16,785.7833333
97,17,555.6
97,18,297.6333333
97,19,60.06666667
97,20,0
97,21,0
97,22,0
97,23,0
97,24,0
98,1,0
98,2,0
98,3,0
98,4,0
98,5,0
98,6,0
98,7,22.25
98,8,224.3166667
98,9,496.1666667
98,10,734.75
98,11,952.4
98,12,1101.1
98,13,1159.383333
98,14,1124.233333
98,15,1002.45
98,16,816.9166667
98,17,585.3
98,18,317.4
98,19,64.95
98,20,0
98,21,0
98,22,0
98,23,0
98,24,0
99,1,0
99,2,0
99,3,0
99,4,0
99,5,0
99,6,0
99,7,19.6
99,8,229.2833333
99,9,425.05
99,10,681.9833333
99,11,930.0166667
99,12,1070.783333
99,13,1141.65
99,14,1095.2
99,15,981.5166667
99,16,811.7666667
99,17,571.0666667
99,18,314.2833333
99,19,61.33333333
99,20,0
99,21,0
99,22,0
99,23,0
99,24,0
100,1,0
100,2,0
100,3,0
100,4,0
100,5,0
100,6,0
100,7,22.75
100,8,212.4666667
100,9,485
100,10,715.3666667
100,11,926.3
100,12,1065.066667
100,13,1126.4
100,14,1093
100,15,976.5666667
100,16,787.9833333
100,17,556.0666667
100,18,290.7833333
100,19,55.45
100,20,0
100,21,0
100,22,0
100,23,0
100,24,0
101,1,0
101,2,0
101,3,0
101,4,0
101,5,0
101,6,0
101,7,18.9
101,8,199.4333333
101,9,455.9833333
101,10,702.3833333
101,11,905.1333333
101,12,1037.25
101,13,1104.783333
101,14,1066.316667
101,15,899.9833333
101,16,684.5166667
101,17,457.1166667
101,18,254.2166667
101,19,45.95
101,20,0
101,21,0
101,22,0
101,23,0
101,24,0
102,1,0
102,2,0
102,3,0
102,4,0
102,5,0
102,6,0
102,7,22.25
102,8,216.2666667
102,9,481.7166667
102,10,725.65
102,11,942.0833333
102,12,1083.95
102,13,1158.15
102,14,1120
102,15,991.4166667
102,16,792.6166667
102,17,540.5333333
102,18,257.35
102,19,52.46666667
102,20,0
102,21,0
102,22,0
102,23,0
102,24,0
103,1,0
103,2,0
103,3,0
103,4,0
103,5,0
103,6,0
103,7,27.05
103,8,225.15
103,9,490.15
103,10,728
103,11,939.25
103,12,1080.35
103,13,1148.516667
103,14,1115.566667
103,15,989.3333333
103,16,805.25
103,17,570.6166667
103,18,305.1
103,19,60.73333333
103,20,0
103,21,0
103,22,0
103,23,0
103,24,0
104,1,0
104,2,0
104,3,0
104,4,0
104,5,0
104,6,0
104,7,26.33333333
104,8,222.9333333
104,9,485.4
104,10,712.8833333
104,11,923.2333333
104,12,1068.583333
104,13,1002.583333
104,14,794.05
104,15,830.9333333
104,16,544.9666667
104,17,314.0333333
104,18,154.8666667
104,19,33.41666667
104,20,0
104,21,0
104,22,0
104,23,0
104,24,0
105,1,0
105,2,0
105,3,0
105,4,0
105,5,0
105,6,0
105,7,16.36666667
105,8,195.3333333
105,9,497.6833333
105,10,712.6833333
105,11,923.9166667
105,12,956.4833333
105,13,1087.95
105,14,829.55
105,15,988.4166667
105,16,789.0666667
105,17,514.25
105,18,301.6833333
105,19,59.63333333
105,20,0
105,21,0
105,22,0
105,23,0
105,24,0
106,1,0
106,2,0
106,3,0
106,4,0
106,5,0
106,6,0
106,7,27.5
106,8,223.7833333
106,9,479.8
106,10,720.6833333
106,11,926.5666667
106,12,1067.533333
106,13,1129.4
106,14,1090.333333
106,15,971.75
106,16,791.2
106,17,564.4833333
106,18,305.5166667
106,19,62.88333333
106,20,0
106,21,0
106,22,0
106,23,0
106,24,0
107,1,0
107,2,0
107,3,0
107,4,0
107,5,0
107,6,0
107,7,29.7
107,8,236.85
107,9,496.1166667
107,10,732.05
107,11,937.7166667
107,12,1070.766667
107,13,1135.083333
107,14,1095.75
107,15,971.9333333
107,16,784.65
107,17,561.1
107,18,306.25
107,19,68.63333333
107,20,0
107,21,0
107,22,0
107,23,0
107,24,0
108,1,0
108,2,0
108,3,0
108,4,0
108,5,0
108,6,0
108,7,34.55
108,8,252.3166667
108,9,526.95
108,10,765.9833333
108,11,986.2833333
108,12,1123.116667
108,13,1196.9
108,14,1165.666667
108,15,1028.316667
108,16,830.1666667
108,17,597.8666667
108,18,331.2333333
108,19,81.15
108,20,0
108,21,0
108,22,0
108,23,0
108,24,0
109,1,0
109,2,0
109,3,0
109,4,0
109,5,0
109,6,0
109,7,35.63333333
109,8,224.9333333
109,9,528.6666667
109,10,764.2166667
109,11,969.8333333
109,12,1083.45
109,13,1149.05
109,14,1130.733333
109,15,992.2666667
109,16,801.3
109,17,566.3166667
109,18,297.6666667
109,19,59.86666667
109,20,0
109,21,0
109,22,0
109,23,0
109,24,0
110,1,0
110,2,0
110,3,0
110,4,0
110,5,0
110,6,0
110,7,37.61666667
110,8,256.6666667
110,9,522.05
110,10,761.15
110,11,961.2333333
110,12,1040.983333
110,13,1157.333333
110,14,1128.016667
110,15,1008
110,16,817.7166667
110,17,588.2
110,18,320.6333333
110,19,75.41666667
110,20,0
110,21,0
110,22,0
110,23,0
110,24,0
111,1,0
111,2,0
111,3,0
111,4,0
111,5,0
111,6,0
111,7,42.61666667
111,8,264.9333333
111,9,525.65
111,10,760.45
111,11,965.3
111,12,1101.2
111,13,1171.516667
111,14,1134.2
111,15,1004.066667
111,16,813.9666667
111,17,583.9
111,18,310.9
111,19,63.28333333
111,20,0.2
111,21,0
111,22,0
111,23,0
111,24,0
112,1,0
112,2,0
112,3,0
112,4,0
112,5,0
112,6,0
112,7,30.03333333
112,8,236.3666667
112,9,496.2666667
112,10,750.6166667
112,11,903.85
112,12,949.3166667
112,13,974.7166667
112,14,1104.633333
112,15,975.6166667
112,16,750.2333333
112,17,522.2833333
112,18,276.3833333
112,19,78.36666667
112,20,0
112,21,0
112,22,0
112,23,0
112,24,0
113,1,0
113,2,0
113,3,0
113,4,0
113,5,0
113,6,0
113,7,38.3
113,8,188.2833333
113,9,430.4833333
113,10,676.05
113,11,976.2166667
113,12,1098.866667
113,13,1162.883333
113,14,1136.05
113,15,995.3666667
113,16,800.2333333
113,17,568.1333333
113,18,299.4666667
113,19,68.68333333
113,20,0
113,21,0
113,22,0
113,23,0
113,24,0
114,1,0
114,2,0
114,3,0
114,4,0
114,5,0
114,6,0
114,7,43.58333333
114,8,263.5166667
114,9,520.4833333
114,10,760.65
114,11,960.7833333
114,12,1100.15
114,13,1162.4
114,14,1123.133333
114,15,986.95
114,16,794.25
114,17,563.3166667
114,18,299.6666667
114,19,68.21666667
114,20,0
114,21,0
114,22,0
114,23,0
114,24,0
115,1,0
115,2,0
115,3,0
115,4,0
115,5,0
115,6,0
115,7,47.6
115,8,273.8166667
115,9,535.3166667
115,10,769.45
115,11,963.5833333
115,12,1099.633333
115,13,1157.683333
115,14,1116.7
115,15,986.0666667
115,16,795.5666667
115,17,563.0333333
115,18,304.4
115,19,66.75
115,20,0
115,21,0
115,22,0
115,23,0
115,24,0
116,1,0
116,2,0
116,3,0
116,4,0
116,5,0
116,6,0
116,7,36.13333333
116,8,221.2
116,9,471.8666667
116,10,693.9833333
116,11,893.2
116,12,1031.983333
116,13,1089.1
116,14,1050.45
116,15,935.35
116,16,752.4333333
116,17,507.7166667
116,18,203.1166667
116,19,40.7
116,20,0
116,21,0
116,22,0
116,23,0
116,24,0
117,1,0
117,2,0
117,3,0
117,4,0
117,5,0
117,6,0
117,7,18.1
117,8,131.6333333
117,9,317.3833333
117,10,641.8
117,11,831.75
117,12,971.55
117,13,998.15
117,14,753.7833333
117,15,544.9166667
117,16,483.5
117,17,440.0333333
117,18,223.0833333
117,19,44.66666667
117,20,0.05
117,21,0
117,22,0
117,23,0
117,24,0
118,1,0
118,2,0
118,3,0
118,4,0
118,5,0
118,6,0
118,7,37.51666667
118,8,232.9333333
118,9,415.8
118,10,503.3833333
118,11,734.8166667
118,12,932.5166667
118,13,920.8166667
118,14,975.5333333
118,15,920.9666667
118,16,735.2333333
118,17,436.25
118,18,255.8333333
118,19,55.45
118,20,0
118,21,0
118,22,0
118,23,0
118,24,0
119,1,0
119,2,0
119,3,0
119,4,0
119,5,0
119,6,0
119,7,40.26666667
119,8,241.6666667
119,9,485.3166667
119,10,692.75
119,11,860.5833333
119,12,1038.633333
119,13,1122.633333
119,14,1078.65
119,15,948.6333333
119,16,765.9666667
119,17,472.5666667
119,18,280.25
119,19,57.88333333
119,20,0.016666667
119,21,0
119,22,0
119,23,0
119,24,0
120,1,0
120,2,0
120,3,0
120,4,0
120,5,0
120,6,0
120,7,47.01666667
120,8,261.4166667
120,9,521.0666667
120,10,756.55
120,11,957.3666667
120,12,1099.883333
120,13,1168.366667
120,14,1137.016667
120,15,1013.583333
120,16,832.4666667
120,17,609.5833333
120,18,347.75
120,19,91.7
120,20,0
120,21,0
120,22,0
120,23,0
120,24,0
121,1,0
121,2,0
121,3,0
121,4,0
121,5,0
121,6,0
121,7,133.3166667
121,8,452.75
121,9,619.35
121,10,746.25
121,11,840.9
121,12,1016
121,13,1199.083333
121,14,1163.15
121,15,1019.366667
121,16,830.7333333
121,17,600.0166667
121,18,336.4833333
121,19,86
121,20,0
121,21,0
121,22,0
121,23,0
121,24,0
122,1,0
122,2,0
122,3,0
122,4,0
122,5,0
122,6,0
122,7,224.5
122,8,655.5333333
122,9,770.2833333
122,10,933.5666667
122,11,1024.566667
122,12,1120.166667
122,13,1156.683333
122,14,1126.133333
122,15,1009.816667
122,16,824.2166667
122,17,585.8666667
122,18,329.2166667
122,19,89.11666667
122,20,0
122,21,0
122,22,0
122,23,0
122,24,0
123,1,0
123,2,0
123,3,0
123,4,0
123,5,0
123,6,0
123,7,244.2333333
123,8,591.9
123,9,766.0666667
123,10,947.8333333
123,11,1060.316667
123,12,1100.916667
123,13,1173.816667
123,14,1140.116667
123,15,1011.066667
123,16,816.3833333
123,17,584.2833333
123,18,327.3166667
123,19,85.8
123,20,0.05
123,21,0
123,22,0
123,23,0
123,24,0
124,1,0
124,2,0
124,3,0
124,4,0
124,5,0
124,6,0
124,7,130.5333333
124,8,362.35
124,9,617.4
124,10,783.7833333
124,11,938.25
124,12,1085.433333
124,13,1122.333333
124,14,1115.25
124,15,993.4666667
124,16,806.1666667
124,17,579.2333333
124,18,319.8833333
124,19,82.96666667
124,20,0.05
124,21,0
124,22,0
124,23,0
124,24,0
125,1,0
125,2,0
125,3,0
125,4,0
125,5,0
125,6,0
125,7,47.43333333
125,8,252.2833333
125,9,502.35
125,10,740
125,11,839.2
125,12,1111.85
125,13,1171.716667
125,14,1115.283333
125,15,987.1833333
125,16,801.85
125,17,581.75
125,18,327.6
125,19,87.16666667
125,20,0.05
125,21,0
125,22,0
125,23,0
125,24,0
126,1,0
126,2,0
126,3,0
126,4,0
126,5,0
126,6,0
126,7,56.83333333
126,8,180.3833333
126,9,434.2
126,10,727.5333333
126,11,939.1
126,12,1073.85
126,13,1129.95
126,14,1171.533333
126,15,764.1833333
126,16,814.3333333
126,17,529.2333333
126,18,239.6833333
126,19,25.98333333
126,20,0
126,21,0
126,22,0
126,23,0
126,24,0
127,1,0
127,2,0
127,3,0
127,4,0
127,5,0
127,6,0
127,7,25.31666667
127,8,239.4166667
127,9,489.9166667
127,10,706.7833333
127,11,926.4833333
127,12,1056.35
127,13,1106.116667
127,14,850.5833333
127,15,587.6333333
127,16,332.7833333
127,17,258.3333333
127,18,215.7
127,19,99.91666667
127,20,0.366666667
127,21,0
127,22,0
127,23,0
127,24,0
128,1,0
128,2,0
128,3,0
128,4,0
128,5,0
128,6,0
128,7,49.53333333
128,8,237.4
128,9,469.0833333
128,10,694.4833333
128,11,905.9666667
128,12,1031.616667
128,13,1083.566667
128,14,1055.416667
128,15,934.5333333
128,16,656.8
128,17,473.65
128,18,259.8333333
128,19,66.48333333
128,20,0.15
128,21,0
128,22,0
128,23,0
128,24,0
129,1,0
129,2,0
129,3,0
129,4,0
129,5,0
129,6,0
129,7,43.15
129,8,219.9166667
129,9,451.3666667
129,10,652.0333333
129,11,875.3666667
129,12,874.9666667
129,13,867.25
129,14,939.6166667
129,15,829.8333333
129,16,595.3833333
129,17,203.0166667
129,18,202.0333333
129,19,49.86666667
129,20,0.033333333
129,21,0
129,22,0
129,23,0
129,24,0
130,1,0
130,2,0
130,3,0
130,4,0
130,5,0
130,6,0
130,7,62.66666667
130,8,214.8
130,9,474.2666667
130,10,699.4
130,11,929.5333333
130,12,972.8666667
130,13,986.9833333
130,14,796.4666667
130,15,657.8833333
130,16,549.8166667
130,17,495.7666667
130,18,178.3166667
130,19,65.28333333
130,20,0.233333333
130,21,0
130,22,0
130,23,0
130,24,0
131,1,0
131,2,0
131,3,0
131,4,0
131,5,0
131,6,0
131,7,44.08333333
131,8,209.1
131,9,458.45
131,10,700.3
131,11,926.0166667
131,12,1046.633333
131,13,1066.35
131,14,890.3333333
131,15,501.05
131,16,559.4
131,17,489
131,18,275.4
131,19,92.73333333
131,20,0.116666667
131,21,0
131,22,0
131,23,0
131,24,0
132,1,0
132,2,0
132,3,0
132,4,0
132,5,0
132,6,0.866666667
132,7,272.7
132,8,529.2833333
132,9,624.5333333
132,10,698.1
132,11,781.2833333
132,12,886.0166667
132,13,1049
132,14,1113.916667
132,15,978.45
132,16,787.5666667
132,17,563.25
132,18,313.6833333
132,19,80.4
132,20,0.166666667
132,21,0
132,22,0
132,23,0
132,24,0
133,1,0
133,2,0
133,3,0
133,4,0
133,5,0
133,6,0
133,7,65.33333333
133,8,293.15
133,9,538.8166667
133,10,813.4666667
133,11,936.3
133,12,978.9833333
133,13,1084.383333
133,14,1114.266667
133,15,990
133,16,800.7333333
133,17,570.95
133,18,321.8833333
133,19,85.7
133,20,0.2
133,21,0
133,22,0
133,23,0
133,24,0
134,1,0
134,2,0
134,3,0
134,4,0
134,5,0
134,6,0
134,7,76.85
134,8,238.9
134,9,416.2
134,10,481.95
134,11,500.5666667
134,12,473.95
134,13,477.65
134,14,772.4666667
134,15,527.95
134,16,346.6166667
134,17,147
134,18,60.08333333
134,19,19.65
134,20,0
134,21,0
134,22,0
134,23,0
134,24,0
135,1,0
135,2,0
135,3,0
135,4,0
135,5,0
135,6,0
135,7,103.5666667
135,8,258.3666667
135,9,437.4333333
135,10,792.3666667
135,11,954.1666667
135,12,1033.783333
135,13,1116.2
135,14,1107.566667
135,15,986.15
135,16,801.4666667
135,17,574.3166667
135,18,327.05
135,19,92.71666667
135,20,0.566666667
135,21,0
135,22,0
135,23,0
135,24,0
136,1,0
136,2,0
136,3,0
136,4,0
136,5,0
136,6,0
136,7,64.31666667
136,8,286.4333333
136,9,531.5
136,10,737.75
136,11,872.0166667
136,12,951.5666667
136,13,1096.5
136,14,1130.866667
136,15,1015.85
136,16,832.2833333
136,17,605.65
136,18,348.4833333
136,19,98.88333333
136,20,0.55
136,21,0
136,22,0
136,23,0
136,24,0
137,1,0
137,2,0
137,3,0
137,4,0
137,5,0
137,6,0
137,7,190.9166667
137,8,567.5333333
137,9,718.5
137,10,769.5333333
137,11,949.2166667
137,12,1041.533333
137,13,1122.083333
137,14,1132.566667
137,15,1004.933333
137,16,818.3166667
137,17,600
137,18,351.75
137,19,105.5
137,20,0.5
137,21,0
137,22,0
137,23,0
137,24,0
138,1,0
138,2,0
138,3,0
138,4,0
138,5,0
138,6,0.6
138,7,277.2
138,8,519.4833333
138,9,623.8
138,10,704.4333333
138,11,806.5666667
138,12,934.45
138,13,1111.966667
138,14,1114.65
138,15,983.3833333
138,16,784.1333333
138,17,570.4
138,18,254.3833333
138,19,85.8
138,20,0.466666667
138,21,0
138,22,0
138,23,0
138,24,0
139,1,0
139,2,0
139,3,0
139,4,0
139,5,0
139,6,0.016666667
139,7,39.68333333
139,8,237.3666667
139,9,449.8666667
139,10,715.9166667
139,11,925.05
139,12,1037.55
139,13,841.6833333
139,14,897.4833333
139,15,779.1833333
139,16,667.5333333
139,17,420.1666667
139,18,206.5833333
139,19,68.45
139,20,0.8
139,21,0
139,22,0
139,23,0
139,24,0
140,1,0
140,2,0
140,3,0
140,4,0
140,5,0
140,6,0.066666667
140,7,65.2
140,8,289.85
140,9,498.1166667
140,10,702.0166667
140,11,935.7166667
140,12,1066.55
140,13,1070.016667
140,14,1024.066667
140,15,974.5333333
140,16,768.0166667
140,17,556.6833333
140,18,318.5166667
140,19,94.33333333
140,20,0.266666667
140,21,0
140,22,0
140,23,0
140,24,0
141,1,0
141,2,0
141,3,0
141,4,0
141,5,0
141,6,0
141,7,88.58333333
141,8,324.6833333
141,9,500.5166667
141,10,759.15
141,11,959.7166667
141,12,994.2333333
141,13,918.75
141,14,819.7333333
141,15,625.5
141,16,280.0833333
141,17,113.5666667
141,18,58.81666667
141,19,15.01666667
141,20,0.483333333
141,21,0
141,22,0
141,23,0
141,24,0
142,1,0
142,2,0
142,3,0
142,4,0
142,5,0
142,6,0.116666667
142,7,218.3
142,8,571.1666667
142,9,813.4833333
142,10,969.8
142,11,986.3
142,12,1013.183333
142,13,1092.616667
142,14,1027.916667
142,15,590.2666667
142,16,331.4
142,17,336.45
142,18,196.4
142,19,86.23333333
142,20,0.366666667
142,21,0
142,22,0
142,23,0
142,24,0
143,1,0
143,2,0
143,3,0
143,4,0
143,5,0
143,6,0.066666667
143,7,263.45
143,8,559.9
143,9,744.7166667
143,10,831.7
143,11,915.3
143,12,997.5333333
143,13,1087
143,14,1080.133333
143,15,987.2833333
143,16,522.45
143,17,565.2166667
143,18,271.6
143,19,93.68333333
143,20,0.816666667
143,21,0
143,22,0
143,23,0
143,24,0
144,1,0
144,2,0
144,3,0
144,4,0
144,5,0
144,6,0.1
144,7,189.1333333
144,8,574
144,9,776.6666667
144,10,862.3833333
144,11,956.75
144,12,1031.833333
144,13,1117.833333
144,14,1096.616667
144,15,966.9
144,16,791.3166667
144,17,572.0666667
144,18,323.0166667
144,19,93.41666667
144,20,0.85
144,21,0
144,22,0
144,23,0
144,24,0
145,1,0
145,2,0
145,3,0
145,4,0
145,5,0
145,6,0.25
145,7,88.81666667
145,8,275.2833333
145,9,477.0333333
145,10,709.9666667
145,11,947.9333333
145,12,1073.266667
145,13,1121.583333
145,14,1087.05
145,15,965.2166667
145,16,785.2666667
145,17,573.9333333
145,18,267.45
145,19,61.68333333
145,20,0.216666667
145,21,0
145,22,0
145,23,0
145,24,0
146,1,0
146,2,0
146,3,0
146,4,0
146,5,0
146,6,0.1
146,7,69.91666667
146,8,280.6333333
146,9,422.65
146,10,594.2166667
146,11,775.3833333
146,12,958.9166667
146,13,1062.166667
146,14,1088.65
146,15,968.75
146,16,772.4166667
146,17,455.8666667
146,18,151.0333333
146,19,40.76666667
146,20,0.766666667
146,21,0
146,22,0
146,23,0
146,24,0
147,1,0
147,2,0
147,3,0
147,4,0
147,5,0
147,6,0.2
147,7,274.5
147,8,647.3
147,9,904.7833333
147,10,996.4166667
147,11,1031.166667
147,12,1079.433333
147,13,1107.816667
147,14,1016.066667
147,15,1000.65
147,16,705.7333333
147,17,162.2833333
147,18,80.1
147,19,50.56666667
147,20,0.516666667
147,21,0
147,22,0
147,23,0
147,24,0
148,1,0
148,2,0
148,3,0
148,4,0
148,5,0
148,6,0.05
148,7,67.13333333
148,8,282.3666667
148,9,519.8166667
148,10,734.1166667
148,11,931.3666667
148,12,1078.1
148,13,1094.15
148,14,1082.266667
148,15,972.55
148,16,802.7166667
148,17,570.5833333
148,18,259.4
148,19,71.76666667
148,20,0.45
148,21,0
148,22,0
148,23,0
148,24,0
149,1,0
149,2,0
149,3,0
149,4,0
149,5,0
149,6,0.116666667
149,7,65.11666667
149,8,267.4666667
149,9,611.4666667
149,10,895.4333333
149,11,976.5
149,12,1061.633333
149,13,1145.083333
149,14,870.2333333
149,15,788.9666667
149,16,758.35
149,17,412.6666667
149,18,300.4333333
149,19,62.75
149,20,0.5
149,21,0
149,22,0
149,23,0
149,24,0
150,1,0
150,2,0
150,3,0
150,4,0
150,5,0
150,6,0.25
150,7,74.48333333
150,8,286.0833333
150,9,525.4333333
150,10,736.9166667
150,11,941.5666667
150,12,1065.9
150,13,1113.816667
150,14,1028.666667
150,15,878.0666667
150,16,805.0166667
150,17,555.6
150,18,321.5666667
150,19,95.93333333
150,20,0.6
150,21,0
150,22,0
150,23,0
150,24,0
151,1,0
151,2,0
151,3,0
151,4,0
151,5,0
151,6,0.05
151,7,72
151,8,285.4833333
151,9,521.8666667
151,10,730.7333333
151,11,937.8166667
151,12,1065.016667
151,13,891.8333333
151,14,419.2666667
151,15,1002.25
151,16,573.1833333
151,17,337.8333333
151,18,196.6833333
151,19,58.58333333
151,20,1.733333333
151,21,0
151,22,0
151,23,0
151,24,0
152,1,0
152,2,0
152,3,0
152,4,0
152,5,0
152,6,0.083333333
152,7,71.3
152,8,285.3333333
152,9,525.2333333
152,10,734.9166667
152,11,924.9166667
152,12,1047.35
152,13,1075.766667
152,14,1075.716667
152,15,906.05
152,16,574.5
152,17,378.0666667
152,18,179.4
152,19,56.4
152,20,0.416666667
152,21,0
152,22,0
152,23,0
152,24,0
153,1,0
153,2,0
153,3,0
153,4,0
153,5,0
153,6,0.1
153,7,70.11666667
153,8,280.1166667
153,9,515.5833333
153,10,725.7
153,11,924.5833333
153,12,1049.4
153,13,1118.85
153,14,1174.716667
153,15,891.4333333
153,16,303.2166667
153,17,225.5
153,18,165.9333333
153,19,51.88333333
153,20,1.716666667
153,21,0
153,22,0
153,23,0
153,24,0
154,1,0
154,2,0
154,3,0
154,4,0
154,5,0
154,6,0.133333333
154,7,203.9
154,8,507.1666667
154,9,646.35
154,10,843.3166667
154,11,919.8333333
154,12,1056.866667
154,13,1131.2
154,14,1025.533333
154,15,629.7666667
154,16,491.95
154,17,209.1833333
154,18,211.65
154,19,47.36666667
154,20,0.266666667
154,21,0
154,22,0
154,23,0
154,24,0
155,1,0
155,2,0
155,3,0
155,4,0
155,5,0
155,6,0.066666667
155,7,210.1833333
155,8,550.5666667
155,9,727.2
155,10,807.6833333
155,11,893.85
155,12,974.25
155,13,1069.833333
155,14,1055.6
155,15,751.45
155,16,433.7333333
155,17,408.25
155,18,188.35
155,19,72.68333333
155,20,1.616666667
155,21,0
155,22,0
155,23,0
155,24,0
156,1,0
156,2,0
156,3,0
156,4,0
156,5,0
156,6,0.216666667
156,7,71.38333333
156,8,277.4166667
156,9,510.6
156,10,694.6166667
156,11,756.4
156,12,870.9833333
156,13,962.5
156,14,267.5333333
156,15,227.65
156,16,264.2666667
156,17,260.6666667
156,18,100.35
156,19,42.75
156,20,1.183333333
156,21,0
156,22,0
156,23,0
156,24,0
157,1,0
157,2,0
157,3,0
157,4,0
157,5,0
157,6,0.116666667
157,7,69.05
157,8,281.0833333
157,9,519.2
157,10,724.9833333
157,11,920.9833333
157,12,1024.466667
157,13,1073.666667
157,14,768.8833333
157,15,301.4
157,16,341.9666667
157,17,121.7166667
157,18,129.5833333
157,19,56.3
157,20,1.1
157,21,0
157,22,0
157,23,0
157,24,0
158,1,0
158,2,0
158,3,0
158,4,0
158,5,0
158,6,0
158,7,69.55
158,8,287.3333333
158,9,501.3666667
158,10,694.95
158,11,787.65
158,12,672.0166667
158,13,933.5333333
158,14,1059.8
158,15,668.7666667
158,16,671.5333333
158,17,584.4333333
158,18,304.5666667
158,19,57.9
158,20,1.583333333
158,21,0
158,22,0
158,23,0
158,24,0
159,1,0
159,2,0
159,3,0
159,4,0
159,5,0
159,6,0.066666667
159,7,72.38333333
159,8,285.8166667
159,9,513.8666667
159,10,726.5666667
159,11,927.45
159,12,1055.766667
159,13,603.55
159,14,386.8166667
159,15,342.6666667
159,16,372.2166667
159,17,344.5666667
159,18,83.33333333
159,19,23.43333333
159,20,1
159,21,0
159,22,0
159,23,0
159,24,0
160,1,0
160,2,0
160,3,0
160,4,0
160,5,0
160,6,0.3
160,7,72.95
160,8,285.7666667
160,9,524.5166667
160,10,736.6
160,11,933.8833333
160,12,1064.1
160,13,1119.416667
160,14,1094.066667
160,15,726.8166667
160,16,857.05
160,17,591.5166667
160,18,386.9333333
160,19,166.8333333
160,20,4.833333333
160,21,0
160,22,0
160,23,0
160,24,0
161,1,0
161,2,0
161,3,0
161,4,0
161,5,0
161,6,0.233333333
161,7,74
161,8,288.8833333
161,9,522.3333333
161,10,733.8666667
161,11,930.4
161,12,1057.483333
161,13,1108.3
161,14,1091.816667
161,15,735.9333333
161,16,610.8166667
161,17,257.2833333
161,18,207.4666667
161,19,94.35
161,20,7.516666667
161,21,0
161,22,0
161,23,0
161,24,0
162,1,0
162,2,0
162,3,0
162,4,0
162,5,0
162,6,0.25
162,7,75.75
162,8,218.7833333
162,9,284.9833333
162,10,465.25
162,11,614.2833333
162,12,640.8166667
162,13,690.1333333
162,14,863.05
162,15,652.3666667
162,16,395.6666667
162,17,218.1333333
162,18,202.9833333
162,19,57.08333333
162,20,0.566666667
162,21,0
162,22,0
162,23,0
162,24,0
163,1,0
163,2,0
163,3,0
163,4,0
163,5,0
163,6,0.166666667
163,7,59.13333333
163,8,245.5
163,9,462.2333333
163,10,679.5
163,11,889.1333333
163,12,978.1333333
163,13,1061.15
163,14,972.2166667
163,15,795.5666667
163,16,681.8833333
163,17,530.0833333
163,18,319.2666667
163,19,80.51666667
163,20,2.183333333
163,21,0
163,22,0
163,23,0
163,24,0
164,1,0
164,2,0
164,3,0
164,4,0
164,5,0
164,6,0.233333333
164,7,64.68333333
164,8,247.1666667
164,9,455.5666667
164,10,658.2
164,11,843.7
164,12,971.3166667
164,13,916.3
164,14,876.5333333
164,15,725.1666667
164,16,471.2166667
164,17,268.2666667
164,18,118.2333333
164,19,33.9
164,20,1.566666667
164,21,0
164,22,0
164,23,0
164,24,0
165,1,0
165,2,0
165,3,0
165,4,0
165,5,0
165,6,0.216666667
165,7,60.8
165,8,242.1333333
165,9,475.6666667
165,10,688.2666667
165,11,889.2166667
165,12,1027.05
165,13,1130.083333
165,14,737.8166667
165,15,873.7666667
165,16,423.7166667
165,17,228.1833333
165,18,102.3333333
165,19,55.8
165,20,1.15
165,21,0
165,22,0
165,23,0
165,24,0
166,1,0
166,2,0
166,3,0
166,4,0
166,5,0
166,6,0.116666667
166,7,62.55
166,8,181.9166667
166,9,428.8166667
166,10,663.0166667
166,11,864.1833333
166,12,1024.05
166,13,673.6333333
166,14,868.0333333
166,15,938.2833333
166,16,434.7333333
166,17,221.3
166,18,138.1333333
166,19,64.35
166,20,4.483333333
166,21,0
166,22,0
166,23,0
166,24,0
167,1,0
167,2,0
167,3,0
167,4,0
167,5,0
167,6,0
167,7,29.11666667
167,8,149.4166667
167,9,328.4333333
167,10,622.4
167,11,756.55
167,12,933.7333333
167,13,1274.216667
167,14,956.5
167,15,974.7666667
167,16,392.6
167,17,341
167,18,269.3333333
167,19,118.5333333
167,20,5.033333333
167,21,0
167,22,0
167,23,0
167,24,0
168,1,0
168,2,0
168,3,0
168,4,0
168,5,0
168,6,0.45
168,7,146.8666667
168,8,539.4333333
168,9,877.9833333
168,10,994.2166667
168,11,1038.133333
168,12,1108.533333
168,13,576.8833333
168,14,71.48333333
168,15,599.45
168,16,255.0833333
168,17,236.0166667
168,18,86.48333333
168,19,42.61666667
168,20,3.066666667
168,21,0
168,22,0
168,23,0
168,24,0
169,1,0
169,2,0
169,3,0
169,4,0
169,5,0
169,6,0.05
169,7,149.8666667
169,8,481.15
169,9,895.7
169,10,1058.066667
169,11,1094.816667
169,12,1166.25
169,13,1054.583333
169,14,558.6833333
169,15,308.7833333
169,16,288.15
169,17,222.6666667
169,18,150.4166667
169,19,39.03333333
169,20,1.366666667
169,21,0
169,22,0
169,23,0
169,24,0
170,1,0
170,2,0
170,3,0
170,4,0
170,5,0
170,6,0.266666667
170,7,77.05
170,8,299.9666667
170,9,536.0333333
170,10,734.8
170,11,929.5333333
170,12,1045.033333
170,13,1110.616667
170,14,1073.45
170,15,905.45
170,16,800.5666667
170,17,568.4166667
170,18,278.4
170,19,113.8166667
170,20,3.666666667
170,21,0
170,22,0
170,23,0
170,24,0
171,1,0
171,2,0
171,3,0
171,4,0
171,5,0
171,6,0
171,7,73.5
171,8,281.2666667
171,9,524.9166667
171,10,734.75
171,11,914.35
171,12,1061.633333
171,13,1103.15
171,14,1023.05
171,15,923.4333333
171,16,710.2
171,17,517.0333333
171,18,242.3666667
171,19,62.63333333
171,20,1.3
171,21,0
171,22,0
171,23,0
171,24,0
172,1,0
172,2,0
172,3,0
172,4,0
172,5,0
172,6,0
172,7,29.76666667
172,8,176.7
172,9,411.3333333
172,10,630.4833333
172,11,825.8833333
172,12,960.3166667
172,13,882.25
172,14,601.25
172,15,559.85
172,16,586.1833333
172,17,428.95
172,18,104.1333333
172,19,35.3
172,20,1.55
172,21,0
172,22,0
172,23,0
172,24,0
173,1,0
173,2,0
173,3,0
173,4,0
173,5,0
173,6,0.05
173,7,43.35
173,8,162.2166667
173,9,342.15
173,10,561.25
173,11,730.15
173,12,880.35
173,13,951.7
173,14,901.2
173,15,656.9833333
173,16,290.4333333
173,17,129.2333333
173,18,172.7333333
173,19,58.85
173,20,3
173,21,0
173,22,0
173,23,0
173,24,0
174,1,0
174,2,0
174,3,0
174,4,0
174,5,0
174,6,0.4
174,7,67.01666667
174,8,237.3333333
174,9,453.3333333
174,10,544.1833333
174,11,658.0666667
174,12,922.5833333
174,13,631.2333333
174,14,1054.933333
174,15,286.4666667
174,16,287.0666667
174,17,236.7333333
174,18,171.4
174,19,70.68333333
174,20,2.6
174,21,0
174,22,0
174,23,0
174,24,0
175,1,0
175,2,0
175,3,0
175,4,0
175,5,0
175,6,0.216666667
175,7,71.55
175,8,209.2
175,9,352.9
175,10,671.0333333
175,11,848.3833333
175,12,1031.916667
175,13,755.1333333
175,14,398.7166667
175,15,343.3
175,16,255.6833333
175,17,304.6166667
175,18,164.7833333
175,19,52.51666667
175,20,7.45
175,21,0
175,22,0
175,23,0
175,24,0
176,1,0
176,2,0
176,3,0
176,4,0
176,5,0
176,6,0.05
176,7,58.56666667
176,8,239.65
176,9,459.3833333
176,10,664.7833333
176,11,850.1166667
176,12,1004.883333
176,13,1063.683333
176,14,1025.6
176,15,787.8
176,16,345.55
176,17,302.1
176,18,238.8833333
176,19,154.6
176,20,9.683333333
176,21,0
176,22,0
176,23,0
176,24,0
177,1,0
177,2,0
177,3,0
177,4,0
177,5,0
177,6,0
177,7,43.18333333
177,8,212.6
177,9,433.3833333
177,10,644.6333333
177,11,812.5166667
177,12,955.6
177,13,1032.066667
177,14,773.1333333
177,15,553.0666667
177,16,579.5833333
177,17,285.2333333
177,18,95.38333333
177,19,21.15
177,20,1.816666667
177,21,0
177,22,0
177,23,0
177,24,0
178,1,0
178,2,0
178,3,0
178,4,0
178,5,0
178,6,0.016666667
178,7,47.1
178,8,205.4166667
178,9,416.8833333
178,10,623.9833333
178,11,807
178,12,948.9
178,13,1013.916667
178,14,934.7333333
178,15,699.65
178,16,222.0666667
178,17,226.0666667
178,18,131.85
178,19,29.36666667
178,20,0.9
178,21,0
178,22,0
178,23,0
178,24,0
179,1,0
179,2,0
179,3,0
179,4,0
179,5,0
179,6,0
179,7,55.1
179,8,239.7666667
179,9,467.6833333
179,10,666.9833333
179,11,850.9666667
179,12,991.7833333
179,13,1055.266667
179,14,1097.716667
179,15,556.0333333
179,16,117.5833333
179,17,164.7166667
179,18,209.85
179,19,59.78333333
179,20,5.816666667
179,21,0
179,22,0
179,23,0
179,24,0
180,1,0
180,2,0
180,3,0
180,4,0
180,5,0
180,6,0
180,7,41.31666667
180,8,172.0666667
180,9,474.4666667
180,10,586.5
180,11,521.2666667
180,12,807.4
180,13,1030.533333
180,14,919.7833333
180,15,901.6166667
180,16,651.4666667
180,17,322.5333333
180,18,133.0166667
180,19,22.88333333
180,20,1.516666667
180,21,0
180,22,0
180,23,0
180,24,0
181,1,0
181,2,0
181,3,0
181,4,0
181,5,0
181,6,0.05
181,7,52.1
181,8,248.0333333
181,9,450.3166667
181,10,648.0333333
181,11,780.4666667
181,12,923.3833333
181,13,1006.166667
181,14,947.05
181,15,893.8666667
181,16,314.3333333
181,17,24.48333333
181,18,20.51666667
181,19,3.666666667
181,20,0.983333333
181,21,0
181,22,0
181,23,0
181,24,0
182,1,0
182,2,0
182,3,0
182,4,0
182,5,0
182,6,0.05
182,7,53.86666667
182,8,242.5833333
182,9,466.85
182,10,672.45
182,11,855.0333333
182,12,975.1666667
182,13,1030.75
182,14,932.1166667
182,15,653.25
182,16,128.2166667
182,17,16.31666667
182,18,16.15
182,19,9.516666667
182,20,0.1
182,21,0
182,22,0
182,23,0
182,24,0
183,1,0
183,2,0
183,3,0
183,4,0
183,5,0
183,6,0.116666667
183,7,38.06666667
183,8,180.6166667
183,9,411.3333333
183,10,468.25
183,11,820.0166667
183,12,816.3666667
183,13,572.0333333
183,14,555.5833333
183,15,650.0333333
183,16,249.2166667
183,17,182.05
183,18,98.38333333
183,19,46.61666667
183,20,1.3
183,21,0
183,22,0
183,23,0
183,24,0
184,1,0
184,2,0
184,3,0
184,4,0
184,5,0
184,6,0
184,7,40.23333333
184,8,122.8666667
184,9,285.8
184,10,359.8333333
184,11,609.3833333
184,12,753.1333333
184,13,833.9666667
184,14,761.3333333
184,15,936.5666667
184,16,406.7
184,17,343.55
184,18,234.6333333
184,19,74.53333333
184,20,5.983333333
184,21,0
184,22,0
184,23,0
184,24,0
185,1,0
185,2,0
185,3,0
185,4,0
185,5,0
185,6,0
185,7,48.05
185,8,177.15
185,9,229.4
185,10,668.9833333
185,11,872.35
185,12,862.85
185,13,970.65
185,14,561.6
185,15,203.1333333
185,16,363.15
185,17,520.1666667
185,18,232.85
185,19,76.91666667
185,20,2.15
185,21,0
185,22,0
185,23,0
185,24,0
186,1,0
186,2,0
186,3,0
186,4,0
186,5,0
186,6,0.016666667
186,7,68.56666667
186,8,176.5833333
186,9,370.2666667
186,10,480.2833333
186,11,731.6166667
186,12,982.3333333
186,13,1019.416667
186,14,1018.566667
186,15,912.8166667
186,16,527.5166667
186,17,236.1333333
186,18,93.08333333
186,19,45.7
186,20,3.3
186,21,0
186,22,0
186,23,0
186,24,0
187,1,0
187,2,0
187,3,0
187,4,0
187,5,0
187,6,0
187,7,28.78333333
187,8,231.0333333
187,9,525.9166667
187,10,682.1833333
187,11,945.3833333
187,12,921.2666667
187,13,942
187,14,581.3833333
187,15,756.5333333
187,16,757.5166667
187,17,345.7833333
187,18,169.7333333
187,19,68.33333333
187,20,1.933333333
187,21,0
187,22,0
187,23,0
187,24,0
188,1,0
188,2,0
188,3,0
188,4,0
188,5,0
188,6,0
188,7,60.81666667
188,8,309.3833333
188,9,518.6333333
188,10,618.5833333
188,11,913.6
188,12,1047.983333
188,13,1104.766667
188,14,1072.566667
188,15,974.85
188,16,798.8833333
188,17,597.3
188,18,357.9666667
188,19,106.65
188,20,2.066666667
188,21,0
188,22,0
188,23,0
188,24,0
189,1,0
189,2,0
189,3,0
189,4,0
189,5,0
189,6,0
189,7,68.73333333
189,8,295.4666667
189,9,536.35
189,10,762.9333333
189,11,968.3166667
189,12,1107.9
189,13,1157.616667
189,14,1120.116667
189,15,966.65
189,16,786.4833333
189,17,585.1666667
189,18,348.5833333
189,19,127.35
189,20,4.933333333
189,21,0
189,22,0
189,23,0
189,24,0
190,1,0
190,2,0
190,3,0
190,4,0
190,5,0
190,6,0
190,7,58.96666667
190,8,268.5333333
190,9,502.4666667
190,10,732.2
190,11,931.4833333
190,12,1073.35
190,13,1127.633333
190,14,1104.516667
190,15,1002.883333
190,16,826.8833333
190,17,629.9166667
190,18,397.4
190,19,147.4
190,20,6.133333333
190,21,0
190,22,0
190,23,0
190,24,0
191,1,0
191,2,0
191,3,0
191,4,0
191,5,0
191,6,0
191,7,53.18333333
191,8,260.6666667
191,9,491.45
191,10,720.2833333
191,11,922.8333333
191,12,1069.566667
191,13,1124.633333
191,14,1096.333333
191,15,988.7333333
191,16,812.8
191,17,609.65
191,18,376.65
191,19,137.4833333
191,20,5.266666667
191,21,0
191,22,0
191,23,0
191,24,0
192,1,0
192,2,0
192,3,0
192,4,0
192,5,0
192,6,0
192,7,53.68333333
192,8,259.8
192,9,493.6666667
192,10,721.0333333
192,11,916.0166667
192,12,1052.716667
192,13,1110.116667
192,14,1078.816667
192,15,992.0166667
192,16,758.6166667
192,17,546.8333333
192,18,299.4166667
192,19,137.2
192,20,4.783333333
192,21,0
192,22,0
192,23,0
192,24,0
193,1,0
193,2,0
193,3,0
193,4,0
193,5,0
193,6,0
193,7,54.58333333
193,8,255.4833333
193,9,490.8833333
193,10,712.95
193,11,910.25
193,12,1047.366667
193,13,1101.533333
193,14,1082.483333
193,15,987.5666667
193,16,719.15
193,17,165.1833333
193,18,263.6833333
193,19,62.25
193,20,1.316666667
193,21,0
193,22,0
193,23,0
193,24,0
194,1,0
194,2,0
194,3,0
194,4,0
194,5,0
194,6,0
194,7,52.83333333
194,8,270.7666667
194,9,446.8166667
194,10,722.4833333
194,11,869.15
194,12,727.6666667
194,13,888.2333333
194,14,803.1
194,15,657.8166667
194,16,384.4666667
194,17,228.05
194,18,202.5
194,19,54.48333333
194,20,2.1
194,21,0
194,22,0
194,23,0
194,24,0
195,1,0
195,2,0
195,3,0
195,4,0
195,5,0
195,6,0
195,7,52.2
195,8,135.85
195,9,239.9166667
195,10,577.0666667
195,11,900.2333333
195,12,1036.316667
195,13,1093.083333
195,14,1065.45
195,15,989.0833333
195,16,682.1
195,17,226.0333333
195,18,141.3833333
195,19,69.05
195,20,0.733333333
195,21,0
195,22,0
195,23,0
195,24,0
196,1,0
196,2,0
196,3,0
196,4,0
196,5,0
196,6,0
196,7,23.23333333
196,8,121.95
196,9,328.4833333
196,10,498.8333333
196,11,673.3833333
196,12,719.3166667
196,13,709.3166667
196,14,755.3666667
196,15,640
196,16,290.75
196,17,68.41666667
196,18,23.3
196,19,31.75
196,20,0.716666667
196,21,0
196,22,0.066666667
196,23,0
196,24,0
197,1,0
197,2,0
197,3,0
197,4,0
197,5,0
197,6,0
197,7,32.4
197,8,186.9333333
197,9,403.8333333
197,10,611.5
197,11,815.4833333
197,12,947.4833333
197,13,1020.933333
197,14,873.2166667
197,15,610.85
197,16,566.4666667
197,17,256.1
197,18,154
197,19,47.21666667
197,20,3.333333333
197,21,0
197,22,0
197,23,0
197,24,0
198,1,0
198,2,0
198,3,0
198,4,0
198,5,0
198,6,0
198,7,54.05
198,8,274.9166667
198,9,517.4166667
198,10,737.5666667
198,11,924.4833333
198,12,1066.566667
198,13,1125.95
198,14,1103.966667
198,15,999.8166667
198,16,824.4833333
198,17,623.9333333
198,18,336.2833333
198,19,66.85
198,20,3.8
198,21,0
198,22,0
198,23,0
198,24,0
199,1,0
199,2,0
199,3,0
199,4,0
199,5,0
199,6,0
199,7,52.98333333
199,8,266.9166667
199,9,501.5666667
199,10,717.6666667
199,11,907.8166667
199,12,1054.483333
199,13,1112.85
199,14,1083.9
199,15,984.4
199,16,759.65
199,17,299.4166667
199,18,133.4
199,19,73.7
199,20,1.683333333
199,21,0
199,22,0
199,23,0
199,24,0
200,1,0
200,2,0
200,3,0
200,4,0
200,5,0
200,6,0
200,7,59.33333333
200,8,258.3166667
200,9,495.0166667
200,10,720.3833333
200,11,908.3833333
200,12,1049.95
200,13,1108.783333
200,14,1085.15
200,15,923.9666667
200,16,656.9666667
200,17,274.5333333
200,18,159.8
200,19,84.3
200,20,2.533333333
200,21,0
200,22,0
200,23,0
200,24,0
201,1,0
201,2,0
201,3,0
201,4,0
201,5,0
201,6,0
201,7,40
201,8,243.1833333
201,9,493.8833333
201,10,715.9333333
201,11,905.65
201,12,1049.933333
201,13,1110.95
201,14,1092.25
201,15,1000.683333
201,16,562.2666667
201,17,328.8333333
201,18,166.8166667
201,19,69
201,20,3.633333333
201,21,0
201,22,0
201,23,0
201,24,0
202,1,0
202,2,0
202,3,0
202,4,0
202,5,0
202,6,0
202,7,44.31666667
202,8,246.8833333
202,9,489.05
202,10,714.5666667
202,11,907.85
202,12,1052.316667
202,13,1113.9
202,14,1085.683333
202,15,983.35
202,16,811.5666667
202,17,606.8
202,18,371.4
202,19,129.05
202,20,3.75
202,21,0
202,22,0
202,23,0
202,24,0
203,1,0
203,2,0
203,3,0
203,4,0
203,5,0
203,6,0
203,7,52.05
203,8,269.7333333
203,9,515.2833333
203,10,735.9666667
203,11,928.4
203,12,1069.25
203,13,1133.8
203,14,1106.983333
203,15,979.0166667
203,16,836.2333333
203,17,622.4666667
203,18,384.3166667
203,19,150.1833333
203,20,5.433333333
203,21,0
203,22,0
203,23,0
203,24,0
204,1,0
204,2,0
204,3,0
204,4,0
204,5,0
204,6,0
204,7,52.03333333
204,8,268.35
204,9,510.3166667
204,10,732.4
204,11,926.6333333
204,12,1065.766667
204,13,1127.866667
204,14,1093.316667
204,15,996.7166667
204,16,825.4333333
204,17,618.8833333
204,18,370.5
204,19,118.15
204,20,2.966666667
204,21,0
204,22,0
204,23,0
204,24,0
205,1,0
205,2,0
205,3,0
205,4,0
205,5,0
205,6,0
205,7,46.35
205,8,267.8833333
205,9,509.4666667
205,10,732.7833333
205,11,924.7666667
205,12,1068.75
205,13,1133.566667
205,14,1104.7
205,15,990.1666667
205,16,799.4
205,17,628.85
205,18,393.5166667
205,19,119.3
205,20,3.283333333
205,21,0
205,22,0
205,23,0
205,24,0
206,1,0
206,2,0
206,3,0
206,4,0
206,5,0
206,6,0
206,7,49.41666667
206,8,264.7666667
206,9,505.75
206,10,726.6666667
206,11,923
206,12,1062.7
206,13,1118.5
206,14,1087.05
206,15,983.8833333
206,16,808.9666667
206,17,591.8166667
206,18,359.1333333
206,19,78.96666667
206,20,1.95
206,21,0
206,22,0
206,23,0
206,24,0
207,1,0
207,2,0
207,3,0
207,4,0
207,5,0
207,6,0
207,7,45.51666667
207,8,250.1833333
207,9,492.9
207,10,717.5666667
207,11,915.0166667
207,12,1055.016667
207,13,1119.483333
207,14,1093.366667
207,15,985.6666667
207,16,811.3333333
207,17,604.2
207,18,359.9333333
207,19,134.05
207,20,5.066666667
207,21,0
207,22,0
207,23,0
207,24,0
208,1,0
208,2,0
208,3,0
208,4,0
208,5,0
208,6,0
208,7,46.88333333
208,8,260.8333333
208,9,507.15
208,10,736.3166667
208,11,935.4833333
208,12,1083.116667
208,13,1135.533333
208,14,1112.866667
208,15,1013.283333
208,16,836.6833333
208,17,628.75
208,18,374.9
208,19,126.3
208,20,3.816666667
208,21,0
208,22,0
208,23,0
208,24,0
209,1,0
209,2,0
209,3,0
209,4,0
209,5,0
209,6,0
209,7,42.26666667
209,8,240.75
209,9,484.8166667
209,10,713.7166667
209,11,907.3166667
209,12,1048.833333
209,13,1114.45
209,14,1092.533333
209,15,992.3833333
209,16,768.8
209,17,520.4333333
209,18,363.4833333
209,19,79.51666667
209,20,1.066666667
209,21,0
209,22,0
209,23,0
209,24,0
210,1,0
210,2,0
210,3,0
210,4,0
210,5,0
210,6,0
210,7,41.06666667
210,8,237.95
210,9,476.3
210,10,702.3333333
210,11,904.2666667
210,12,1041.166667
210,13,1045
210,14,1032.6
210,15,997.2333333
210,16,820.7
210,17,611.55
210,18,368.7166667
210,19,125.9166667
210,20,4.983333333
210,21,0
210,22,0
210,23,0
210,24,0
211,1,0
211,2,0
211,3,0
211,4,0
211,5,0
211,6,0
211,7,48.23333333
211,8,263.2666667
211,9,507.1833333
211,10,728.5166667
211,11,933.7166667
211,12,1079.783333
211,13,1138.783333
211,14,1121.033333
211,15,1024.5
211,16,853.7
211,17,637.2
211,18,383.7666667
211,19,127.6
211,20,2.883333333
211,21,0
211,22,0
211,23,0
211,24,0
212,1,0
212,2,0
212,3,0
212,4,0
212,5,0
212,6,0
212,7,40.81666667
212,8,242.4
212,9,492.1166667
212,10,721.1666667
212,11,924.0166667
212,12,1065.516667
212,13,1129.133333
212,14,1104.266667
212,15,1003.416667
212,16,835.4166667
212,17,622.5
212,18,370.25
212,19,121.3
212,20,2.2
212,21,0
212,22,0
212,23,0
212,24,0
213,1,0
213,2,0
213,3,0
213,4,0
213,5,0
213,6,0
213,7,41.38333333
213,8,243.5
213,9,485.4333333
213,10,706.4
213,11,909.05
213,12,1054.733333
213,13,1107.783333
213,14,1082.166667
213,15,985.5833333
213,16,815.3666667
213,17,607.5666667
213,18,354.35
213,19,110.8666667
213,20,1.35
213,21,0
213,22,0
213,23,0
213,24,0
214,1,0
214,2,0
214,3,0
214,4,0
214,5,0
214,6,0
214,7,26.83333333
214,8,152.1333333
214,9,350.8
214,10,549.6833333
214,11,747.55
214,12,922.35
214,13,982.1833333
214,14,938.9166667
214,15,715.5333333
214,16,640.5833333
214,17,398.2666667
214,18,175.1666667
214,19,32.61666667
214,20,0.1
214,21,0
214,22,0
214,23,0
214,24,0
215,1,0
215,2,0
215,3,0
215,4,0
215,5,0
215,6,0
215,7,25
215,8,161.3833333
215,9,363.4833333
215,10,584.6666667
215,11,655.9833333
215,12,310.1
215,13,266.7666667
215,14,165.6833333
215,15,137.6333333
215,16,71.46666667
215,17,99.65
215,18,53.48333333
215,19,15.61666667
215,20,0.9
215,21,0
215,22,0
215,23,0
215,24,0
216,1,0
216,2,0
216,3,0
216,4,0
216,5,0
216,6,0
216,7,14.7
216,8,166.5166667
216,9,382.45
216,10,141.0333333
216,11,300.8333333
216,12,748.0666667
216,13,1010.35
216,14,1064.3
216,15,748.9166667
216,16,699.8833333
216,17,500.5833333
216,18,308.3333333
216,19,71.45
216,20,0.033333333
216,21,0
216,22,0
216,23,0
216,24,0
217,1,0
217,2,0
217,3,0
217,4,0
217,5,0
217,6,0
217,7,20.68333333
217,8,105.6
217,9,364.4166667
217,10,643.6166667
217,11,823.8166667
217,12,960.0666667
217,13,1029.216667
217,14,1019.083333
217,15,408.05
217,16,379.2
217,17,196.6833333
217,18,124.3
217,19,36.8
217,20,0.116666667
217,21,0
217,22,0
217,23,0
217,24,0
218,1,0
218,2,0
218,3,0
218,4,0
218,5,0
218,6,0
218,7,33.61666667
218,8,214.75
218,9,465.8166667
218,10,700.3166667
218,11,913.8833333
218,12,1045.15
218,13,1100.6
218,14,1082.183333
218,15,971.3333333
218,16,796.75
218,17,584.55
218,18,301.3
218,19,43.98333333
218,20,0.483333333
218,21,0
218,22,0
218,23,0
218,24,0
219,1,0
219,2,0
219,3,0
219,4,0
219,5,0
219,6,0
219,7,26.76666667
219,8,218.8166667
219,9,461.3833333
219,10,693.7333333
219,11,897.8833333
219,12,1013.85
219,13,1011.216667
219,14,1027.733333
219,15,907.7333333
219,16,592.4333333
219,17,670.9333333
219,18,301.8
219,19,83.11666667
219,20,0.466666667
219,21,0
219,22,0
219,23,0
219,24,0
220,1,0
220,2,0
220,3,0
220,4,0
220,5,0
220,6,0
220,7,28.75
220,8,179.3
220,9,420.9
220,10,666.45
220,11,880.6833333
220,12,1013.866667
220,13,1087.116667
220,14,935.4833333
220,15,481.2666667
220,16,530.0666667
220,17,422.95
220,18,383.3166667
220,19,120.4333333
220,20,0.683333333
220,21,0
220,22,0
220,23,0
220,24,0
221,1,0
221,2,0
221,3,0
221,4,0
221,5,0
221,6,0
221,7,27.4
221,8,217
221,9,406.5166667
221,10,671.1666667
221,11,886.95
221,12,1015.783333
221,13,1074.083333
221,14,1052.8
221,15,951.6333333
221,16,749.5833333
221,17,491.3333333
221,18,152.3166667
221,19,27.91666667
221,20,0.15
221,21,0
221,22,0
221,23,0
221,24,0
222,1,0
222,2,0
222,3,0
222,4,0
222,5,0
222,6,0
222,7,31.95
222,8,221.75
222,9,456.7833333
222,10,691.7166667
222,11,899.8833333
222,12,1029.1
222,13,1090.85
222,14,1077.766667
222,15,956.85
222,16,618.1
222,17,564.8166667
222,18,137.7166667
222,19,53.38333333
222,20,0.283333333
222,21,0
222,22,0
222,23,0
222,24,0
223,1,0
223,2,0
223,3,0
223,4,0
223,5,0
223,6,0
223,7,33.16666667
223,8,229.1833333
223,9,480.3166667
223,10,725.85
223,11,939.6166667
223,12,1066.233333
223,13,1122.533333
223,14,1093.4
223,15,970.1666667
223,16,796.2666667
223,17,584.2666667
223,18,340.2666667
223,19,94.45
223,20,0.366666667
223,21,0
223,22,0
223,23,0
223,24,0
224,1,0
224,2,0
224,3,0
224,4,0
224,5,0
224,6,0
224,7,35.18333333
224,8,231.9833333
224,9,471.5333333
224,10,703.6833333
224,11,912.0833333
224,12,1043.883333
224,13,1112.15
224,14,1083.816667
224,15,962.3333333
224,16,793.8666667
224,17,580.4666667
224,18,336.85
224,19,91
224,20,0.466666667
224,21,0
224,22,0
224,23,0
224,24,0
225,1,0
225,2,0
225,3,0
225,4,0
225,5,0
225,6,0
225,7,35.28333333
225,8,232.7666667
225,9,474.8333333
225,10,710.7333333
225,11,918.1833333
225,12,1045.883333
225,13,1101.966667
225,14,1077.95
225,15,958.9333333
225,16,788.7166667
225,17,576.5333333
225,18,326.9333333
225,19,87.95
225,20,0.316666667
225,21,0
225,22,0
225,23,0
225,24,0
226,1,0
226,2,0
226,3,0
226,4,0
226,5,0
226,6,0
226,7,31.76666667
226,8,226
226,9,466.3666667
226,10,703.7166667
226,11,913.5
226,12,1040.666667
226,13,1101.333333
226,14,1077.65
226,15,947.75
226,16,790.2666667
226,17,577.0666667
226,18,307.35
226,19,35.03333333
226,20,0.183333333
226,21,0
226,22,0
226,23,0
226,24,0
227,1,0
227,2,0
227,3,0
227,4,0
227,5,0
227,6,0
227,7,31.35
227,8,229.3
227,9,472.1166667
227,10,712.4666667
227,11,925.75
227,12,1045.316667
227,13,1104.7
227,14,1076.95
227,15,959.3666667
227,16,788.8333333
227,17,573.7333333
227,18,331.8166667
227,19,86.11666667
227,20,0.183333333
227,21,0
227,22,0
227,23,0
227,24,0
228,1,0
228,2,0
228,3,0
228,4,0
228,5,0
228,6,0
228,7,32.63333333
228,8,236.6333333
228,9,481.8166667
228,10,721.7333333
228,11,936.7833333
228,12,1060.816667
228,13,1119.55
228,14,1090.95
228,15,967
228,16,785.9
228,17,549.8
228,18,277.45
228,19,63.93333333
228,20,0.25
228,21,0
228,22,0
228,23,0
228,24,0
229,1,0
229,2,0
229,3,0
229,4,0
229,5,0
229,6,0
229,7,28.25
229,8,216.0833333
229,9,454.55
229,10,690.7333333
229,11,897.3166667
229,12,1027.433333
229,13,1082.416667
229,14,1055.116667
229,15,952.8
229,16,781.8
229,17,486.2333333
229,18,246.1333333
229,19,81.06666667
229,20,0.016666667
229,21,0
229,22,0
229,23,0
229,24,0
230,1,0
230,2,0
230,3,0
230,4,0
230,5,0
230,6,0
230,7,25.5
230,8,203.6666667
230,9,442.4
230,10,674.95
230,11,884.95
230,12,1007.733333
230,13,1067.05
230,14,970.7833333
230,15,827.8166667
230,16,742.7833333
230,17,384.9166667
230,18,78.78333333
230,19,39.1
230,20,0
230,21,0
230,22,0
230,23,0
230,24,0
231,1,0
231,2,0
231,3,0
231,4,0
231,5,0
231,6,0
231,7,29.73333333
231,8,217.2166667
231,9,462.6166667
231,10,701.8
231,11,918.65
231,12,1052.916667
231,13,1096.65
231,14,1080.05
231,15,969.9
231,16,793.2333333
231,17,569
231,18,318.3833333
231,19,88.7
231,20,0.366666667
231,21,0
231,22,0
231,23,0
231,24,0
232,1,0
232,2,0
232,3,0
232,4,0
232,5,0
232,6,0
232,7,25.65
232,8,205.8833333
232,9,436.2333333
232,10,665.65
232,11,875.0666667
232,12,1007.85
232,13,1075.366667
232,14,867.7
232,15,715.85
232,16,567.8333333
232,17,504.7833333
232,18,130.3833333
232,19,31.61666667
232,20,0
232,21,0
232,22,0
232,23,0
232,24,0
233,1,0
233,2,0
233,3,0
233,4,0
233,5,0
233,6,0
233,7,15.48333333
233,8,122.7166667
233,9,271.8666667
233,10,482.3
233,11,705.3333333
233,12,479.8
233,13,882.05
233,14,818.85
233,15,368.2166667
233,16,464.1166667
233,17,238.7833333
233,18,185.6166667
233,19,30.75
233,20,0
233,21,0
233,22,0
233,23,0
233,24,0
234,1,0
234,2,0
234,3,0
234,4,0
234,5,0
234,6,0
234,7,12.58333333
234,8,99.93333333
234,9,371.5
234,10,513.5666667
234,11,785.45
234,12,916.9
234,13,756.2
234,14,604.6
234,15,215.3333333
234,16,71.1
234,17,61.96666667
234,18,13.16666667
234,19,8.05
234,20,0.05
234,21,0
234,22,0
234,23,0
234,24,0
235,1,0
235,2,0
235,3,0
235,4,0
235,5,0
235,6,0
235,7,20.13333333
235,8,166.1833333
235,9,386.9666667
235,10,617.4
235,11,794.0333333
235,12,908.3166667
235,13,697.3833333
235,14,932.7333333
235,15,630.95
235,16,370.5833333
235,17,110.6
235,18,74.38333333
235,19,19.28333333
235,20,14.81666667
235,21,2.716666667
235,22,0
235,23,0
235,24,0
236,1,0
236,2,0
236,3,0
236,4,0
236,5,0
236,6,0
236,7,19.05
236,8,161.7666667
236,9,394.05
236,10,625.5833333
236,11,826.4666667
236,12,949
236,13,965.15
236,14,481.4
236,15,741.2666667
236,16,402.4833333
236,17,186
236,18,85.98333333
236,19,47.71666667
236,20,0.266666667
236,21,0
236,22,0
236,23,0
236,24,0
237,1,0
237,2,0
237,3,0
237,4,0
237,5,0
237,6,0
237,7,19.36666667
237,8,177.8
237,9,419.6666667
237,10,644.8833333
237,11,850.3
237,12,978.9333333
237,13,1063.833333
237,14,982.4166667
237,15,585.6166667
237,16,266.5166667
237,17,146
237,18,85.76666667
237,19,56.86666667
237,20,0
237,21,0
237,22,0
237,23,0
237,24,0
238,1,0
238,2,0
238,3,0
238,4,0
238,5,0
238,6,0
238,7,13.58333333
238,8,129.2333333
238,9,375.1166667
238,10,651.15
238,11,797.9333333
238,12,918.9
238,13,665.05
238,14,913.95
238,15,462.0333333
238,16,164.8833333
238,17,110.3166667
238,18,69.13333333
238,19,24.71666667
238,20,0
238,21,0
238,22,0
238,23,0
238,24,0
239,1,0
239,2,0
239,3,0
239,4,0
239,5,0
239,6,0
239,7,15.88333333
239,8,119.8166667
239,9,190.5333333
239,10,285.1833333
239,11,788.8833333
239,12,516.2666667
239,13,624.4333333
239,14,922.4666667
239,15,932.2166667
239,16,670.95
239,17,330.8666667
239,18,247.3166667
239,19,58.51666667
239,20,0
239,21,0
239,22,0
239,23,0
239,24,0
240,1,0
240,2,0
240,3,0
240,4,0
240,5,0
240,6,0
240,7,30.03333333
240,8,193.9833333
240,9,423.45
240,10,661.2833333
240,11,865.4833333
240,12,1000.166667
240,13,1049
240,14,1015.383333
240,15,930.5333333
240,16,628.05
240,17,220.2
240,18,138.7666667
240,19,27.2
240,20,0
240,21,0
240,22,0
240,23,0
240,24,0
241,1,0
241,2,0
241,3,0
241,4,0
241,5,0
241,6,0
241,7,21.18333333
241,8,192.7333333
241,9,420.3333333
241,10,645
241,11,828.0166667
241,12,961.25
241,13,1013.766667
241,14,964.2166667
241,15,828.1333333
241,16,673.1666667
241,17,116.15
241,18,45.35
241,19,4.883333333
241,20,0
241,21,0
241,22,0
241,23,0
241,24,0
242,1,0
242,2,0
242,3,0
242,4,0
242,5,0
242,6,0
242,7,16.18333333
242,8,112.1
242,9,301.1333333
242,10,476.8666667
242,11,732.3666667
242,12,933.8666667
242,13,941.1666667
242,14,961.3
242,15,902.1166667
242,16,310.4833333
242,17,71.3
242,18,8.883333333
242,19,0.783333333
242,20,0
242,21,0
242,22,0
242,23,0
242,24,0
243,1,0
243,2,0
243,3,0
243,4,0
243,5,0
243,6,0
243,7,11.96666667
243,8,150.8833333
243,9,400.5166667
243,10,666.7166667
243,11,830.35
243,12,914.05
243,13,913.1833333
243,14,1064.766667
243,15,887.1
243,16,696.85
243,17,250.0833333
243,18,223.0666667
243,19,57.3
243,20,0
243,21,0
243,22,0
243,23,0
243,24,0
244,1,0
244,2,0
244,3,0
244,4,0
244,5,0
244,6,0
244,7,9.85
244,8,160
244,9,432.7
244,10,706.9333333
244,11,851.0666667
244,12,987.9333333
244,13,1050.033333
244,14,1014.833333
244,15,866.95
244,16,486.1166667
244,17,491.1666667
244,18,249.5
244,19,17.61666667
244,20,0
244,21,0
244,22,0
244,23,0
244,24,0
245,1,0
245,2,0
245,3,0
245,4,0
245,5,0
245,6,0
245,7,1.483333333
245,8,42.03333333
245,9,166.9833333
245,10,383.9333333
245,11,484.55
245,12,564.9333333
245,13,617.05
245,14,524.5
245,15,213
245,16,184.3333333
245,17,121.7333333
245,18,50.28333333
245,19,7.533333333
245,20,0
245,21,0
245,22,0
245,23,0
245,24,0
246,1,0
246,2,0
246,3,0
246,4,0
246,5,0
246,6,0
246,7,4.483333333
246,8,115.1166667
246,9,239.2
246,10,287.3333333
246,11,284.6666667
246,12,253.2333333
246,13,599
246,14,723
246,15,575.2166667
246,16,444.6333333
246,17,311.9
246,18,199.6
246,19,22.83333333
246,20,0
246,21,0
246,22,0
246,23,0
246,24,0
247,1,0
247,2,0
247,3,0
247,4,0
247,5,0
247,6,0
247,7,4.483333333
247,8,115.1166667
247,9,239.2
247,10,287.3333333
247,11,284.6666667
247,12,253.2333333
247,13,599
247,14,723
247,15,575.2166667
247,16,444.6333333
247,17,311.9
247,18,199.6
247,19,22.83333333
247,20,0
247,21,0
247,22,0
247,23,0
247,24,0
248,1,0
248,2,0
248,3,0
248,4,0
248,5,0
248,6,0
248,7,22.85
248,8,120.0666667
248,9,328.1333333
248,10,463.3166667
248,11,795.95
248,12,1033.866667
248,13,863.5
248,14,714.3333333
248,15,246.7166667
248,16,87.15
248,17,104.0166667
248,18,46.95
248,19,14.88333333
248,20,0
248,21,0
248,22,0
248,23,0
248,24,0
249,1,0
249,2,0
249,3,0
249,4,0
249,5,0
249,6,0
249,7,5.783333333
249,8,72.6
249,9,329.2
249,10,606.6333333
249,11,672.6166667
249,12,1004.4
249,13,1110.533333
249,14,981.3
249,15,477.6666667
249,16,322.0666667
249,17,196.1666667
249,18,136.0166667
249,19,29.75
249,20,0
249,21,0
249,22,0
249,23,0
249,24,0
250,1,0
250,2,0
250,3,0
250,4,0
250,5,0
250,6,0
250,7,22.85
250,8,120.0666667
250,9,328.1333333
250,10,463.3166667
250,11,795.95
250,12,1033.866667
250,13,863.5
250,14,714.3333333
250,15,246.7166667
250,16,87.15
250,17,104.0166667
250,18,46.95
250,19,14.88333333
250,20,0
250,21,0
250,22,0
250,23,0
250,24,0
251,1,0
251,2,0
251,3,0
251,4,0
251,5,0
251,6,0
251,7,5.783333333
251,8,72.6
251,9,329.2
251,10,606.6333333
251,11,672.6166667
251,12,1004.4
251,13,1110.533333
251,14,981.3
251,15,477.6666667
251,16,322.0666667
251,17,196.1666667
251,18,136.0166667
251,19,29.75
251,20,0
251,21,0
251,22,0
251,23,0
251,24,0
252,1,0
252,2,0
252,3,0
252,4,0
252,5,0
252,6,0
252,7,5.7
252,8,71.81666667
252,9,494.8
252,10,666.3
252,11,861.7833333
252,12,981.2166667
252,13,552.2
252,14,475.4
252,15,465.8166667
252,16,522.7833333
252,17,360.1833333
252,18,180.0333333
252,19,18.11666667
252,20,0
252,21,0
252,22,0
252,23,0
252,24,0
253,1,0
253,2,0
253,3,0
253,4,0
253,5,0
253,6,0
253,7,19.68333333
253,8,196.6833333
253,9,439.5333333
253,10,669.25
253,11,870.1666667
253,12,999.5166667
253,13,1047.666667
253,14,1008.55
253,15,880.5333333
253,16,694.6833333
253,17,482.9
253,18,167.15
253,19,13.6
253,20,0
253,21,0
253,22,0
253,23,0
253,24,0
254,1,0
254,2,0
254,3,0
254,4,0
254,5,0
254,6,0
254,7,11.11666667
254,8,79.35
254,9,170.7666667
254,10,274.2833333
254,11,250.6
254,12,752.3
254,13,1078.55
254,14,1018.85
254,15,538.95
254,16,311.05
254,17,95.6
254,18,83.51666667
254,19,8.366666667
254,20,0
254,21,0
254,22,0
254,23,0
254,24,0
255,1,0
255,2,0
255,3,0
255,4,0
255,5,0
255,6,0
255,7,7.35
255,8,129.9
255,9,307.8
255,10,597.2666667
255,11,817.5333333
255,12,918.9166667
255,13,657.9833333
255,14,871.25
255,15,334.9666667
255,16,196.9333333
255,17,75.8
255,18,133.1333333
255,19,17.56666667
255,20,0
255,21,0
255,22,0
255,23,0
255,24,0
256,1,0
256,2,0
256,3,0
256,4,0
256,5,0
256,6,0
256,7,13.85
256,8,173.05
256,9,383.9
256,10,576.7
256,11,726.2833333
256,12,962.2833333
256,13,619
256,14,601.65
256,15,867.4833333
256,16,461.4833333
256,17,331.3833333
256,18,121.7166667
256,19,8.716666667
256,20,0
256,21,0
256,22,0
256,23,0
256,24,0
257,1,0
257,2,0
257,3,0
257,4,0
257,5,0
257,6,0
257,7,14.35
257,8,180.3166667
257,9,279.8333333
257,10,511.0166667
257,11,735.4833333
257,12,675.2666667
257,13,666.1666667
257,14,677.7833333
257,15,829.4
257,16,677.35
257,17,384.7333333
257,18,216.75
257,19,18.58333333
257,20,0
257,21,0
257,22,0
257,23,0
257,24,0
258,1,0
258,2,0
258,3,0
258,4,0
258,5,0
258,6,0
258,7,16.86666667
258,8,165.2166667
258,9,279.2333333
258,10,323.8333333
258,11,225.3166667
258,12,289.6666667
258,13,687.1333333
258,14,884.6833333
258,15,885.1833333
258,16,473.3
258,17,114.9333333
258,18,52.71666667
258,19,8.216666667
258,20,0
258,21,0
258,22,0
258,23,0
258,24,0
259,1,0
259,2,0
259,3,0
259,4,0
259,5,0
259,6,0
259,7,15.5
259,8,178.1666667
259,9,414.8833333
259,10,641.3166667
259,11,815.7166667
259,12,656.7333333
259,13,1059.6
259,14,733.4166667
259,15,297.4666667
259,16,568.55
259,17,270.1166667
259,18,79.73333333
259,19,25.28333333
259,20,0
259,21,0
259,22,0
259,23,0
259,24,0
260,1,0
260,2,0
260,3,0
260,4,0
260,5,0
260,6,0
260,7,13.63333333
260,8,135.65
260,9,211.5166667
260,10,578.3666667
260,11,862.3166667
260,12,1034.166667
260,13,1056.733333
260,14,799.4
260,15,767.2166667
260,16,668.6333333
260,17,427.1333333
260,18,143.95
260,19,6.716666667
260,20,0
260,21,0
260,22,0
260,23,0
260,24,0
261,1,0
261,2,0
261,3,0
261,4,0
261,5,0
261,6,0
261,7,15.46666667
261,8,186.75
261,9,439.2166667
261,10,673.3
261,11,876.4833333
261,12,1006.95
261,13,1050.016667
261,14,1004.566667
261,15,853.05
261,16,674.2333333
261,17,455.9
261,18,197.1166667
261,19,17.23333333
261,20,0
261,21,0
261,22,0
261,23,0
261,24,0
262,1,0
262,2,0
262,3,0
262,4,0
262,5,0
262,6,0
262,7,15.53333333
262,8,194.1333333
262,9,440.4
262,10,669.3333333
262,11,869.3
262,12,1000.45
262,13,929.2666667
262,14,1004.5
262,15,893.9166667
262,16,628.3833333
262,17,417.65
262,18,226.25
262,19,9.65
262,20,0
262,21,0
262,22,0
262,23,0
262,24,0
263,1,0
263,2,0
263,3,0
263,4,0
263,5,0
263,6,0
263,7,13.86666667
263,8,164.2333333
263,9,404.2666667
263,10,680.9166667
263,11,836.9
263,12,968.4
263,13,985.0166667
263,14,967.8166667
263,15,810.9666667
263,16,547.1333333
263,17,438.25
263,18,98.3
263,19,4.95
263,20,0
263,21,0
263,22,0
263,23,0
263,24,0
264,1,0
264,2,0
264,3,0
264,4,0
264,5,0
264,6,0
264,7,11.86666667
264,8,158.0166667
264,9,388.25
264,10,619.3833333
264,11,812.5666667
264,12,933.95
264,13,785.65
264,14,584.5166667
264,15,886.7
264,16,251.3666667
264,17,101.1833333
264,18,106.0666667
264,19,13.16666667
264,20,0
264,21,0
264,22,0
264,23,0
264,24,0
265,1,0
265,2,0.133333333
265,3,0
265,4,0
265,5,0
265,6,0
265,7,14.48333333
265,8,103.9166667
265,9,181.45
265,10,299.9
265,11,242.15
265,12,840.5666667
265,13,863.1666667
265,14,462.5166667
265,15,652.8666667
265,16,558.4666667
265,17,386.7166667
265,18,198.5333333
265,19,12.55
265,20,0
265,21,0
265,22,0
265,23,0
265,24,0
266,1,0
266,2,0.133333333
266,3,0
266,4,0
266,5,0
266,6,0
266,7,14.48333333
266,8,103.9166667
266,9,181.45
266,10,299.9
266,11,242.15
266,12,840.5666667
266,13,863.1666667
266,14,462.5166667
266,15,652.8666667
266,16,558.4666667
266,17,386.7166667
266,18,198.5333333
266,19,12.55
266,20,0
266,21,0
266,22,0
266,23,0
266,24,0
267,1,0
267,2,0
267,3,0
267,4,0
267,5,0
267,6,0
267,7,13.66666667
267,8,113.0333333
267,9,440.4833333
267,10,639.25
267,11,863.45
267,12,574.35
267,13,563.0166667
267,14,507.2333333
267,15,540.3166667
267,16,632
267,17,303.6833333
267,18,119.45
267,19,13.98333333
267,20,0
267,21,0
267,22,0
267,23,0
267,24,0
268,1,0
268,2,0
268,3,0
268,4,0
268,5,0
268,6,0
268,7,12.48333333
268,8,172.1166667
268,9,415.8333333
268,10,636.45
268,11,829.0333333
268,12,962.35
268,13,749.65
268,14,464.1
268,15,276.8666667
268,16,195.2
268,17,276.0833333
268,18,161.95
268,19,10.95
268,20,0
268,21,0
268,22,0
268,23,0
268,24,0
269,1,0
269,2,0
269,3,0
269,4,0
269,5,0
269,6,0
269,7,13.8
269,8,170.0833333
269,9,413.2333333
269,10,628.3166667
269,11,822.9
269,12,946.2
269,13,985.0833333
269,14,943.8166667
269,15,724.5166667
269,16,271.4333333
269,17,295.7333333
269,18,48.33333333
269,19,2.483333333
269,20,0
269,21,0
269,22,0
269,23,0
269,24,0
270,1,0
270,2,0
270,3,0
270,4,0
270,5,0
270,6,0
270,7,12.18333333
270,8,165.9666667
270,9,414.7
270,10,639.95
270,11,835.3166667
270,12,960.55
270,13,993.2333333
270,14,949.3333333
270,15,819.2666667
270,16,591.5166667
270,17,378.3666667
270,18,109.1666667
270,19,4.616666667
270,20,0
270,21,0
270,22,0
270,23,0
270,24,0
271,1,0
271,2,0
271,3,0
271,4,0
271,5,0
271,6,0
271,7,12.68333333
271,8,175.7
271,9,418.0833333
271,10,635.1166667
271,11,833.7833333
271,12,962.5666667
271,13,997.35
271,14,945.9166667
271,15,797.85
271,16,626.0166667
271,17,367.0666667
271,18,154.85
271,19,6.35
271,20,0
271,21,0
271,22,0
271,23,0
271,24,0
272,1,0
272,2,0
272,3,0
272,4,0
272,5,0
272,6,0
272,7,12.68333333
272,8,175.7
272,9,418.0833333
272,10,635.1166667
272,11,833.7833333
272,12,962.5666667
272,13,997.35
272,14,945.9166667
272,15,797.85
272,16,626.0166667
272,17,367.0666667
272,18,154.85
272,19,6.35
272,20,0
272,21,0
272,22,0
272,23,0
272,24,0
273,1,0
273,2,0
273,3,0
273,4,0
273,5,0
273,6,0
273,7,12.53333333
273,8,190.4
273,9,438.5166667
273,10,660.2666667
273,11,862.8
273,12,986.3
273,13,1013.616667
273,14,975.8666667
273,15,838.4333333
273,16,642.6833333
273,17,414.7166667
273,18,158.65
273,19,6.383333333
273,20,0
273,21,0
273,22,0
273,23,0
273,24,0
274,1,0
274,2,0
274,3,0
274,4,0
274,5,0
274,6,0
274,7,11.95
274,8,177.4833333
274,9,422.7666667
274,10,636.6666667
274,11,833.3833333
274,12,968.15
274,13,1007.9
274,14,878.1833333
274,15,910.2
274,16,540.7833333
274,17,299.9333333
274,18,91.41666667
274,19,3.066666667
274,20,0
274,21,0
274,22,0
274,23,0
274,24,0
275,1,0
275,2,0
275,3,0
275,4,0
275,5,0
275,6,0
275,7,10.7
275,8,170.05
275,9,412.85
275,10,629.35
275,11,837.9833333
275,12,871.8
275,13,913.3
275,14,1031.283333
275,15,828.3166667
275,16,463
275,17,428.7833333
275,18,130.95
275,19,2.9
275,20,0
275,21,0
275,22,0
275,23,0
275,24,0
276,1,0
276,2,0
276,3,0
276,4,0
276,5,0
276,6,0
276,7,10.28333333
276,8,171.05
276,9,415.6
276,10,631.9666667
276,11,825.35
276,12,961.2333333
276,13,871.5333333
276,14,976.7
276,15,816.0666667
276,16,602.5333333
276,17,397.15
276,18,166.1833333
276,19,11.76666667
276,20,0
276,21,0
276,22,0
276,23,0
276,24,0
277,1,0
277,2,0
277,3,0
277,4,0
277,5,0
277,6,0
277,7,8.833333333
277,8,139.05
277,9,376.7333333
277,10,638.95
277,11,807.3666667
277,12,920.2666667
277,13,984
277,14,943.7833333
277,15,820.5833333
277,16,470.3
277,17,385.95
277,18,136.9333333
277,19,4.283333333
277,20,0
277,21,0
277,22,0
277,23,0
277,24,0
278,1,0
278,2,0
278,3,0
278,4,0
278,5,0
278,6,0
278,7,10.51666667
278,8,169.9333333
278,9,414.4666667
278,10,633.9166667
278,11,824.9333333
278,12,941.6166667
278,13,919.5
278,14,874.2333333
278,15,660.8
278,16,599.0166667
278,17,389.6166667
278,18,137.9166667
278,19,3.7
278,20,0
278,21,0
278,22,0
278,23,0
278,24,0
279,1,0
279,2,0
279,3,0
279,4,0
279,5,0
279,6,0
279,7,12.38333333
279,8,187.3166667
279,9,432.1166667
279,10,632.7
279,11,813
279,12,955.45
279,13,966.2833333
279,14,881.0666667
279,15,600.4166667
279,16,576.3333333
279,17,387.5
279,18,137.4666667
279,19,2.35
279,20,0
279,21,0
279,22,0
279,23,0
279,24,0
280,1,0
280,2,0
280,3,0
280,4,0
280,5,0
280,6,0
280,7,10.1
280,8,169.2666667
280,9,413.25
280,10,633.7166667
280,11,827.45
280,12,943.3666667
280,13,984.7
280,14,964.9
280,15,713.9333333
280,16,425.1333333
280,17,382.8333333
280,18,146.1833333
280,19,1.683333333
280,20,0
280,21,0
280,22,0
280,23,0
280,24,0
281,1,0
281,2,0
281,3,0
281,4,0
281,5,0
281,6,0
281,7,9.8
281,8,165.65
281,9,409.8
281,10,624.7333333
281,11,820.9333333
281,12,938.45
281,13,968.6833333
281,14,908.6333333
281,15,790.0666667
281,16,604.2
281,17,400.65
281,18,162.3
281,19,6.366666667
281,20,0
281,21,0
281,22,0
281,23,0
281,24,0
282,1,0
282,2,0
282,3,0
282,4,0
282,5,0
282,6,0
282,7,8.383333333
282,8,162.9166667
282,9,405.8666667
282,10,622.1333333
282,11,817.7333333
282,12,927.9833333
282,13,958.8
282,14,929.85
282,15,482.8166667
282,16,236.7833333
282,17,131.2333333
282,18,47.51666667
282,19,0.333333333
282,20,0
282,21,0
282,22,0
282,23,0
282,24,0
283,1,0
283,2,0
283,3,0
283,4,0
283,5,0
283,6,0
283,7,9.75
283,8,171.7333333
283,9,346.3666667
283,10,650.2666667
283,11,839.4333333
283,12,949.1833333
283,13,966.25
283,14,908.8166667
283,15,773.0833333
283,16,594.2333333
283,17,375.4
283,18,121.65
283,19,3.2
283,20,0
283,21,0
283,22,0
283,23,0
283,24,0
284,1,0
284,2,0
284,3,0
284,4,0
284,5,0
284,6,0
284,7,11.06666667
284,8,121.6
284,9,377.9166667
284,10,644.6
284,11,872
284,12,889.9333333
284,13,949.8833333
284,14,905.8666667
284,15,773.3166667
284,16,371.8833333
284,17,76.9
284,18,61.05
284,19,1.566666667
284,20,0
284,21,0
284,22,0
284,23,0
284,24,0
285,1,0
285,2,0
285,3,0
285,4,0
285,5,0
285,6,0
285,7,2.3
285,8,54.71666667
285,9,117.95
285,10,111.3166667
285,11,704.15
285,12,259.1
285,13,309.9666667
285,14,359.8
285,15,605.7166667
285,16,409.85
285,17,258.6833333
285,18,105.6333333
285,19,0.133333333
285,20,0
285,21,0
285,22,0
285,23,0
285,24,0
286,1,0
286,2,0
286,3,0
286,4,0
286,5,0
286,6,0
286,7,2.283333333
286,8,122.3166667
286,9,389.4833333
286,10,609.8166667
286,11,790.4666667
286,12,907.4333333
286,13,923.85
286,14,818.2833333
286,15,796.3333333
286,16,505.2333333
286,17,199.6666667
286,18,44.15
286,19,1.183333333
286,20,0
286,21,0
286,22,0
286,23,0
286,24,0
287,1,0
287,2,0
287,3,0
287,4,0
287,5,0
287,6,0.033333333
287,7,3.4
287,8,65.13333333
287,9,327.4166667
287,10,606.5166667
287,11,735.6
287,12,707.2666667
287,13,286.0666667
287,14,377.65
287,15,393.5666667
287,16,272.2
287,17,184.5666667
287,18,77.73333333
287,19,0.316666667
287,20,0
287,21,0
287,22,0
287,23,0
287,24,0
288,1,0
288,2,0
288,3,0
288,4,0
288,5,0
288,6,0
288,7,7.25
288,8,151.8333333
288,9,390.3333333
288,10,607.1
288,11,793.2833333
288,12,919.8666667
288,13,968.3
288,14,915.7333333
288,15,758.3666667
288,16,536.3666667
288,17,307.5833333
288,18,122.3666667
288,19,0.316666667
288,20,0
288,21,0
288,22,0
288,23,0
288,24,0
289,1,0
289,2,0
289,3,0
289,4,0
289,5,0
289,6,0
289,7,9.183333333
289,8,113.2333333
289,9,338.2666667
289,10,573.1
289,11,786.35
289,12,886.2166667
289,13,840.0833333
289,14,788.1833333
289,15,534.3166667
289,16,547.8
289,17,356.75
289,18,108.9833333
289,19,0.616666667
289,20,0
289,21,0
289,22,0
289,23,0
289,24,0
290,1,0
290,2,0
290,3,0
290,4,0
290,5,0
290,6,0
290,7,6.416666667
290,8,158.3666667
290,9,405.9666667
290,10,630.6666667
290,11,825.4166667
290,12,804.2166667
290,13,809.6166667
290,14,786.7166667
290,15,678.7
290,16,580.6166667
290,17,342.4166667
290,18,99.16666667
290,19,0.5
290,20,0
290,21,0
290,22,0
290,23,0
290,24,0
291,1,0
291,2,0
291,3,0
291,4,0
291,5,0
291,6,0
291,7,7.883333333
291,8,129.6
291,9,415.05
291,10,618.3833333
291,11,815.3166667
291,12,917.9666667
291,13,935.6
291,14,787.6166667
291,15,578.7166667
291,16,577.8833333
291,17,330.8166667
291,18,88.38333333
291,19,0.283333333
291,20,0
291,21,0
291,22,0
291,23,0
291,24,0
292,1,0
292,2,0
292,3,0
292,4,0
292,5,0
292,6,0
292,7,4.183333333
292,8,96.21666667
292,9,311.9666667
292,10,465.0666667
292,11,618.3666667
292,12,734.6
292,13,795.7166667
292,14,659.65
292,15,741.0666667
292,16,566.7666667
292,17,308.4166667
292,18,66.28333333
292,19,0.05
292,20,0
292,21,0
292,22,0
292,23,0
292,24,0
293,1,0
293,2,0
293,3,0
293,4,0
293,5,0
293,6,0
293,7,6.05
293,8,169.6666667
293,9,316.8666667
293,10,573.5333333
293,11,762.8166667
293,12,849.8666667
293,13,873.7666667
293,14,753.5333333
293,15,385.8
293,16,305.5833333
293,17,235.4666667
293,18,66.86666667
293,19,0.05
293,20,0
293,21,0
293,22,0
293,23,0
293,24,0
294,1,0
294,2,0
294,3,0
294,4,0
294,5,0
294,6,0
294,7,2.1
294,8,128.8666667
294,9,391.8166667
294,10,519.7333333
294,11,746.6833333
294,12,894.2666667
294,13,782.8
294,14,868.7
294,15,728.4166667
294,16,553.6833333
294,17,312.7833333
294,18,92.25
294,19,0.116666667
294,20,0
294,21,0
294,22,0
294,23,0
294,24,0
295,1,0
295,2,0
295,3,0
295,4,0
295,5,0
295,6,0
295,7,5.366666667
295,8,141.9
295,9,378.35
295,10,591.9666667
295,11,753.85
295,12,827.15
295,13,857.3
295,14,798.6833333
295,15,664.4833333
295,16,486.3166667
295,17,264.8
295,18,33.08333333
295,19,0
295,20,0
295,21,0
295,22,0
295,23,0
295,24,0
296,1,0
296,2,0
296,3,0
296,4,0
296,5,0
296,6,0
296,7,6.05
296,8,118.85
296,9,340.9
296,10,544.95
296,11,719.1333333
296,12,844.4666667
296,13,402.0166667
296,14,678.9333333
296,15,414.6833333
296,16,254.6
296,17,91.46666667
296,18,29.45
296,19,1.083333333
296,20,0
296,21,0
296,22,0
296,23,0
296,24,0
297,1,0
297,2,0
297,3,0
297,4,0
297,5,0
297,6,0
297,7,3.566666667
297,8,133.5333333
297,9,370.7833333
297,10,591.6666667
297,11,765.9333333
297,12,884.9333333
297,13,900.1333333
297,14,849.3666667
297,15,712.9833333
297,16,548.1666667
297,17,315.25
297,18,78.86666667
297,19,0.05
297,20,0
297,21,0
297,22,0
297,23,0
297,24,0
298,1,0
298,2,0
298,3,0
298,4,0
298,5,0
298,6,0
298,7,5
298,8,154.6666667
298,9,399.0833333
298,10,610.6666667
298,11,791.9666667
298,12,898.0666667
298,13,929.3333333
298,14,862.8833333
298,15,725.05
298,16,547.8666667
298,17,318.3333333
298,18,92.83333333
298,19,0
298,20,0
298,21,0
298,22,0
298,23,0
298,24,0
299,1,0
299,2,0
299,3,0
299,4,0
299,5,0
299,6,0
299,7,4.45
299,8,145.4166667
299,9,390.75
299,10,602.85
299,11,785.1666667
299,12,895.4333333
299,13,931.5166667
299,14,881.3666667
299,15,713.9166667
299,16,485.7166667
299,17,175.75
299,18,94.28333333
299,19,0.016666667
299,20,0
299,21,0
299,22,0
299,23,0
299,24,0
300,1,0
300,2,0
300,3,0
300,4,0
300,5,0
300,6,0
300,7,5.333333333
300,8,143.3333333
300,9,387.6333333
300,10,601.55
300,11,775.1166667
300,12,882.9666667
300,13,915.0833333
300,14,856.6
300,15,724.95
300,16,541.6333333
300,17,309.8333333
300,18,72.43333333
300,19,0
300,20,0
300,21,0
300,22,0
300,23,0
300,24,0
301,1,0
301,2,0
301,3,0
301,4,0
301,5,0
301,6,0
301,7,3.7
301,8,139.6666667
301,9,378.1
301,10,585.4666667
301,11,756.9
301,12,858.3166667
301,13,868.6666667
301,14,784.1166667
301,15,655.0166667
301,16,475.3833333
301,17,261.1333333
301,18,64.55
301,19,0
301,20,0
301,21,0
301,22,0
301,23,0
301,24,0
302,1,0
302,2,0
302,3,0
302,4,0
302,5,0
302,6,0
302,7,3.55
302,8,134.4333333
302,9,370.5333333
302,10,591.75
302,11,764.9833333
302,12,865.0166667
302,13,890.7333333
302,14,833.6833333
302,15,706.4833333
302,16,525.8833333
302,17,303.05
302,18,69.91666667
302,19,0
302,20,0
302,21,0
302,22,0
302,23,0
302,24,0
303,1,0
303,2,0
303,3,0
303,4,0
303,5,0
303,6,0
303,7,3.883333333
303,8,117.3333333
303,9,372.4333333
303,10,584.7833333
303,11,746.4
303,12,861.6833333
303,13,883.3833333
303,14,821.3833333
303,15,700.7333333
303,16,521.4833333
303,17,289.5333333
303,18,65.06666667
303,19,0
303,20,0
303,21,0
303,22,0
303,23,0
303,24,0
304,1,0
304,2,0
304,3,0
304,4,0
304,5,0
304,6,0
304,7,4.183333333
304,8,140
304,9,357.7166667
304,10,573.15
304,11,751.5333333
304,12,869.4166667
304,13,856.1166667
304,14,787.0833333
304,15,537.2833333
304,16,408.8
304,17,181.9833333
304,18,39.4
304,19,0
304,20,0
304,21,0
304,22,0
304,23,0
304,24,0
305,1,0
305,2,0
305,3,0
305,4,0
305,5,0
305,6,0
305,7,2.25
305,8,125.6
305,9,370.1
305,10,573.25
305,11,734.75
305,12,845.5833333
305,13,875.8833333
305,14,820.6666667
305,15,694.7833333
305,16,513.9166667
305,17,296.9166667
305,18,68.56666667
305,19,0
305,20,0
305,21,0
305,22,0
305,23,0
305,24,0
306,1,0
306,2,0
306,3,0
306,4,0
306,5,0
306,6,0
306,7,2.666666667
306,8,131.7833333
306,9,366.3833333
306,10,558.2333333
306,11,743.1333333
306,12,842.8
306,13,812.9666667
306,14,798.6
306,15,651.6833333
306,16,479.5
306,17,271.8833333
306,18,89.76666667
306,19,0
306,20,0
306,21,0
306,22,0
306,23,0
306,24,0
307,1,0
307,2,0
307,3,0
307,4,0
307,5,0
307,6,0
307,7,3.033333333
307,8,105.1333333
307,9,327.8666667
307,10,544.8833333
307,11,720.8166667
307,12,829.7
307,13,855.5833333
307,14,807.6333333
307,15,682.2
307,16,480.2833333
307,17,273.3
307,18,55.43333333
307,19,0
307,20,0
307,21,0
307,22,0
307,23,0
307,24,0
308,1,0
308,2,0
308,3,0
308,4,0
308,5,0
308,6,0
308,7,1.55
308,8,131.15
308,9,374.9
308,10,553.8166667
308,11,740.05
308,12,841.3666667
308,13,859.3333333
308,14,811.65
308,15,670.7166667
308,16,497.05
308,17,278.95
308,18,60.53333333
308,19,0
308,20,0
308,21,0
308,22,0
308,23,0
308,24,0
309,1,0
309,2,0
309,3,0
309,4,0
309,5,0
309,6,0
309,7,2.483333333
309,8,103.7166667
309,9,321.7333333
309,10,550.2666667
309,11,740.2666667
309,12,677.3666667
309,13,835.2833333
309,14,816.1666667
309,15,624.1833333
309,16,514.75
309,17,285.3333333
309,18,51.8
309,19,0
309,20,0
309,21,0
309,22,0
309,23,0
309,24,0
310,1,0
310,2,0
310,3,0
310,4,0
310,5,0
310,6,0
310,7,1.416666667
310,8,125.9333333
310,9,369.05
310,10,582.7
310,11,743.8166667
310,12,843.3833333
310,13,868.6833333
310,14,817.5666667
310,15,687.8
310,16,510.3166667
310,17,284.6166667
310,18,58.33333333
310,19,0
310,20,0
310,21,0
310,22,0
310,23,0
310,24,0
311,1,0
311,2,0
311,3,0
311,4,0
311,5,0
311,6,0
311,7,1.416666667
311,8,125.9333333
311,9,369.05
311,10,582.7
311,11,743.8166667
311,12,843.3833333
311,13,868.6833333
311,14,817.5666667
311,15,687.8
311,16,510.3166667
311,17,284.6166667
311,18,58.33333333
311,19,0
311,20,0
311,21,0
311,22,0
311,23,0
311,24,0
312,1,0
312,2,0
312,3,0
312,4,0
312,5,0
312,6,0
312,7,1.566666667
312,8,112.2666667
312,9,342.95
312,10,556.8666667
312,11,726.95
312,12,828.0666667
312,13,849.4
312,14,793.1166667
312,15,666.1333333
312,16,488.9166667
312,17,266.3166667
312,18,54.21666667
312,19,0
312,20,0
312,21,0
312,22,0
312,23,0
312,24,0
313,1,0
313,2,0
313,3,0
313,4,0
313,5,0
313,6,0
313,7,0.983333333
313,8,118.1833333
313,9,348.6166667
313,10,547.8333333
313,11,718.55
313,12,824.85
313,13,843.9166667
313,14,798.2
313,15,670.5166667
313,16,498.5
313,17,276.75
313,18,58.9
313,19,0
313,20,0
313,21,0
313,22,0
313,23,0
313,24,0
314,1,0
314,2,0
314,3,0
314,4,0
314,5,0
314,6,0
314,7,0.733333333
314,8,122.5166667
314,9,360.7833333
314,10,568.15
314,11,731.1166667
314,12,841.1833333
314,13,867.6666667
314,14,827.3833333
314,15,702.5166667
314,16,528.0833333
314,17,295.0333333
314,18,61.98333333
314,19,0
314,20,0
314,21,0
314,22,0
314,23,0
314,24,0
315,1,0
315,2,0
315,3,0
315,4,0
315,5,0
315,6,0
315,7,1.366666667
315,8,99.23333333
315,9,341.3
315,10,568.4333333
315,11,730.3
315,12,837.7333333
315,13,839.5166667
315,14,596.7333333
315,15,391.2666667
315,16,290.9
315,17,290.1333333
315,18,43.85
315,19,0
315,20,0
315,21,0
315,22,0
315,23,0
315,24,0
316,1,0
316,2,0
316,3,0
316,4,0
316,5,0
316,6,0
316,7,0.616666667
316,8,115.6666667
316,9,327.7666667
316,10,560.4166667
316,11,733.75
316,12,835.5666667
316,13,858.7333333
316,14,813.8
316,15,684.5666667
316,16,508.5833333
316,17,278.9666667
316,18,55.11666667
316,19,0
316,20,0
316,21,0
316,22,0
316,23,0
316,24,0
317,1,0
317,2,0
317,3,0
317,4,0
317,5,0
317,6,0
317,7,0.216666667
317,8,83.71666667
317,9,321.25
317,10,524.7333333
317,11,679.4333333
317,12,786.8
317,13,830.95
317,14,788.7666667
317,15,464.3
317,16,290.2166667
317,17,204.2
317,18,61.7
317,19,0
317,20,0
317,21,0
317,22,0
317,23,0
317,24,0
318,1,0
318,2,0
318,3,0
318,4,0
318,5,0
318,6,0
318,7,0.95
318,8,52.91666667
318,9,339.3333333
318,10,552.9666667
318,11,709.6833333
318,12,799.5833333
318,13,832.4333333
318,14,783.1
318,15,653.2666667
318,16,483.6333333
318,17,258.9
318,18,42.66666667
318,19,0
318,20,0
318,21,0
318,22,0
318,23,0
318,24,0
319,1,0
319,2,0
319,3,0
319,4,0
319,5,0
319,6,0
319,7,0.783333333
319,8,98.85
319,9,328.7833333
319,10,541.5166667
319,11,708.7333333
319,12,805.2166667
319,13,821.9666667
319,14,774.05
319,15,652.1833333
319,16,481
319,17,258.6833333
319,18,49.95
319,19,0
319,20,0
319,21,0
319,22,0
319,23,0
319,24,0
320,1,0
320,2,0
320,3,0
320,4,0
320,5,0
320,6,0
320,7,0.3
320,8,107.65
320,9,346.3166667
320,10,560.5333333
320,11,725.3833333
320,12,829.6666667
320,13,850.45
320,14,804.0666667
320,15,679
320,16,505.25
320,17,275.0833333
320,18,53.35
320,19,0
320,20,0
320,21,0
320,22,0
320,23,0
320,24,0
321,1,0
321,2,0
321,3,0
321,4,0
321,5,0
321,6,0
321,7,0.833333333
321,8,106.0166667
321,9,341.8166667
321,10,556.7833333
321,11,730.3333333
321,12,829.7
321,13,856.5
321,14,812.5833333
321,15,686
321,16,510.7166667
321,17,280.3166667
321,18,53.46666667
321,19,0
321,20,0
321,21,0
321,22,0
321,23,0
321,24,0
322,1,0
322,2,0
322,3,0
322,4,0
322,5,0
322,6,0
322,7,0.233333333
322,8,102.9666667
322,9,342.8166667
322,10,550.1833333
322,11,706.7166667
322,12,792.9833333
322,13,829.0166667
322,14,801.1666667
322,15,680.3166667
322,16,510.3
322,17,276.6333333
322,18,39.38333333
322,19,0
322,20,0
322,21,0
322,22,0
322,23,0
322,24,0
323,1,0
323,2,0
323,3,0
323,4,0
323,5,0
323,6,0
323,7,0.016666667
323,8,95.26666667
323,9,332.7166667
323,10,542.25
323,11,707.5666667
323,12,805.0666667
323,13,834.35
323,14,791.8
323,15,662.8166667
323,16,494.3666667
323,17,264.6833333
323,18,49.83333333
323,19,0
323,20,0
323,21,0
323,22,0
323,23,0
323,24,0
324,1,0
324,2,0
324,3,0
324,4,0
324,5,0
324,6,0
324,7,0.55
324,8,99.96666667
324,9,322.7833333
324,10,539.9333333
324,11,659.5833333
324,12,776.9
324,13,614.35
324,14,679.8666667
324,15,458.25
324,16,279.4833333
324,17,180.5666667
324,18,31.55
324,19,0
324,20,0
324,21,0
324,22,0
324,23,0
324,24,0
325,1,0
325,2,0
325,3,0
325,4,0
325,5,0
325,6,0
325,7,0.3
325,8,91.83333333
325,9,319.7
325,10,528.1333333
325,11,686.35
325,12,765.8666667
325,13,799.3833333
325,14,769.4
325,15,650.1333333
325,16,486.7833333
325,17,262.4166667
325,18,50.23333333
325,19,0
325,20,0
325,21,0
325,22,0
325,23,0
325,24,0
326,1,0
326,2,0
326,3,0
326,4,0
326,5,0
326,6,0
326,7,0.466666667
326,8,87.18333333
326,9,315.1333333
326,10,529.7833333
326,11,694.55
326,12,725.1333333
326,13,722.2666667
326,14,708.45
326,15,544.2166667
326,16,448.4666667
326,17,223.2333333
326,18,33.06666667
326,19,0
326,20,0
326,21,0
326,22,0
326,23,0
326,24,0
327,1,0
327,2,0
327,3,0
327,4,0
327,5,0
327,6,0
327,7,0.183333333
327,8,86.33333333
327,9,319.5
327,10,528.25
327,11,686.5
327,12,788.3833333
327,13,820.5833333
327,14,773.35
327,15,651.1
327,16,483.7
327,17,256.1166667
327,18,46.2
327,19,0
327,20,0
327,21,0
327,22,0
327,23,0
327,24,0
328,1,0
328,2,0
328,3,0
328,4,0
328,5,0
328,6,0
328,7,0.1
328,8,83.4
328,9,308.8666667
328,10,524.6333333
328,11,687.45
328,12,784.2833333
328,13,808.6333333
328,14,761.85
328,15,632.6166667
328,16,471.95
328,17,248.8833333
328,18,44.35
328,19,0
328,20,0
328,21,0
328,22,0
328,23,0
328,24,0
329,1,0
329,2,0
329,3,0
329,4,0
329,5,0
329,6,0
329,7,0.133333333
329,8,82.41666667
329,9,306.3333333
329,10,515.75
329,11,674.95
329,12,757.65
329,13,783.4333333
329,14,747.0666667
329,15,625.7833333
329,16,468.7333333
329,17,251.4166667
329,18,45.23333333
329,19,0
329,20,0
329,21,0
329,22,0
329,23,0
329,24,0
330,1,0
330,2,0
330,3,0
330,4,0
330,5,0
330,6,0
330,7,0.216666667
330,8,79.31666667
330,9,296.65
330,10,442.05
330,11,675.1833333
330,12,590.1166667
330,13,677.1166667
330,14,527.4
330,15,403.7333333
330,16,279.2833333
330,17,160.7
330,18,25.58333333
330,19,0
330,20,0
330,21,0
330,22,0
330,23,0
330,24,0
331,1,0
331,2,0
331,3,0
331,4,0
331,5,0
331,6,0
331,7,0.016666667
331,8,78.23333333
331,9,303.3333333
331,10,508.3
331,11,667.8333333
331,12,772.75
331,13,805.0666667
331,14,761.5166667
331,15,631.2833333
331,16,465.6
331,17,248.1333333
331,18,46.3
331,19,0
331,20,0
331,21,0
331,22,0
331,23,0
331,24,0
332,1,0
332,2,0
332,3,0
332,4,0
332,5,0
332,6,0
332,7,0.016666667
332,8,81.31666667
332,9,313.8166667
332,10,527.05
332,11,692.0666667
332,12,789.55
332,13,814.7833333
332,14,770.1333333
332,15,644.3666667
332,16,434.3833333
332,17,199.1166667
332,18,26.41666667
332,19,0
332,20,0
332,21,0
332,22,0
332,23,0
332,24,0
333,1,0
333,2,0
333,3,0
333,4,0
333,5,0
333,6,0
333,7,0.666666667
333,8,117.1
333,9,259.5
333,10,374.55
333,11,530.8333333
333,12,736.7833333
333,13,782.9
333,14,734.9333333
333,15,634.6166667
333,16,434.65
333,17,162.85
333,18,57.86666667
333,19,0
333,20,0
333,21,0
333,22,0
333,23,0
333,24,0
334,1,0
334,2,0
334,3,0
334,4,0
334,5,0
334,6,0
334,7,0.166666667
334,8,65.21666667
334,9,276.2333333
334,10,444.4166667
334,11,652.85
334,12,760.4666667
334,13,756.25
334,14,712.6
334,15,609.4
334,16,426.1166667
334,17,210.6
334,18,36.75
334,19,0
334,20,0
334,21,0
334,22,0
334,23,0
334,24,0
335,1,0
335,2,0
335,3,0
335,4,0
335,5,0
335,6,0
335,7,0
335,8,53.96666667
335,9,265.85
335,10,465.1166667
335,11,587.8833333
335,12,486.15
335,13,554.8833333
335,14,605.35
335,15,606
335,16,365.8
335,17,150.0666667
335,18,27.7
335,19,0
335,20,0
335,21,0
335,22,0
335,23,0
335,24,0
336,1,0
336,2,0
336,3,0
336,4,0
336,5,0
336,6,0
336,7,0
336,8,68.81666667
336,9,226.6666667
336,10,461.6
336,11,652.75
336,12,716.6
336,13,762.3
336,14,707.2166667
336,15,607
336,16,371.2333333
336,17,138.4
336,18,33.13333333
336,19,0
336,20,0
336,21,0
336,22,0
336,23,0
336,24,0
337,1,0
337,2,0
337,3,0
337,4,0
337,5,0
337,6,0
337,7,0
337,8,33.95
337,9,206.45
337,10,271.1833333
337,11,331.0666667
337,12,646.25
337,13,516.8833333
337,14,676.1333333
337,15,620.5833333
337,16,424.1166667
337,17,137.7166667
337,18,20.76666667
337,19,0
337,20,0
337,21,0
337,22,0
337,23,0
337,24,0
338,1,0
338,2,0
338,3,0
338,4,0
338,5,0
338,6,0
338,7,0
338,8,62.01666667
338,9,263.3166667
338,10,456.0666667
338,11,661.4166667
338,12,702.2166667
338,13,735.7666667
338,14,734.25
338,15,593.0833333
338,16,347.2
338,17,154.2833333
338,18,25.68333333
338,19,0
338,20,0
338,21,0
338,22,0
338,23,0
338,24,0
339,1,0
339,2,0
339,3,0
339,4,0
339,5,0
339,6,0
339,7,0
339,8,32.86666667
339,9,227.3333333
339,10,457.3166667
339,11,606.9166667
339,12,743.9
339,13,670.2333333
339,14,636.95
339,15,427.3
339,16,313.4
339,17,145.5333333
339,18,25.5
339,19,0
339,20,0
339,21,0
339,22,0
339,23,0
339,24,0
340,1,0
340,2,0
340,3,0
340,4,0
340,5,0
340,6,0
340,7,0
340,8,52.75
340,9,214.3166667
340,10,469.5
340,11,620.55
340,12,729.8166667
340,13,769.45
340,14,734.0833333
340,15,620.8
340,16,456.8833333
340,17,254.5666667
340,18,48.56666667
340,19,0
340,20,0
340,21,0
340,22,0
340,23,0
340,24,0
341,1,0
341,2,0
341,3,0
341,4,0
341,5,0
341,6,0
341,7,0
341,8,74.93333333
341,9,275.6333333
341,10,464.15
341,11,552.5
341,12,730.9666667
341,13,522.9166667
341,14,635.9
341,15,510.5
341,16,387.55
341,17,160.3
341,18,34.58333333
341,19,0
341,20,0
341,21,0
341,22,0
341,23,0
341,24,0
342,1,0
342,2,0
342,3,0
342,4,0
342,5,0
342,6,0
342,7,0
342,8,50.6
342,9,127.1166667
342,10,204.4
342,11,491.0666667
342,12,699.2666667
342,13,741.4166667
342,14,717.1666667
342,15,612.2333333
342,16,463.2
342,17,228.5666667
342,18,45.56666667
342,19,0
342,20,0
342,21,0
342,22,0
342,23,0
342,24,0
343,1,0
343,2,0
343,3,0
343,4,0
343,5,0
343,6,0
343,7,0
343,8,54.6
343,9,262.65
343,10,479.3666667
343,11,646.2333333
343,12,743.2666667
343,13,776.7833333
343,14,677.25
343,15,343.3333333
343,16,199.7666667
343,17,90.4
343,18,42.13333333
343,19,0
343,20,0
343,21,0
343,22,0
343,23,0
343,24,0
344,1,0
344,2,0
344,3,0
344,4,0
344,5,0
344,6,0
344,7,0
344,8,38.81666667
344,9,191.9833333
344,10,415.8666667
344,11,577.7
344,12,663.95
344,13,564.4833333
344,14,467.0833333
344,15,419.2833333
344,16,321.6
344,17,124.7166667
344,18,28.46666667
344,19,0
344,20,0
344,21,0
344,22,0
344,23,0
344,24,0
345,1,0
345,2,0
345,3,0
345,4,0
345,5,0
345,6,0
345,7,0
345,8,49.51666667
345,9,252.1333333
345,10,460.55
345,11,606.1
345,12,714.4
345,13,761.05
345,14,730.2666667
345,15,626.1
345,16,473.3833333
345,17,260.1166667
345,18,52.31666667
345,19,0
345,20,0
345,21,0
345,22,0
345,23,0
345,24,0
346,1,0
346,2,0
346,3,0
346,4,0
346,5,0
346,6,0
346,7,0
346,8,50.43333333
346,9,253.45
346,10,467.85
346,11,628.4166667
346,12,725.0833333
346,13,767.4833333
346,14,715.1166667
346,15,625.4333333
346,16,469.25
346,17,225.5166667
346,18,49.33333333
346,19,0
346,20,0
346,21,0
346,22,0
346,23,0
346,24,0
347,1,0
347,2,0
347,3,0
347,4,0
347,5,0
347,6,0
347,7,0
347,8,12.68333333
347,9,82.56666667
347,10,275.4166667
347,11,560.45
347,12,713.6333333
347,13,759.9166667
347,14,687.3166667
347,15,540.15
347,16,419.6833333
347,17,243.25
347,18,40.4
347,19,0
347,20,0
347,21,0
347,22,0
347,23,0
347,24,0
348,1,0
348,2,0
348,3,0
348,4,0
348,5,0
348,6,0
348,7,0
348,8,42.46666667
348,9,247.3833333
348,10,456.6833333
348,11,624.0666667
348,12,730.8666667
348,13,767.75
348,14,735.9666667
348,15,624.4833333
348,16,473.65
348,17,261.95
348,18,55.43333333
348,19,0
348,20,0
348,21,0
348,22,0
348,23,0
348,24,0
349,1,0
349,2,0
349,3,0
349,4,0
349,5,0
349,6,0
349,7,0
349,8,44.78333333
349,9,248.2333333
349,10,463.1166667
349,11,625.9
349,12,728.9166667
349,13,769.4666667
349,14,736.35
349,15,628.35
349,16,478.2
349,17,266.6666667
349,18,58.65
349,19,0
349,20,0
349,21,0
349,22,0
349,23,0
349,24,0
350,1,0
350,2,0
350,3,0
350,4,0
350,5,0
350,6,0
350,7,0
350,8,44.83333333
350,9,247.3666667
350,10,461.4
350,11,618.9666667
350,12,719.4
350,13,757.85
350,14,728.1166667
350,15,620.5166667
350,16,474.2833333
350,17,263.7166667
350,18,55.7
350,19,0
350,20,0
350,21,0
350,22,0
350,23,0
350,24,0
351,1,0
351,2,0
351,3,0
351,4,0
351,5,0
351,6,0
351,7,0
351,8,43.06666667
351,9,244.1166667
351,10,461.5166667
351,11,620.0833333
351,12,716.3666667
351,13,757.3333333
351,14,724.7666667
351,15,623.65
351,16,472.9333333
351,17,265.5333333
351,18,56.23333333
351,19,0
351,20,0
351,21,0
351,22,0
351,23,0
351,24,0
352,1,0
352,2,0
352,3,0
352,4,0
352,5,0
352,6,0
352,7,0
352,8,41.81666667
352,9,245.6166667
352,10,462.8833333
352,11,613.8833333
352,12,722.6166667
352,13,769.25
352,14,736.0666667
352,15,630.5833333
352,16,481.0666667
352,17,266.3833333
352,18,56.68333333
352,19,0
352,20,0
352,21,0
352,22,0
352,23,0
352,24,0
353,1,0
353,2,0
353,3,0
353,4,0
353,5,0
353,6,0
353,7,0
353,8,42.08333333
353,9,238.6833333
353,10,444.6833333
353,11,613.3833333
353,12,723.1666667
353,13,753.85
353,14,742.0333333
353,15,599.1166667
353,16,448.4
353,17,215.5333333
353,18,38.98333333
353,19,0
353,20,0
353,21,0
353,22,0
353,23,0
353,24,0
354,1,0
354,2,0
354,3,0
354,4,0
354,5,0
354,6,0
354,7,0
354,8,38.56666667
354,9,232.7333333
354,10,444.3833333
354,11,611.1333333
354,12,717.6666667
354,13,759.9
354,14,733.2833333
354,15,629.2833333
354,16,481.9166667
354,17,263.2
354,18,59.31666667
354,19,0
354,20,0
354,21,0
354,22,0
354,23,0
354,24,0
355,1,0
355,2,0
355,3,0
355,4,0
355,5,0
355,6,0
355,7,0
355,8,37.95
355,9,230.0333333
355,10,445.4666667
355,11,610.8833333
355,12,714.4166667
355,13,750.1
355,14,724.65
355,15,621.1833333
355,16,476.25
355,17,267.9333333
355,18,58.6
355,19,0
355,20,0
355,21,0
355,22,0
355,23,0
355,24,0
356,1,0
356,2,0
356,3,0
356,4,0
356,5,0
356,6,0
356,7,0
356,8,36.83333333
356,9,232.1
356,10,440.7333333
356,11,606.5833333
356,12,710.6666667
356,13,757.2666667
356,14,719.6333333
356,15,621.35
356,16,478.85
356,17,195.0333333
356,18,69.48333333
356,19,0
356,20,0
356,21,0
356,22,0
356,23,0
356,24,0
357,1,0
357,2,0
357,3,0
357,4,0
357,5,0
357,6,0
357,7,0
357,8,37.11666667
357,9,155.5166667
357,10,388.7833333
357,11,602.5
357,12,707.8333333
357,13,750.6666667
357,14,724.5166667
357,15,621.1666667
357,16,470.05
357,17,261.7
357,18,52.75
357,19,0
357,20,0
357,21,0
357,22,0
357,23,0
357,24,0
358,1,0
358,2,0
358,3,0
358,4,0
358,5,0
358,6,0
358,7,0
358,8,34.43333333
358,9,228.25
358,10,444.6666667
358,11,602.25
358,12,715.7166667
358,13,761.9666667
358,14,734.6333333
358,15,617.5
358,16,465.65
358,17,184.2166667
358,18,56.36666667
358,19,0
358,20,0
358,21,0
358,22,0
358,23,0
358,24,0
359,1,0
359,2,0
359,3,0
359,4,0
359,5,0
359,6,0
359,7,0
359,8,33.71666667
359,9,223.1666667
359,10,437.9166667
359,11,594.4666667
359,12,713.85
359,13,756.7
359,14,729.9833333
359,15,622.8333333
359,16,477.95
359,17,267.95
359,18,60.66666667
359,19,0
359,20,0
359,21,0
359,22,0
359,23,0
359,24,0
360,1,0
360,2,0
360,3,0
360,4,0
360,5,0
360,6,0
360,7,0
360,8,33.13333333
360,9,226.9666667
360,10,444.6
360,11,607.7166667
360,12,700.85
360,13,746.1833333
360,14,719.0833333
360,15,619.6166667
360,16,478.2
360,17,272.0666667
360,18,63.26666667
360,19,0
360,20,0
360,21,0
360,22,0
360,23,0
360,24,0
361,1,0
361,2,0
361,3,0
361,4,0
361,5,0
361,6,0
361,7,0
361,8,33.5
361,9,263.75
361,10,349.0833333
361,11,600.5333333
361,12,694.4833333
361,13,762.3166667
361,14,734.7
361,15,629.55
361,16,500.1
361,17,292.1666667
361,18,72.45
361,19,0
361,20,0
361,21,0
361,22,0
361,23,0
361,24,0
362,1,0
362,2,0
362,3,0
362,4,0
362,5,0
362,6,0
362,7,0
362,8,32.46666667
362,9,225.9
362,10,443.8166667
362,11,613.0666667
362,12,722.1333333
362,13,766.0666667
362,14,743.8
362,15,638.3333333
362,16,492.5833333
362,17,282.1666667
362,18,67.93333333
362,19,0
362,20,0
362,21,0
362,22,0
362,23,0
362,24,0
363,1,0
363,2,0
363,3,0
363,4,0
363,5,0
363,6,0
363,7,0
363,8,32.46666667
363,9,228.95
363,10,454.2833333
363,11,620.3833333
363,12,724.6833333
363,13,778.0666667
363,14,764.05
363,15,659.3333333
363,16,508.7333333
363,17,297.0333333
363,18,72.66666667
363,19,0
363,20,0
363,21,0
363,22,0
363,23,0
363,24,0
364,1,0
364,2,0
364,3,0
364,4,0
364,5,0
364,6,0
364,7,0
364,8,34.45
364,9,237.6166667
364,10,464.6333333
364,11,637.75
364,12,754.7166667
364,13,804.05
364,14,784.3833333
364,15,677.1333333
364,16,527.3666667
364,17,313.2
364,18,82.01666667
364,19,0
364,20,0
364,21,0
364,22,0
364,23,0
364,24,0
365,1,0
365,2,0
365,3,0
365,4,0
365,5,0
365,6,0
365,7,0
365,8,32.93333333
365,9,234.3333333
365,10,460.15
365,11,635
365,12,746.2333333
365,13,796.0333333
365,14,776.4166667
365,15,672.05
365,16,522.0166667
365,17,311.1
365,18,81.8
365,19,0
365,20,0
365,21,0
365,22,0
365,23,0
365,24,0
