1,1,0
1,2,0
1,3,0
1,4,0
1,5,0
1,6,0
1,7,0
1,8,0
1,9,13.26666667
1,10,98.8
1,11,205.5333333
1,12,157.85
1,13,117.3666667
1,14,71.01666667
1,15,48.16666667
1,16,19.11666667
1,17,0.266666667
1,18,0
1,19,0
1,20,0
1,21,0
1,22,0
1,23,0
1,24,0
2,1,0
2,2,0
2,3,0
2,4,0
2,5,0
2,6,0
2,7,0
2,8,0
2,9,4.4
2,10,29.33333333
2,11,38.45
2,12,51.08333333
2,13,34.46666667
2,14,36.16666667
2,15,16.63333333
2,16,10.5
2,17,0
2,18,0
2,19,0
2,20,0
2,21,0
2,22,0
2,23,0
2,24,0
3,1,0
3,2,0
3,3,0
3,4,0
3,5,0
3,6,0
3,7,0
3,8,0
3,9,0.666666667
3,10,4.6
3,11,15.71666667
3,12,38.16666667
3,13,87.13333333
3,14,93.31666667
3,15,97.8
3,16,20.31666667
3,17,0
3,18,0
3,19,0
3,20,0
3,21,0
3,22,0
3,23,0
3,24,0
4,1,0
4,2,0
4,3,0
4,4,0
4,5,0
4,6,0
4,7,0
4,8,0
4,9,2.766666667
4,10,12.08333333
4,11,44.83333333
4,12,57.43333333
4,13,43.75
4,14,40.35
4,15,26.11666667
4,16,18.63333333
4,17,0.333333333
4,18,0
4,19,0
4,20,0
4,21,0
4,22,0
4,23,0
4,24,0
5,1,0
5,2,0
5,3,0
5,4,0
5,5,0
5,6,0
5,7,0
5,8,0
5,9,10.21666667
5,10,42.68333333
5,11,50.98333333
5,12,57.91666667
5,13,38.88333333
5,14,50.88333333
5,15,83.05
5,16,20.26666667
5,17,0.2
5,18,0
5,19,0
5,20,0
5,21,0
5,22,0
5,23,0
5,24,0
6,1,0
6,2,0
6,3,0
6,4,0
6,5,0
6,6,0
6,7,0
6,8,0
6,9,12.65
6,10,54.25
6,11,109.3333333
6,12,144.15
6,13,112.8166667
6,14,97.98333333
6,15,63.85
6,16,14.11666667
6,17,0
6,18,0
6,19,0
6,20,0
6,21,0
6,22,0
6,23,0
6,24,0
7,1,0
7,2,0
7,3,0
7,4,0
7,5,0
7,6,0
7,7,0
7,8,0
7,9,6.716666667
7,10,30.98333333
7,11,64.31666667
7,12,89.36666667
7,13,135.0333333
7,14,94.73333333
7,15,64.23333333
7,16,26.51666667
7,17,0.55
7,18,0
7,19,0
7,20,0
7,21,0
7,22,0
7,23,0
7,24,0
8,1,0
8,2,0
8,3,0
8,4,0
8,5,0
8,6,0
8,7,0
8,8,0
8,9,14.01666667
8,10,158.7833333
8,11,248.7833333
8,12,249.8166667
8,13,253
8,14,211.3333333
8,15,123.3333333
8,16,27.75
8,17,0.433333333
8,18,0
8,19,0
8,20,0
8,21,0
8,22,0
8,23,0
8,24,0
9,1,0
9,2,0
9,3,0
9,4,0
9,5,0
9,6,0
9,7,0
9,8,0
9,9,5.066666667
9,10,35.33333333
9,11,143.3
9,12,189.1166667
9,13,194.1166667
9,14,151.4333333
9,15,79.55
9,16,29.03333333
9,17,0.5
9,18,0
9,19,0
9,20,0
9,21,0
9,22,0
9,23,0
9,24,0
10,1,0
10,2,0
10,3,0
10,4,0
10,5,0
10,6,0
10,7,0
10,8,0
10,9,3.583333333
10,10,14.31666667
10,11,46.75
10,12,87.81666667
10,13,106.3666667
10,14,119.3666667
10,15,51.81666667
10,16,28.93333333
10,17,1.883333333
10,18,0
10,19,0
10,20,0
10,21,0
10,22,0
10,23,0
10,24,0
11,1,0
11,2,0
11,3,0
11,4,0
11,5,0
11,6,0
11,7,0
11,8,0
11,9,2.5
11,10,15.7
11,11,22.65
11,12,26.13333333
11,13,47.16666667
11,14,60.25
11,15,25.11666667
11,16,16.75
11,17,0.166666667
11,18,0
11,19,0
11,20,0
11,21,0
11,22,0
11,23,0
11,24,0
12,1,0
12,2,0
12,3,0
12,4,0
12,5,0
12,6,0
12,7,0
12,8,0
12,9,2.6
12,10,14.93333333
12,11,20.41666667
12,12,26.18333333
12,13,23.28333333
12,14,21.88333333
12,15,16.88333333
12,16,5.316666667
12,17,0.133333333
12,18,0
12,19,0
12,20,0
12,21,0
12,22,0
12,23,0
12,24,0
13,1,0
13,2,0
13,3,0
13,4,0
13,5,0
13,6,0
13,7,0
13,8,0
13,9,4.833333333
13,10,26.43333333
13,11,109.4
13,12,66.51666667
13,13,45.26666667
13,14,29.1
13,15,34.51666667
13,16,13.46666667
13,17,0.533333333
13,18,0
13,19,0
13,20,0
13,21,0
13,22,0
13,23,0
13,24,0
14,1,0
14,2,0
14,3,0
14,4,0
14,5,0
14,6,0
14,7,0
14,8,0
14,9,18.3
14,10,94.43333333
14,11,107.45
14,12,90.2
14,13,86.63333333
14,14,98.88333333
14,15,108.1333333
14,16,55.63333333
14,17,3.233333333
14,18,0
14,19,0
14,20,0
14,21,0
14,22,0
14,23,0
14,24,0
15,1,0
15,2,0
15,3,0
15,4,0
15,5,0
15,6,0
15,7,0
15,8,0
15,9,19.06666667
15,10,99.51666667
15,11,184.8333333
15,12,239.05
15,13,252.25
15,14,213.1
15,15,105.4
15,16,38.61666667
15,17,1.7
15,18,0
15,19,0
15,20,0
15,21,0
15,22,0
15,23,0
15,24,0
16,1,0
16,2,0
16,3,0
16,4,0
16,5,0
16,6,0
16,7,0
16,8,0
16,9,13.38333333
16,10,95.63333333
16,11,119.05
16,12,75.6
16,13,116.9833333
16,14,110.1166667
16,15,95.55
16,16,25.73333333
16,17,1.383333333
16,18,0
16,19,0
16,20,0
16,21,0
16,22,0
16,23,0
16,24,0
17,1,0
17,2,0
17,3,0
17,4,0
17,5,0
17,6,0
17,7,0
17,8,0
17,9,20.98333333
17,10,31.13333333
17,11,23.7
17,12,55.23333333
17,13,104.2
17,14,32.61666667
17,15,18.68333333
17,16,23.73333333
17,17,3.7
17,18,0
17,19,0
17,20,0
17,21,0
17,22,0
17,23,0
17,24,0
18,1,0
18,2,0
18,3,0
18,4,0
18,5,0
18,6,0
18,7,0
18,8,0.05
18,9,13.15
18,10,37.08333333
18,11,33.46666667
18,12,13.78333333
18,13,17.1
18,14,17.23333333
18,15,20.2
18,16,12.91666667
18,17,1.083333333
18,18,0
18,19,0
18,20,0
18,21,0
18,22,0
18,23,0
18,24,0
19,1,0
19,2,0
19,3,0
19,4,0
19,5,0
19,6,0
19,7,0
19,8,0
19,9,9.05
19,10,37.71666667
19,11,31.25
19,12,78.21666667
19,13,88.5
19,14,54.4
19,15,44.21666667
19,16,21.16666667
19,17,0.9
19,18,0
19,19,0
19,20,0
19,21,0
19,22,0
19,23,0
19,24,0
20,1,0
20,2,0
20,3,0
20,4,0
20,5,0
20,6,0
20,7,0
20,8,0
20,9,7.616666667
20,10,39.16666667
20,11,77.68333333
20,12,93.51666667
20,13,137.7
20,14,81.68333333
20,15,80.33333333
20,16,32.16666667
20,17,1.783333333
20,18,0
20,19,0
20,20,0
20,21,0
20,22,0
20,23,0
20,24,0
21,1,0
21,2,0
21,3,0
21,4,0
21,5,0
21,6,0
21,7,0
21,8,0
21,9,5.666666667
21,10,27.76666667
21,11,33.26666667
21,12,35.48333333
21,13,46.6
21,14,39.61666667
21,15,23.8
21,16,16.73333333
21,17,2.316666667
21,18,0
21,19,0
21,20,0
21,21,0
21,22,0
21,23,0
21,24,0
22,1,0
22,2,0
22,3,0
22,4,0
22,5,0
22,6,0
22,7,0
22,8,0
22,9,15.1
22,10,53.43333333
22,11,152.8
22,12,128.6666667
22,13,100.0166667
22,14,76.11666667
22,15,88.98333333
22,16,37.58333333
22,17,7.75
22,18,0
22,19,0
22,20,0
22,21,0
22,22,0
22,23,0
22,24,0
23,1,0
23,2,0
23,3,0
23,4,0
23,5,0
23,6,0
23,7,0
23,8,0
23,9,7.683333333
23,10,21.4
23,11,69.95
23,12,99.05
23,13,74.36666667
23,14,84
23,15,33.33333333
23,16,18.65
23,17,6.4
23,18,0
23,19,0
23,20,0
23,21,0
23,22,0
23,23,0
23,24,0
24,1,0
24,2,0
24,3,0
24,4,0
24,5,0
24,6,0
24,7,0
24,8,0
24,9,8.666666667
24,10,97.53333333
24,11,213.3
24,12,247.1666667
24,13,125.2
24,14,73.48333333
24,15,69.91666667
24,16,23.21666667
24,17,5.216666667
24,18,0
24,19,0
24,20,0
24,21,0
24,22,0
24,23,0
24,24,0
25,1,0
25,2,0
25,3,0
25,4,0
25,5,0
25,6,0
25,7,0
25,8,0
25,9,4.983333333
25,10,17.88333333
25,11,21.4
25,12,41.96666667
25,13,55.15
25,14,41.51666667
25,15,25.35
25,16,8.5
25,17,1.45
25,18,0
25,19,0
25,20,0
25,21,0
25,22,0
25,23,0
25,24,0
26,1,0
26,2,0
26,3,0
26,4,0
26,5,0
26,6,0
26,7,0
26,8,0
26,9,4.083333333
26,10,11.03333333
26,11,23.7
26,12,28.93333333
26,13,40.3
26,14,59.15
26,15,30.33333333
26,16,26.75
26,17,4.383333333
26,18,0
26,19,0
26,20,0
26,21,0
26,22,0
26,23,0
26,24,0
27,1,0
27,2,0
27,3,0
27,4,0
27,5,0
27,6,0
27,7,0
27,8,0
27,9,7.866666667
27,10,41.78333333
27,11,100
27,12,146.4
27,13,41
27,14,53.71666667
27,15,165.1833333
27,16,39.11666667
27,17,5.033333333
27,18,0
27,19,0
27,20,0
27,21,0
27,22,0
27,23,0
27,24,0
28,1,0
28,2,0
28,3,0
28,4,0
28,5,0
28,6,0
28,7,0
28,8,0
28,9,5.15
28,10,20.65
28,11,98.73333333
28,12,132.6166667
28,13,76
28,14,37.85
28,15,57.55
28,16,43.95
28,17,7.7
28,18,0
28,19,0
28,20,0
28,21,0
28,22,0
28,23,0
28,24,0
29,1,0
29,2,0
29,3,0
29,4,0
29,5,0
29,6,0
29,7,0
29,8,0
29,9,4.383333333
29,10,18.28333333
29,11,29.68333333
29,12,27.76666667
29,13,19.01666667
29,14,61.03333333
29,15,60.63333333
29,16,24.93333333
29,17,5.85
29,18,0
29,19,0
29,20,0
29,21,0
29,22,0
29,23,0
29,24,0
30,1,0
30,2,0
30,3,0
30,4,0
30,5,0
30,6,0
30,7,0
30,8,0.066666667
30,9,12.08333333
30,10,30.46666667
30,11,64.25
30,12,68.06666667
30,13,48.86666667
30,14,69
30,15,46.1
30,16,28.9
30,17,15.11666667
30,18,0
30,19,0
30,20,0
30,21,0
30,22,0
30,23,0
30,24,0
31,1,0
31,2,0
31,3,0
31,4,0
31,5,0
31,6,0
31,7,0
31,8,0.583333333
31,9,26.63333333
31,10,56.55
31,11,41.28333333
31,12,39.75
31,13,72.01666667
31,14,125.5666667
31,15,55.9
31,16,27.56666667
31,17,4.183333333
31,18,0
31,19,0
31,20,0
31,21,0
31,22,0
31,23,0
31,24,0
32,1,0
32,2,0
32,3,0
32,4,0
32,5,0
32,6,0
32,7,0
32,8,0.616666667
32,9,27.58333333
32,10,86.03333333
32,11,146.0666667
32,12,235.55
32,13,251.3833333
32,14,254.2166667
32,15,203.6
32,16,93.1
32,17,26.51666667
32,18,0
32,19,0
32,20,0
32,21,0
32,22,0
32,23,0
32,24,0
33,1,0
33,2,0
33,3,0
33,4,0
33,5,0
33,6,0
33,7,0
33,8,0.75
33,9,51.71666667
33,10,107.5833333
33,11,178.3333333
33,12,271.6833333
33,13,191.5166667
33,14,90.13333333
33,15,57.53333333
33,16,27.96666667
33,17,10.98333333
33,18,0
33,19,0
33,20,0
33,21,0
33,22,0
33,23,0
33,24,0
34,1,0
34,2,0
34,3,0
34,4,0
34,5,0
34,6,0
34,7,0
34,8,0.333333333
34,9,12.65
34,10,42.2
34,11,53.35
34,12,45.96666667
34,13,37.51666667
34,14,45.41666667
34,15,25.6
34,16,26.03333333
34,17,2.45
34,18,0
34,19,0
34,20,0
34,21,0
34,22,0
34,23,0
34,24,0
35,1,0
35,2,0
35,3,0
35,4,0
35,5,0
35,6,0
35,7,0
35,8,2.666666667
35,9,68.98333333
35,10,179.25
35,11,276.8
35,12,333.5666667
35,13,357.4166667
35,14,368.9666667
35,15,206.2666667
35,16,43.18333333
35,17,5.35
35,18,0
35,19,0
35,20,0
35,21,0
35,22,0
35,23,0
35,24,0
36,1,0
36,2,0
36,3,0
36,4,0
36,5,0
36,6,0
36,7,0
36,8,1.65
36,9,63.15
36,10,118.0666667
36,11,224.35
36,12,315.8666667
36,13,388.1333333
36,14,252.8833333
36,15,219.0166667
36,16,92.91666667
36,17,24.93333333
36,18,0
36,19,0
36,20,0
36,21,0
36,22,0
36,23,0
36,24,0
37,1,0
37,2,0
37,3,0
37,4,0
37,5,0
37,6,0
37,7,0
37,8,8.016666667
37,9,118.1666667
37,10,242.7333333
37,11,319
37,12,356.6666667
37,13,354.2166667
37,14,336.7166667
37,15,259.95
37,16,149.6666667
37,17,36.91666667
37,18,0.05
37,19,0
37,20,0
37,21,0
37,22,0
37,23,0
37,24,0
38,1,0
38,2,0
38,3,0
38,4,0
38,5,0
38,6,0
38,7,0
38,8,2.383333333
38,9,34.08333333
38,10,82.61666667
38,11,238.6666667
38,12,326.7666667
38,13,288.55
38,14,278.4166667
38,15,232.8333333
38,16,132.5
38,17,34.91666667
38,18,0.1
38,19,0
38,20,0
38,21,0
38,22,0
38,23,0
38,24,0
39,1,0
39,2,0
39,3,0
39,4,0
39,5,0
39,6,0
39,7,0
39,8,4.166666667
39,9,72.13333333
39,10,191.1166667
39,11,276.9333333
39,12,334.6166667
39,13,343.9333333
39,14,310.35
39,15,233.95
39,16,129.7166667
39,17,32.53333333
39,18,0
39,19,0
39,20,0
39,21,0
39,22,0
39,23,0
39,24,0
40,1,0
40,2,0
40,3,0
40,4,0
40,5,0
40,6,0
40,7,0
40,8,2.483333333
40,9,24.46666667
40,10,104.7333333
40,11,270.0333333
40,12,325.6333333
40,13,211.9
40,14,239.9666667
40,15,237.9833333
40,16,133.1666667
40,17,35.25
40,18,0.383333333
40,19,0
40,20,0
40,21,0
40,22,0
40,23,0
40,24,0
41,1,0
41,2,0
41,3,0
41,4,0
41,5,0
41,6,0
41,7,0
41,8,0.516666667
41,9,8.733333333
41,10,27.45
41,11,43.03333333
41,12,75.81666667
41,13,101.7666667
41,14,153
41,15,201.15
41,16,82.9
41,17,14.75
41,18,0.1
41,19,0
41,20,0
41,21,0
41,22,0
41,23,0
41,24,0
42,1,0
42,2,0
42,3,0
42,4,0
42,5,0
42,6,0
42,7,0
42,8,4.016666667
42,9,67.51666667
42,10,110.15
42,11,163.4666667
42,12,207.35
42,13,131.1666667
42,14,94.1
42,15,52.3
42,16,21.48333333
42,17,6.333333333
42,18,0.1
42,19,0
42,20,0
42,21,0
42,22,0
42,23,0
42,24,0
43,1,0
43,2,0
43,3,0
43,4,0
43,5,0
43,6,0
43,7,0
43,8,2.883333333
43,9,38.41666667
43,10,88.31666667
43,11,79.5
43,12,152.1833333
43,13,165.2
43,14,176.9333333
43,15,182.65
43,16,155.8333333
43,17,45.81666667
43,18,0.833333333
43,19,0
43,20,0
43,21,0
43,22,0
43,23,0
43,24,0
44,1,0
44,2,0
44,3,0
44,4,0
44,5,0
44,6,0
44,7,0
44,8,13.4
44,9,143.7166667
44,10,317.5666667
44,11,379.75
44,12,383.7166667
44,13,392.6166667
44,14,349.4666667
44,15,249.7166667
44,16,133.1666667
44,17,52.71666667
44,18,1.416666667
44,19,0
44,20,0
44,21,0
44,22,0
44,23,0
44,24,0
45,1,0
45,2,0
45,3,0
45,4,0
45,5,0
45,6,0
45,7,0
45,8,19.08333333
45,9,151.6333333
45,10,289.3
45,11,350.6
45,12,379.5
45,13,381.0333333
45,14,143.25
45,15,209.5333333
45,16,196.7833333
45,17,55.13333333
45,18,1.9
45,19,0
45,20,0
45,21,0
45,22,0
45,23,0
45,24,0
46,1,0
46,2,0
46,3,0
46,4,0
46,5,0
46,6,0
46,7,0
46,8,5.6
46,9,38.3
46,10,124.9166667
46,11,231.65
46,12,363.6333333
46,13,351.1666667
46,14,320.0166667
46,15,141.9666667
46,16,53.65
46,17,20.43333333
46,18,1.716666667
46,19,0
46,20,0
46,21,0
46,22,0
46,23,0
46,24,0
47,1,0
47,2,0
47,3,0
47,4,0
47,5,0
47,6,0
47,7,0
47,8,14.08333333
47,9,115.3
47,10,215.4833333
47,11,339.4666667
47,12,331.7
47,13,344.6333333
47,14,253.7
47,15,354.6333333
47,16,164.2666667
47,17,50.28333333
47,18,3.15
47,19,0
47,20,0
47,21,0
47,22,0
47,23,0
47,24,0
48,1,0
48,2,0
48,3,0
48,4,0
48,5,0
48,6,0
48,7,0
48,8,5.716666667
48,9,30.03333333
48,10,63.88333333
48,11,102.5333333
48,12,148.15
48,13,165.7833333
48,14,126.35
48,15,94.43333333
48,16,64.63333333
48,17,17.16666667
48,18,0.533333333
48,19,0
48,20,0
48,21,0
48,22,0
48,23,0
48,24,0
49,1,0
49,2,0
49,3,0
49,4,0
49,5,0
49,6,0
49,7,0
49,8,2.666666667
49,9,22.56666667
49,10,45.98333333
49,11,84.85
49,12,144.3333333
49,13,124.4833333
49,14,105.4
49,15,76.05
49,16,49.98333333
49,17,18.03333333
49,18,0.883333333
49,19,0
49,20,0
49,21,0
49,22,0
49,23,0
49,24,0
50,1,0
50,2,0
50,3,0
50,4,0
50,5,0
50,6,0
50,7,0
50,8,15.36666667
50,9,74.01666667
50,10,179.9666667
50,11,231.0666667
50,12,292.5833333
50,13,324.1666667
50,14,299.75
50,15,273.5666667
50,16,171.7166667
50,17,45.2
50,18,3.433333333
50,19,0
50,20,0
50,21,0
50,22,0
50,23,0
50,24,0
51,1,0
51,2,0
51,3,0
51,4,0
51,5,0
51,6,0
51,7,0
51,8,24.25
51,9,122.2666667
51,10,231.2166667
51,11,326.3666667
51,12,401.8666667
51,13,417.2833333
51,14,387
51,15,308.1166667
51,16,197.7
51,17,81.75
51,18,5.983333333
51,19,0
51,20,0
51,21,0
51,22,0
51,23,0
51,24,0
52,1,0
52,2,0
52,3,0
52,4,0
52,5,0
52,6,0
52,7,0
52,8,26.53333333
52,9,123.8666667
52,10,260.1166667
52,11,376.5833333
52,12,413.55
52,13,463.9666667
52,14,281.7333333
52,15,324.4833333
52,16,212.4166667
52,17,61.98333333
52,18,5.9
52,19,0
52,20,0
52,21,0
52,22,0
52,23,0
52,24,0
53,1,0
53,2,0
53,3,0
53,4,0
53,5,0
53,6,0
53,7,0
53,8,32.51666667
53,9,147.65
53,10,277.2
53,11,379.3833333
53,12,394.05
53,13,375.3666667
53,14,236.6
53,15,230.8666667
53,16,108.8833333
53,17,30.13333333
53,18,4.966666667
53,19,0
53,20,0
53,21,0
53,22,0
53,23,0
53,24,0
54,1,0
54,2,0
54,3,0
54,4,0
54,5,0
54,6,0
54,7,0
54,8,31.9
54,9,145.5333333
54,10,269.7333333
54,11,390.5833333
54,12,455.5333333
54,13,468.0166667
54,14,436.4833333
54,15,357.8166667
54,16,233.4
54,17,107.45
54,18,11.98333333
54,19,0
54,20,0
54,21,0
54,22,0
54,23,0
54,24,0
55,1,0
55,2,0
55,3,0
55,4,0
55,5,0
55,6,0
55,7,0
55,8,40.3
55,9,158.45
55,10,305.9333333
55,11,255.3833333
55,12,300.8666667
55,13,176.7833333
55,14,352.2
55,15,324.3666667
55,16,226.1833333
55,17,114.1166667
55,18,12.73333333
55,19,0
55,20,0
55,21,0
55,22,0
55,23,0
55,24,0
56,1,0
56,2,0
56,3,0
56,4,0
56,5,0
56,6,0
56,7,0.05
56,8,42.96666667
56,9,170.9
56,10,289.2166667
56,11,366.4166667
56,12,477.5666667
56,13,485.75
56,14,431.3166667
56,15,349.25
56,16,221.5833333
56,17,55.21666667
56,18,7.2
56,19,0
56,20,0
56,21,0
56,22,0
56,23,0
56,24,0
57,1,0
57,2,0
57,3,0
57,4,0
57,5,0
57,6,0
57,7,0.05
57,8,47.11666667
57,9,174.4833333
57,10,263.8333333
57,11,369.25
57,12,337.5833333
57,13,359.7166667
57,14,325.4666667
57,15,224
57,16,185.7833333
57,17,103.2833333
57,18,10.63333333
57,19,0
57,20,0
57,21,0
57,22,0
57,23,0
57,24,0
58,1,0
58,2,0
58,3,0
58,4,0
58,5,0
58,6,0
58,7,0.25
58,8,49.9
58,9,166.7166667
58,10,209.3
58,11,324.85
58,12,481.5
58,13,460.8333333
58,14,361.1666667
58,15,231.7166667
58,16,149.1
58,17,100.0833333
58,18,9.683333333
58,19,0
58,20,0
58,21,0
58,22,0
58,23,0
58,24,0
59,1,0
59,2,0
59,3,0
59,4,0
59,5,0
59,6,0
59,7,0.1
59,8,42.33333333
59,9,171.4833333
59,10,302.4666667
59,11,303.75
59,12,427.2833333
59,13,489.95
59,14,460.3666667
59,15,376.1166667
59,16,253.75
59,17,119.7166667
59,18,17.31666667
59,19,0
59,20,0
59,21,0
59,22,0
59,23,0
59,24,0
60,1,0
60,2,0
60,3,0
60,4,0
60,5,0
60,6,0
60,7,0.75
60,8,55.55
60,9,190.2666667
60,10,321.4666667
60,11,422.9833333
60,12,479.9
60,13,506.5666667
60,14,463.95
60,15,383.2333333
60,16,260.3
60,17,124.45
60,18,19.26666667
60,19,0
60,20,0
60,21,0
60,22,0
60,23,0
60,24,0
61,1,0
61,2,0
61,3,0
61,4,0
61,5,0
61,6,0
61,7,0.85
61,8,52.68333333
61,9,182.65
61,10,315.7833333
61,11,419.9833333
61,12,481.1666667
61,13,491.1166667
61,14,455.8
61,15,368.6333333
61,16,255.4166667
61,17,122
61,18,19.2
61,19,0
61,20,0
61,21,0
61,22,0
61,23,0
61,24,0
62,1,0
62,2,0
62,3,0
62,4,0
62,5,0
62,6,0
62,7,1.383333333
62,8,57.76666667
62,9,190.55
62,10,327.1666667
62,11,434.8666667
62,12,495.9166667
62,13,508.6833333
62,14,468.9666667
62,15,385
62,16,265.9333333
62,17,129.1
62,18,17.28333333
62,19,0
62,20,0
62,21,0
62,22,0
62,23,0
62,24,0
63,1,0
63,2,0
63,3,0
63,4,0
63,5,0
63,6,0
63,7,2.133333333
63,8,64
63,9,172.8833333
63,10,288.7666667
63,11,365.95
63,12,393.2166667
63,13,495.25
63,14,456.0666667
63,15,369.4166667
63,16,255.2333333
63,17,125.1333333
63,18,22.15
63,19,0
63,20,0
63,21,0
63,22,0
63,23,0
63,24,0
64,1,0
64,2,0
64,3,0
64,4,0
64,5,0
64,6,0
64,7,0
64,8,9.7
64,9,59.03333333
64,10,155.9666667
64,11,181.85
64,12,213.7833333
64,13,243.3833333
64,14,341.4666667
64,15,321.0333333
64,16,255.8333333
64,17,89.96666667
64,18,28.16666667
64,19,0.05
64,20,0
64,21,0
64,22,0
64,23,0
64,24,0
65,1,0
65,2,0
65,3,0
65,4,0
65,5,0
65,6,0
65,7,2.016666667
65,8,51.53333333
65,9,140.2166667
65,10,224.65
65,11,267.9
65,12,283.3833333
65,13,297.85
65,14,237.9833333
65,15,212.8833333
65,16,118.85
65,17,39.01666667
65,18,3.05
65,19,0
65,20,0
65,21,0
65,22,0
65,23,0
65,24,0
66,1,0
66,2,0
66,3,0
66,4,0
66,5,0
66,6,0
66,7,0.4
66,8,16.31666667
66,9,35.9
66,10,56.63333333
66,11,59.06666667
66,12,119.7333333
66,13,145.9
66,14,115.2833333
66,15,44.11666667
66,16,47.86666667
66,17,15.18333333
66,18,6.166666667
66,19,0
66,20,0
66,21,0
66,22,0
66,23,0
66,24,0
67,1,0
67,2,0
67,3,0
67,4,0
67,5,0
67,6,0
67,7,0.55
67,8,20.23333333
67,9,47.23333333
67,10,53.93333333
67,11,51.31666667
67,12,61.13333333
67,13,168.45
67,14,319.2666667
67,15,215.15
67,16,280.25
67,17,165.45
67,18,22.21666667
67,19,0
67,20,0
67,21,0
67,22,0
67,23,0
67,24,0
68,1,0
68,2,0
68,3,0
68,4,0
68,5,0
68,6,0
68,7,1.883333333
68,8,32.41666667
68,9,109.15
68,10,179.3333333
68,11,386.2333333
68,12,260.6666667
68,13,254
68,14,385.6666667
68,15,207.6
68,16,138
68,17,87.68333333
68,18,16.33333333
68,19,0
68,20,0
68,21,0
68,22,0
68,23,0
68,24,0
69,1,0
69,2,0
69,3,0
69,4,0
69,5,0
69,6,0
69,7,2.1
69,8,30.45
69,9,82.56666667
69,10,95.6
69,11,176.5
69,12,183
69,13,271.1
69,14,186.6166667
69,15,211.3333333
69,16,126.05
69,17,37.68333333
69,18,8.666666667
69,19,0
69,20,0
69,21,0
69,22,0
69,23,0
69,24,0
70,1,0
70,2,0
70,3,0
70,4,0
70,5,0
70,6,0
70,7,7.683333333
70,8,111.8166667
70,9,242.7666667
70,10,375.0333333
70,11,467.5666667
70,12,528.9833333
70,13,337.1166667
70,14,473.3666667
70,15,329.5166667
70,16,280.5666667
70,17,133.5833333
70,18,30.73333333
70,19,0
70,20,0
70,21,0
70,22,0
70,23,0
70,24,0
71,1,0
71,2,0
71,3,0
71,4,0
71,5,0
71,6,0
71,7,2.4
71,8,28.66666667
71,9,85.8
71,10,110.9666667
71,11,111.8333333
71,12,134.9
71,13,132.9833333
71,14,104.4333333
71,15,60.06666667
71,16,23.41666667
71,17,12.26666667
71,18,3.616666667
71,19,0
71,20,0
71,21,0
71,22,0
71,23,0
71,24,0
72,1,0
72,2,0
72,3,0
72,4,0
72,5,0
72,6,0
72,7,2.383333333
72,8,44.88333333
72,9,188.1666667
72,10,135.5666667
72,11,187.3166667
72,12,152.8666667
72,13,80.35
72,14,208.4
72,15,80.26666667
72,16,100.1166667
72,17,79.51666667
72,18,17.13333333
72,19,0
72,20,0
72,21,0
72,22,0
72,23,0
72,24,0
73,1,0
73,2,0
73,3,0
73,4,0
73,5,0
73,6,0
73,7,2.5
73,8,15.25
73,9,36.7
73,10,82.9
73,11,81.8
73,12,81.96666667
73,13,36.53333333
73,14,55.75
73,15,62.61666667
73,16,58.13333333
73,17,40.66666667
73,18,17.18333333
73,19,0.15
73,20,0
73,21,0
73,22,0
73,23,0
73,24,0
74,1,0
74,2,0
74,3,0
74,4,0
74,5,0
74,6,0
74,7,2.516666667
74,8,17.35
74,9,43.38333333
74,10,78.7
74,11,176.5166667
74,12,184.4166667
74,13,187.4833333
74,14,235.9166667
74,15,106.95
74,16,132.3666667
74,17,59.21666667
74,18,10.2
74,19,0.05
74,20,0
74,21,0
74,22,0
74,23,0
74,24,0
75,1,0
75,2,0
75,3,0
75,4,0
75,5,0
75,6,0
75,7,1.683333333
75,8,11.58333333
75,9,22.98333333
75,10,48.33333333
75,11,51.26666667
75,12,61.95
75,13,62.18333333
75,14,57.55
75,15,43.28333333
75,16,38.7
75,17,33.55
75,18,9.5
75,19,0.066666667
75,20,0
75,21,0
75,22,0
75,23,0
75,24,0
76,1,0
76,2,0
76,3,0
76,4,0
76,5,0
76,6,0
76,7,14.83333333
76,8,114.6
76,9,156.5
76,10,321.8166667
76,11,432.3333333
76,12,342.75
76,13,358.2
76,14,559.4333333
76,15,444.9666667
76,16,306.2166667
76,17,197.2666667
76,18,56.36666667
76,19,1.35
76,20,0
76,21,0
76,22,0
76,23,0
76,24,0
77,1,0
77,2,0
77,3,0
77,4,0
77,5,0
77,6,0
77,7,21.45
77,8,133.8166667
77,9,302.45
77,10,461.7333333
77,11,568.15
77,12,626.3166667
77,13,634.9
77,14,596.95
77,15,491.75
77,16,377.55
77,17,234.9166667
77,18,87.06666667
77,19,2.033333333
77,20,0
77,21,0
77,22,0
77,23,0
77,24,0
78,1,0
78,2,0
78,3,0
78,4,0
78,5,0
78,6,0
78,7,23.61666667
78,8,173.15
78,9,331.0166667
78,10,476.45
78,11,577.2333333
78,12,647.2166667
78,13,652.9666667
78,14,610.35
78,15,503.55
78,16,374.75
78,17,223.5
78,18,80.11666667
78,19,2.5
78,20,0
78,21,0
78,22,0
78,23,0
78,24,0
79,1,0
79,2,0
79,3,0
79,4,0
79,5,0
79,6,0
79,7,11
79,8,66.58333333
79,9,154.5
79,10,214.8666667
79,11,183.4166667
79,12,155.0666667
79,13,82.21666667
79,14,152.7666667
79,15,148.4666667
79,16,92.16666667
79,17,75.58333333
79,18,78.83333333
79,19,2.383333333
79,20,0
79,21,0
79,22,0
79,23,0
79,24,0
80,1,0
80,2,0
80,3,0
80,4,0
80,5,0
80,6,0
80,7,38.21666667
80,8,213.4666667
80,9,350.5166667
80,10,471.4666667
80,11,592.6833333
80,12,585.6833333
80,13,625.55
80,14,491.2333333
80,15,440.7333333
80,16,333.7166667
80,17,130.1
80,18,36.25
80,19,1.783333333
80,20,0
80,21,0
80,22,0
80,23,0
80,24,0
81,1,0
81,2,0
81,3,0
81,4,0
81,5,0
81,6,0
81,7,6.3
81,8,42.5
81,9,44.56666667
81,10,77.36666667
81,11,107.3
81,12,92.33333333
81,13,64.48333333
81,14,74.21666667
81,15,55
81,16,48.23333333
81,17,26.08333333
81,18,9.833333333
81,19,0.516666667
81,20,0
81,21,0
81,22,0
81,23,0
81,24,0
82,1,0
82,2,0
82,3,0
82,4,0
82,5,0
82,6,0
82,7,7.183333333
82,8,32.58333333
82,9,81.16666667
82,10,99.38333333
82,11,101.5833333
82,12,141.7
82,13,185.7333333
82,14,191.75
82,15,136.0166667
82,16,88.18333333
82,17,55.66666667
82,18,12.4
82,19,0.65
82,20,0
82,21,0
82,22,0
82,23,0
82,24,0
83,1,0
83,2,0
83,3,0
83,4,0
83,5,0
83,6,0
83,7,10.45
83,8,49.13333333
83,9,91.03333333
83,10,136.1666667
83,11,197.65
83,12,296.7333333
83,13,252.55
83,14,296.6333333
83,15,396.4833333
83,16,277.9833333
83,17,198.6333333
83,18,61.26666667
83,19,5.1
83,20,0
83,21,0
83,22,0
83,23,0
83,24,0
84,1,0
84,2,0
84,3,0
84,4,0
84,5,0
84,6,0.433333333
84,7,41.66666667
84,8,157.0166667
84,9,303.9166667
84,10,449.9833333
84,11,552.5333333
84,12,609.5833333
84,13,624.2
84,14,582.8333333
84,15,498.5
84,16,346.1166667
84,17,205.5333333
84,18,54.41666667
84,19,5.416666667
84,20,0
84,21,0
84,22,0
84,23,0
84,24,0
85,1,0
85,2,0
85,3,0
85,4,0
85,5,0
85,6,0
85,7,10.26666667
85,8,32.35
85,9,80.88333333
85,10,112.45
85,11,187
85,12,176.0333333
85,13,81.01666667
85,14,49.78333333
85,15,53
85,16,149.1333333
85,17,286.9166667
85,18,56.43333333
85,19,5.3
85,20,0
85,21,0
85,22,0
85,23,0
85,24,0
86,1,0
86,2,0
86,3,0
86,4,0
86,5,0
86,6,0.533333333
86,7,31.38333333
86,8,208.6
86,9,275.5166667
86,10,223.4166667
86,11,394.0166667
86,12,663.55
86,13,168.6666667
86,14,284.7
86,15,507.6166667
86,16,267.6166667
86,17,223.9166667
86,18,92.45
86,19,5.733333333
86,20,0
86,21,0
86,22,0
86,23,0
86,24,0
87,1,0
87,2,0
87,3,0
87,4,0
87,5,0
87,6,0.066666667
87,7,8.333333333
87,8,27.51666667
87,9,24.6
87,10,32.45
87,11,50.96666667
87,12,61.3
87,13,79.56666667
87,14,104.6666667
87,15,97.9
87,16,70.63333333
87,17,35.51666667
87,18,9.433333333
87,19,0.933333333
87,20,0
87,21,0
87,22,0
87,23,0
87,24,0
88,1,0
88,2,0
88,3,0
88,4,0
88,5,0
88,6,0.1
88,7,7.25
88,8,26.06666667
88,9,58.75
88,10,90.45
88,11,180.05
88,12,316.9666667
88,13,158.6666667
88,14,151.2333333
88,15,167.6166667
88,16,173.95
88,17,104.1833333
88,18,52.15
88,19,4.866666667
88,20,0
88,21,0
88,22,0
88,23,0
88,24,0
89,1,0
89,2,0
89,3,0
89,4,0
89,5,0
89,6,1.533333333
89,7,69.7
89,8,211.0666667
89,9,293.2
89,10,382.9833333
89,11,291.6
89,12,525.7
89,13,688.7166667
89,14,640.4
89,15,561.15
89,16,416.0833333
89,17,244.55
89,18,87.96666667
89,19,8.35
89,20,0
89,21,0
89,22,0
89,23,0
89,24,0
90,1,0
90,2,0
90,3,0
90,4,0
90,5,0
90,6,0.7
90,7,22.76666667
90,8,46.55
90,9,43.33333333
90,10,66.75
90,11,86.93333333
90,12,99.2
90,13,63.26666667
90,14,71.4
90,15,33.85
90,16,26.03333333
90,17,21.95
90,18,11.13333333
90,19,0.766666667
90,20,0
90,21,0
90,22,0
90,23,0
90,24,0
91,1,0
91,2,0
91,3,0
91,4,0
91,5,0
91,6,0.2
91,7,6.783333333
91,8,33.7
91,9,56.46666667
91,10,91.78333333
91,11,162.3166667
91,12,199.6166667
91,13,219.6833333
91,14,185.3166667
91,15,106.1833333
91,16,81.71666667
91,17,54.53333333
91,18,32.56666667
91,19,6.383333333
91,20,0
91,21,0
91,22,0
91,23,0
91,24,0
92,1,0
92,2,0
92,3,0
92,4,0
92,5,0
92,6,3.183333333
92,7,36.08333333
92,8,153.4833333
92,9,362.4833333
92,10,485.5666667
92,11,637.4833333
92,12,690.25
92,13,705.4333333
92,14,619.55
92,15,541
92,16,368
92,17,224.65
92,18,57.58333333
92,19,7.533333333
92,20,0
92,21,0
92,22,0
92,23,0
92,24,0
93,1,0
93,2,0
93,3,0
93,4,0
93,5,0
93,6,1.1
93,7,37.18333333
93,8,69.91666667
93,9,105.6833333
93,10,229.4166667
93,11,535.8333333
93,12,649.25
93,13,618.5166667
93,14,568.5333333
93,15,489.7333333
93,16,351.2666667
93,17,198.3833333
93,18,78.28333333
93,19,6.333333333
93,20,0
93,21,0
93,22,0
93,23,0
93,24,0
94,1,0
94,2,0
94,3,0
94,4,0
94,5,0
94,6,5.766666667
94,7,79
94,8,233.5
94,9,376.3
94,10,466.75
94,11,524.75
94,12,602.1666667
94,13,616.8333333
94,14,624.8
94,15,596.9833333
94,16,242.4666667
94,17,188.15
94,18,142.1166667
94,19,8.333333333
94,20,0
94,21,0
94,22,0
94,23,0
94,24,0
95,1,0
95,2,0
95,3,0
95,4,0
95,5,0
95,6,8.3
95,7,64.88333333
95,8,224.0833333
95,9,389.8833333
95,10,384.1833333
95,11,387.6666667
95,12,239.0666667
95,13,483.1333333
95,14,441.8833333
95,15,176.9666667
95,16,57.95
95,17,33.28333333
95,18,60.23333333
95,19,31.88333333
95,20,0
95,21,0
95,22,0
95,23,0
95,24,0
96,1,0
96,2,0
96,3,0
96,4,0
96,5,0
96,6,8.016666667
96,7,106.9166667
96,8,277.5
96,9,438.9166667
96,10,574.8833333
96,11,675.2666667
96,12,732.3833333
96,13,733.1833333
96,14,684
96,15,596.4666667
96,16,467.8166667
96,17,313.5333333
96,18,145.7333333
96,19,20.78333333
96,20,0
96,21,0
96,22,0
96,23,0
96,24,0
97,1,0
97,2,0
97,3,0
97,4,0
97,5,0
97,6,15.2
97,7,122.7333333
97,8,280.1
97,9,392.7666667
97,10,581.9166667
97,11,649.8166667
97,12,752.7333333
97,13,738.05
97,14,679.2666667
97,15,605.4333333
97,16,474.2833333
97,17,317.7333333
97,18,152.7166667
97,19,26.43333333
97,20,0
97,21,0
97,22,0
97,23,0
97,24,0
98,1,0
98,2,0
98,3,0
98,4,0
98,5,0
98,6,10.26666667
98,7,105.8
98,8,269.7
98,9,428.6666667
98,10,562.6166667
98,11,662.9833333
98,12,716.65
98,13,718.05
98,14,664.5
98,15,573.1666667
98,16,442.2
98,17,284.75
98,18,134.1833333
98,19,22.73333333
98,20,0
98,21,0
98,22,0
98,23,0
98,24,0
99,1,0
99,2,0
99,3,0
99,4,0
99,5,0
99,6,12.28333333
99,7,111.7166667
99,8,261.05
99,9,413.9333333
99,10,532.4666667
99,11,626.8166667
99,12,683.5666667
99,13,694.05
99,14,648.2666667
99,15,559.7
99,16,330.6333333
99,17,232.9333333
99,18,65.96666667
99,19,16.7
99,20,0
99,21,0
99,22,0
99,23,0
99,24,0
100,1,0
100,2,0
100,3,0
100,4,0
100,5,0
100,6,13.46666667
100,7,105.6
100,8,250.4
100,9,403.5333333
100,10,542.5
100,11,637.9666667
100,12,683.3
100,13,677.5166667
100,14,637.25
100,15,545.7666667
100,16,386.5833333
100,17,256.0833333
100,18,148.1166667
100,19,28.33333333
100,20,0
100,21,0
100,22,0
100,23,0
100,24,0
101,1,0
101,2,0
101,3,0
101,4,0
101,5,0
101,6,2.466666667
101,7,54.16666667
101,8,260.1
101,9,418.6833333
101,10,546.1666667
101,11,651.7666667
101,12,707.9166667
101,13,751.35
101,14,657.45
101,15,532.2666667
101,16,411.3833333
101,17,286.9333333
101,18,137.0166667
101,19,26.26666667
101,20,0
101,21,0
101,22,0
101,23,0
101,24,0
102,1,0
102,2,0
102,3,0
102,4,0
102,5,0
102,6,14.83333333
102,7,114.2166667
102,8,249.5666667
102,9,257.8166667
102,10,388.1666667
102,11,434.5666667
102,12,432.1333333
102,13,675.5166667
102,14,654.7
102,15,452.95
102,16,325
102,17,249.7
102,18,82.13333333
102,19,17.4
102,20,0
102,21,0
102,22,0
102,23,0
102,24,0
103,1,0
103,2,0
103,3,0
103,4,0
103,5,0
103,6,13.36666667
103,7,34.73333333
103,8,28.16666667
103,9,39.13333333
103,10,104.05
103,11,281.5166667
103,12,142.35
103,13,355.6333333
103,14,336.6666667
103,15,376.8
103,16,394.7833333
103,17,214.8
103,18,27.28333333
103,19,6.683333333
103,20,0
103,21,0
103,22,0
103,23,0
103,24,0
104,1,0
104,2,0
104,3,0
104,4,0
104,5,0
104,6,2.833333333
104,7,16.86666667
104,8,124.9666667
104,9,237.9833333
104,10,265.25
104,11,232.7166667
104,12,254.7
104,13,408.0333333
104,14,59.13333333
104,15,278.25
104,16,432.75
104,17,251.45
104,18,124.6333333
104,19,36.03333333
104,20,0
104,21,0
104,22,0
104,23,0
104,24,0
105,1,0
105,2,0
105,3,0
105,4,0
105,5,0
105,6,15.2
105,7,65.78333333
105,8,163.25
105,9,368.9666667
105,10,478.2166667
105,11,694.3
105,12,743.3166667
105,13,707.2333333
105,14,513.05
105,15,502.45
105,16,380.1833333
105,17,300.3833333
105,18,179.1
105,19,39.03333333
105,20,0.116666667
105,21,0
105,22,0
105,23,0
105,24,0
106,1,0
106,2,0
106,3,0
106,4,0
106,5,0
106,6,4.016666667
106,7,14.08333333
106,8,39.16666667
106,9,57.46666667
106,10,113.1333333
106,11,185.35
106,12,316.65
106,13,485.7666667
106,14,233.2
106,15,194.4833333
106,16,88.66666667
106,17,53.7
106,18,45.43333333
106,19,8.016666667
106,20,0
106,21,0
106,22,0
106,23,0
106,24,0
107,1,0
107,2,0
107,3,0
107,4,0
107,5,0
107,6,24.08333333
107,7,108.95
107,8,265.9833333
107,9,435.9833333
107,10,601.4333333
107,11,695.2333333
107,12,735.4166667
107,13,644.8
107,14,713.7
107,15,592.6
107,16,494.9333333
107,17,337.0166667
107,18,184.6
107,19,42.85
107,20,0.166666667
107,21,0
107,22,0
107,23,0
107,24,0
108,1,0
108,2,0
108,3,0
108,4,0
108,5,0.1
108,6,33.1
108,7,148.2166667
108,8,307.85
108,9,457.8666667
108,10,591.6
108,11,688.75
108,12,741.5333333
108,13,733.8666667
108,14,683.15
108,15,604.9166667
108,16,478.5333333
108,17,324.2666667
108,18,167.7666667
108,19,47.88333333
108,20,0.483333333
108,21,0
108,22,0
108,23,0
108,24,0
109,1,0
109,2,0
109,3,0
109,4,0
109,5,0.05
109,6,35.6
109,7,154.2833333
109,8,305.6
109,9,455.95
109,10,582.3333333
109,11,662.3
109,12,711.1166667
109,13,721.0333333
109,14,679.8
109,15,594.9166667
109,16,479.5
109,17,317.3666667
109,18,178.15
109,19,52.05
109,20,1.666666667
109,21,0
109,22,0
109,23,0
109,24,0
110,1,0
110,2,0
110,3,0
110,4,0
110,5,0.366666667
110,6,42.05
110,7,147.0833333
110,8,325.0166667
110,9,475.9666667
110,10,604.4166667
110,11,691.1833333
110,12,744.7833333
110,13,747.6666667
110,14,709.25
110,15,612.7666667
110,16,496.3666667
110,17,347.0166667
110,18,182.4166667
110,19,51.48333333
110,20,1.583333333
110,21,0
110,22,0
110,23,0
110,24,0
111,1,0
111,2,0
111,3,0
111,4,0
111,5,0.6
111,6,36.9
111,7,145.9166667
111,8,300.65
111,9,469.9833333
111,10,598.4
111,11,693.1166667
111,12,747.6833333
111,13,758.1833333
111,14,724.7
111,15,638.45
111,16,517.55
111,17,371.1
111,18,210.25
111,19,64.23333333
111,20,1.133333333
111,21,0
111,22,0
111,23,0
111,24,0
112,1,0
112,2,0
112,3,0
112,4,0
112,5,0.733333333
112,6,58.76666667
112,7,184.45
112,8,353.6666667
112,9,505.75
112,10,634.5833333
112,11,715.2333333
112,12,751.55
112,13,764.4833333
112,14,682.7166667
112,15,604.6333333
112,16,478.8333333
112,17,279.8166667
112,18,168.0666667
112,19,49.93333333
112,20,1.016666667
112,21,0
112,22,0
112,23,0
112,24,0
113,1,0
113,2,0
113,3,0
113,4,0
113,5,0.5
113,6,41.73333333
113,7,179.9666667
113,8,159.0166667
113,9,312.4666667
113,10,515.6
113,11,242.6166667
113,12,206.7333333
113,13,630.35
113,14,634.6666667
113,15,452.3666667
113,16,394.55
113,17,303.7333333
113,18,188.9833333
113,19,63.1
113,20,1.133333333
113,21,0
113,22,0
113,23,0
113,24,0
114,1,0
114,2,0
114,3,0
114,4,0
114,5,1.3
114,6,42.81666667
114,7,90.26666667
114,8,173.7166667
114,9,444.6
114,10,544.6166667
114,11,298.2833333
114,12,413
114,13,248.0166667
114,14,240.3
114,15,124.5
114,16,256.5833333
114,17,51.86666667
114,18,105.9833333
114,19,56.41666667
114,20,2.1
114,21,0
114,22,0
114,23,0
114,24,0
115,1,0
115,2,0
115,3,0
115,4,0
115,5,0.183333333
115,6,16.23333333
115,7,55.86666667
115,8,68.9
115,9,60.26666667
115,10,214.6666667
115,11,625.9
115,12,276.4666667
115,13,120.8
115,14,503.7166667
115,15,513.6666667
115,16,509.7833333
115,17,361.0833333
115,18,232.0833333
115,19,83.3
115,20,3.366666667
115,21,0
115,22,0
115,23,0
115,24,0
116,1,0
116,2,0
116,3,0
116,4,0
116,5,2.25
116,6,45.4
116,7,57.38333333
116,8,93.31666667
116,9,161.2666667
116,10,397.6833333
116,11,213.5333333
116,12,568.3333333
116,13,358.15
116,14,342.8833333
116,15,264.75
116,16,353.3833333
116,17,174.7833333
116,18,202.3166667
116,19,56.3
116,20,2.016666667
116,21,0
116,22,0
116,23,0
116,24,0
117,1,0
117,2,0
117,3,0
117,4,0
117,5,2.666666667
117,6,71.95
117,7,152.5333333
117,8,315.7666667
117,9,476.8833333
117,10,639.8
117,11,673.2666667
117,12,813.9166667
117,13,621.1
117,14,532.2833333
117,15,416.0666667
117,16,409.55
117,17,312.5
117,18,178.0166667
117,19,81.23333333
117,20,2.683333333
117,21,0
117,22,0
117,23,0
117,24,0
118,1,0
118,2,0
118,3,0
118,4,0
118,5,2.183333333
118,6,65.53333333
118,7,214.7166667
118,8,391.8166667
118,9,540.7333333
118,10,645.5833333
118,11,749.0833333
118,12,789.1
118,13,804.2666667
118,14,755.0833333
118,15,658.6
118,16,554.0833333
118,17,397.7833333
118,18,169.2333333
118,19,20.15
118,20,2.016666667
118,21,0
118,22,0
118,23,0
118,24,0
119,1,0
119,2,0
119,3,0
119,4,0
119,5,1.533333333
119,6,44.46666667
119,7,193.9
119,8,245.2
119,9,262.9333333
119,10,349.4
119,11,753.4333333
119,12,788.1166667
119,13,786.5
119,14,736.6166667
119,15,649.1333333
119,16,524.0833333
119,17,379.2833333
119,18,220.1166667
119,19,67.16666667
119,20,3.466666667
119,21,0
119,22,0
119,23,0
119,24,0
120,1,0
120,2,0
120,3,0
120,4,0
120,5,3.583333333
120,6,69.05
120,7,235.2
120,8,358.0166667
120,9,502.6333333
120,10,605.2666667
120,11,728.6666667
120,12,399.7333333
120,13,351.3333333
120,14,315.2333333
120,15,603.7
120,16,445.2666667
120,17,395.0333333
120,18,185
120,19,88.76666667
120,20,7.083333333
120,21,0
120,22,0
120,23,0
120,24,0
121,1,0
121,2,0
121,3,0
121,4,0
121,5,2.216666667
121,6,30.6
121,7,114.5833333
121,8,384.4
121,9,525.15
121,10,311.9
121,11,587.7
121,12,821.9333333
121,13,844.45
121,14,709.2833333
121,15,677.4333333
121,16,579.3333333
121,17,365.3166667
121,18,257.2166667
121,19,100.1
121,20,8.916666667
121,21,0
121,22,0
121,23,0
121,24,0
122,1,0
122,2,0
122,3,0
122,4,0
122,5,6.766666667
122,6,66.46666667
122,7,194.6333333
122,8,305.5
122,9,484.45
122,10,481
122,11,183.0333333
122,12,189.7
122,13,158.4333333
122,14,117.35
122,15,389.8833333
122,16,374.3666667
122,17,190.2833333
122,18,64.6
122,19,20.68333333
122,20,1.383333333
122,21,0
122,22,0
122,23,0
122,24,0
123,1,0
123,2,0
123,3,0
123,4,0
123,5,2.366666667
123,6,42.2
123,7,160.0833333
123,8,329.0666667
123,9,403.5
123,10,582.5333333
123,11,733.9833333
123,12,724.3333333
123,13,789.1333333
123,14,766.95
123,15,639.7833333
123,16,531.4166667
123,17,318.7333333
123,18,215.7333333
123,19,102.2
123,20,9.7
123,21,0
123,22,0
123,23,0
123,24,0
124,1,0
124,2,0
124,3,0
124,4,0
124,5,7.9
124,6,95.61666667
124,7,247.0666667
124,8,408.9
124,9,559.1833333
124,10,688.5
124,11,777.2166667
124,12,827.7666667
124,13,820.2166667
124,14,772.9666667
124,15,671.4833333
124,16,531.4
124,17,422.3166667
124,18,255.7
124,19,110.0833333
124,20,8.483333333
124,21,0
124,22,0
124,23,0
124,24,0
125,1,0
125,2,0
125,3,0
125,4,0
125,5,9.466666667
125,6,102.2333333
125,7,256.75
125,8,422.8333333
125,9,577.1666667
125,10,705.2833333
125,11,815.7
125,12,852.4333333
125,13,840.6166667
125,14,639.7166667
125,15,581.1666667
125,16,579.6166667
125,17,427.1333333
125,18,263.1333333
125,19,109.6833333
125,20,11.86666667
125,21,0
125,22,0
125,23,0
125,24,0
126,1,0
126,2,0
126,3,0
126,4,0
126,5,10.16666667
126,6,102.6666667
126,7,253.9833333
126,8,417.25
126,9,566.5833333
126,10,683.85
126,11,776.4
126,12,823.5
126,13,823.2333333
126,14,779.7
126,15,691.6666667
126,16,576.5833333
126,17,430.7833333
126,18,266.4166667
126,19,113.8666667
126,20,13.76666667
126,21,0
126,22,0
126,23,0
126,24,0
127,1,0
127,2,0
127,3,0
127,4,0
127,5,11.6
127,6,109.25
127,7,261.4
127,8,424.5333333
127,9,573.7666667
127,10,687.0333333
127,11,773.15
127,12,810.35
127,13,814.5333333
127,14,775.6
127,15,688.75
127,16,575.8666667
127,17,426.3166667
127,18,260.8833333
127,19,112.3833333
127,20,13.8
127,21,0
127,22,0
127,23,0
127,24,0
128,1,0
128,2,0
128,3,0
128,4,0
128,5,12.55
128,6,109.2166667
128,7,261.0666667
128,8,423.1333333
128,9,572.9333333
128,10,696.5666667
128,11,783.5
128,12,815.55
128,13,799.9833333
128,14,756.0833333
128,15,671.7833333
128,16,550.9166667
128,17,408.6166667
128,18,255.75
128,19,109.5166667
128,20,14.21666667
128,21,0
128,22,0
128,23,0
128,24,0
129,1,0
129,2,0
129,3,0
129,4,0
129,5,12.16666667
129,6,101.6833333
129,7,247.9666667
129,8,405.0833333
129,9,549.7333333
129,10,675.85
129,11,764.45
129,12,806.45
129,13,612.8166667
129,14,637.15
129,15,656.95
129,16,493.1
129,17,310.6
129,18,228.7666667
129,19,97.81666667
129,20,8.05
129,21,0.25
129,22,0
129,23,0
129,24,0
130,1,0
130,2,0
130,3,0
130,4,0
130,5,9.083333333
130,6,45.23333333
130,7,110.8333333
130,8,235.6666667
130,9,456.15
130,10,627.5
130,11,744.8666667
130,12,764.6333333
130,13,679.7166667
130,14,505.4166667
130,15,556.9333333
130,16,578.3333333
130,17,164.8
130,18,84.56666667
130,19,8.85
130,20,1.1
130,21,0
130,22,0
130,23,0
130,24,0
131,1,0
131,2,0
131,3,0
131,4,0
131,5,0.75
131,6,13.16666667
131,7,47.51666667
131,8,53.21666667
131,9,89.38333333
131,10,158.4166667
131,11,244.2833333
131,12,243.6833333
131,13,211.0833333
131,14,181.4333333
131,15,136.1666667
131,16,149.6166667
131,17,121.1333333
131,18,74.03333333
131,19,22.66666667
131,20,3.533333333
131,21,0
131,22,0
131,23,0
131,24,0
132,1,0
132,2,0
132,3,0
132,4,0
132,5,6.716666667
132,6,43.93333333
132,7,221.5833333
132,8,370.1166667
132,9,538.5
132,10,379.8666667
132,11,493.7
132,12,532.5166667
132,13,390.45
132,14,577.85
132,15,641.5666667
132,16,485.5666667
132,17,398.45
132,18,255.55
132,19,109.85
132,20,16.5
132,21,0
132,22,0
132,23,0
132,24,0
133,1,0
133,2,0
133,3,0
133,4,0
133,5,13.93333333
133,6,102.25
133,7,239.5333333
133,8,397.4833333
133,9,548.4
133,10,682.1166667
133,11,779.6333333
133,12,830.15
133,13,843.45
133,14,801.1666667
133,15,711.6166667
133,16,582.2166667
133,17,436.9333333
133,18,279.3666667
133,19,129.1833333
133,20,22.35
133,21,0
133,22,0
133,23,0
133,24,0
134,1,0
134,2,0
134,3,0
134,4,0
134,5,16.08333333
134,6,116.4666667
134,7,263.5833333
134,8,424.2333333
134,9,573.4
134,10,702.6833333
134,11,800.3166667
134,12,858.6166667
134,13,853.7166667
134,14,808.0166667
134,15,710.1666667
134,16,583.2833333
134,17,405.8666667
134,18,276.7333333
134,19,126.7166667
134,20,22.85
134,21,0
134,22,0
134,23,0
134,24,0
135,1,0
135,2,0
135,3,0
135,4,0
135,5,17.61666667
135,6,118.3666667
135,7,260.6333333
135,8,415.2333333
135,9,478.2166667
135,10,720.0166667
135,11,798.2333333
135,12,483.6333333
135,13,481.25
135,14,369.7666667
135,15,188.4833333
135,16,31.21666667
135,17,27.25
135,18,40.23333333
135,19,21.26666667
135,20,9.766666667
135,21,0
135,22,0
135,23,0
135,24,0
136,1,0
136,2,0
136,3,0
136,4,0
136,5,14.16666667
136,6,57.63333333
136,7,149.6333333
136,8,229.4166667
136,9,389.35
136,10,398.0333333
136,11,390.1
136,12,746.9833333
136,13,574.8
136,14,613.7833333
136,15,672.2833333
136,16,438.6666667
136,17,372.5333333
136,18,236.2833333
136,19,111.95
136,20,17.98333333
136,21,0
136,22,0
136,23,0
136,24,0
137,1,0
137,2,0
137,3,0
137,4,0
137,5,11.06666667
137,6,86.8
137,7,267.35
137,8,454.1666667
137,9,543.2833333
137,10,622.7333333
137,11,591.3833333
137,12,609.05
137,13,606.2833333
137,14,727.2833333
137,15,503.0666667
137,16,500.0833333
137,17,471.65
137,18,251.9666667
137,19,120.1666667
137,20,26.46666667
137,21,0.05
137,22,0
137,23,0
137,24,0
138,1,0
138,2,0
138,3,0
138,4,0
138,5,10.55
138,6,72.51666667
138,7,175.8166667
138,8,220.35
138,9,363
138,10,571.1833333
138,11,508.2833333
138,12,518.95
138,13,461
138,14,330.05
138,15,262.9
138,16,177.4666667
138,17,91.23333333
138,18,44.78333333
138,19,16.83333333
138,20,8.266666667
138,21,0
138,22,0
138,23,0
138,24,0
139,1,0
139,2,0
139,3,0
139,4,0
139,5,33.23333333
139,6,85.63333333
139,7,221.0333333
139,8,431.4833333
139,9,573
139,10,704.9833333
139,11,767.5
139,12,805.7666667
139,13,729.6833333
139,14,841.5833333
139,15,632.6166667
139,16,539
139,17,470.5333333
139,18,298.3333333
139,19,139.25
139,20,32.38333333
139,21,0
139,22,0
139,23,0
139,24,0
140,1,0
140,2,0
140,3,0
140,4,0
140,5,31.36666667
140,6,149.2333333
140,7,306.6333333
140,8,470.2833333
140,9,619.95
140,10,746.2666667
140,11,834.45
140,12,880.05
140,13,877.7333333
140,14,835.9833333
140,15,747.0333333
140,16,627.8333333
140,17,476.05
140,18,313.0166667
140,19,153.2
140,20,35.98333333
140,21,0
140,22,0
140,23,0
140,24,0
141,1,0
141,2,0
141,3,0
141,4,0
141,5,27.38333333
141,6,144.75
141,7,301.0666667
141,8,463.7666667
141,9,612.3
141,10,732.7333333
141,11,791.8333333
141,12,739.3
141,13,783.0833333
141,14,702.1833333
141,15,692.5666667
141,16,621.5166667
141,17,414.9666667
141,18,289.9333333
141,19,148.7833333
141,20,34.28333333
141,21,0.1
141,22,0
141,23,0
141,24,0
142,1,0
142,2,0
142,3,0
142,4,0
142,5,29.66666667
142,6,144.1333333
142,7,298.1666667
142,8,461.5666667
142,9,612.4166667
142,10,738.8166667
142,11,834.6333333
142,12,881.95
142,13,864.1166667
142,14,832.0333333
142,15,742.8166667
142,16,619.7666667
142,17,461.9666667
142,18,279.55
142,19,142.7833333
142,20,27.41666667
142,21,0.1
142,22,0
142,23,0
142,24,0
143,1,0
143,2,0
143,3,0
143,4,0.166666667
143,5,33.71666667
143,6,145.9833333
143,7,294.4333333
143,8,462.05
143,9,592.6
143,10,679.5166667
143,11,800.1833333
143,12,872.45
143,13,867.1666667
143,14,805.8666667
143,15,753.3666667
143,16,582.85
143,17,448.4166667
143,18,204.9666667
143,19,121.15
143,20,26.01666667
143,21,1.133333333
143,22,0
143,23,0
143,24,0
144,1,0
144,2,0
144,3,0
144,4,0.45
144,5,51.05
144,6,146.7666667
144,7,248.3666667
144,8,329.4333333
144,9,670
144,10,625.7166667
144,11,750.2833333
144,12,774.5166667
144,13,853
144,14,826.55
144,15,664.55
144,16,451.0333333
144,17,383.5833333
144,18,321.2666667
144,19,146.6166667
144,20,38
144,21,0.533333333
144,22,0
144,23,0
144,24,0
145,1,0
145,2,0
145,3,0
145,4,0.433333333
145,5,34.66666667
145,6,149.6666667
145,7,301.3166667
145,8,459.9166667
145,9,606.1833333
145,10,723.2
145,11,822.3
145,12,831.85
145,13,861.8666667
145,14,735.6166667
145,15,488.85
145,16,653.8333333
145,17,419.1666667
145,18,315.8833333
145,19,151.9666667
145,20,40.2
145,21,0.333333333
145,22,0
145,23,0
145,24,0
146,1,0
146,2,0
146,3,0
146,4,0.216666667
146,5,30.55
146,6,147.8666667
146,7,305.1333333
146,8,457.9666667
146,9,601.9666667
146,10,721.15
146,11,800.6833333
146,12,887.7166667
146,13,792.2833333
146,14,553.2333333
146,15,464.95
146,16,261.9666667
146,17,474.65
146,18,250.6666667
146,19,150.9
146,20,37.36666667
146,21,0.716666667
146,22,0
146,23,0
146,24,0
147,1,0
147,2,0
147,3,0
147,4,0.266666667
147,5,32.23333333
147,6,140.3166667
147,7,287.45
147,8,444
147,9,593.8333333
147,10,710.6166667
147,11,793.2333333
147,12,837.9333333
147,13,633.9
147,14,216.15
147,15,431.8166667
147,16,226.9666667
147,17,230.45
147,18,233.4833333
147,19,128.9333333
147,20,26.93333333
147,21,1
147,22,0
147,23,0
147,24,0
148,1,0
148,2,0
148,3,0
148,4,0.383333333
148,5,29.18333333
148,6,136.0333333
148,7,272.3666667
148,8,434.25
148,9,585.6333333
148,10,700.0166667
148,11,769
148,12,672.45
148,13,860.7
148,14,761.3833333
148,15,658.05
148,16,573.0333333
148,17,438.05
148,18,260.3833333
148,19,154.5833333
148,20,33.3
148,21,0.233333333
148,22,0
148,23,0
148,24,0
149,1,0
149,2,0
149,3,0
149,4,0.716666667
149,5,37.45
149,6,153.4833333
149,7,307.4666667
149,8,470.6833333
149,9,625.55
149,10,750.3833333
149,11,837.3666667
149,12,880.6166667
149,13,875.3166667
149,14,823.85
149,15,735.5833333
149,16,612.5666667
149,17,470.8333333
149,18,317.8333333
149,19,167.3666667
149,20,47.18333333
149,21,0.616666667
149,22,0
149,23,0
149,24,0
150,1,0
150,2,0
150,3,0
150,4,0.816666667
150,5,37.78333333
150,6,148.4166667
150,7,293.9666667
150,8,452.8666667
150,9,604.3333333
150,10,725.2666667
150,11,802.3333333
150,12,845.6833333
150,13,590.6333333
150,14,108.1166667
150,15,153.3333333
150,16,444.15
150,17,139.4833333
150,18,182.0166667
150,19,92.31666667
150,20,32.25
150,21,1.216666667
150,22,0
150,23,0
150,24,0
151,1,0
151,2,0
151,3,0
151,4,0.683333333
151,5,35.66666667
151,6,136.6666667
151,7,284.85
151,8,441.8666667
151,9,582.3166667
151,10,701.5333333
151,11,785.5166667
151,12,833.4666667
151,13,839.2333333
151,14,811.7
151,15,752.8166667
151,16,546.7
151,17,233.0333333
151,18,123.3166667
151,19,126.0166667
151,20,28.75
151,21,0.966666667
151,22,0
151,23,0
151,24,0
152,1,0
152,2,0
152,3,0
152,4,0.9
152,5,31.66666667
152,6,137.3166667
152,7,281.9833333
152,8,413.75
152,9,603.5333333
152,10,707.1166667
152,11,332.9166667
152,12,670.7166667
152,13,822.4166667
152,14,850.8
152,15,649.4333333
152,16,340.95
152,17,132.8666667
152,18,23.55
152,19,5.633333333
152,20,2.783333333
152,21,0.233333333
152,22,0
152,23,0
152,24,0
153,1,0
153,2,0
153,3,0
153,4,0.533333333
153,5,12.05
153,6,45.95
153,7,83.01666667
153,8,153.2666667
153,9,349.5
153,10,480.0666667
153,11,353.55
153,12,120.1
153,13,175.85
153,14,233.1333333
153,15,240.1333333
153,16,222.7833333
153,17,266.8833333
153,18,145.1333333
153,19,71.26666667
153,20,14.38333333
153,21,0.55
153,22,0
153,23,0
153,24,0
154,1,0
154,2,0
154,3,0
154,4,0.083333333
154,5,5.066666667
154,6,26.46666667
154,7,60.15
154,8,74.31666667
154,9,101.05
154,10,110.35
154,11,137.1
154,12,124.2666667
154,13,182.85
154,14,177.1
154,15,562.7666667
154,16,358.5666667
154,17,285.1333333
154,18,239.0833333
154,19,148.1
154,20,39.98333333
154,21,1.833333333
154,22,0
154,23,0
154,24,0
155,1,0
155,2,0
155,3,0
155,4,0.783333333
155,5,35.46666667
155,6,140.75
155,7,272.15
155,8,424.3333333
155,9,549.3166667
155,10,496.7333333
155,11,543.0833333
155,12,625.7
155,13,767.8166667
155,14,658.45
155,15,613.3666667
155,16,502.5666667
155,17,479.5666667
155,18,326.0833333
155,19,172.65
155,20,56.53333333
155,21,2.85
155,22,0
155,23,0
155,24,0
156,1,0
156,2,0
156,3,0
156,4,0.333333333
156,5,17.5
156,6,35.3
156,7,70.88333333
156,8,91.56666667
156,9,151
156,10,314
156,11,347.7166667
156,12,279.9666667
156,13,427.7833333
156,14,684.2166667
156,15,510.5666667
156,16,528.75
156,17,455.5333333
156,18,307.9333333
156,19,146.95
156,20,43.98333333
156,21,3.483333333
156,22,0
156,23,0
156,24,0
157,1,0
157,2,0
157,3,0
157,4,1.666666667
157,5,52.46666667
157,6,179.9166667
157,7,334.7166667
157,8,494.75
157,9,643.4166667
157,10,763.1666667
157,11,852.2
157,12,895.55
157,13,892.4333333
157,14,815.0833333
157,15,763.6833333
157,16,651.35
157,17,504.7166667
157,18,340.2833333
157,19,189.8333333
157,20,63.16666667
157,21,3.333333333
157,22,0
157,23,0
157,24,0
158,1,0
158,2,0
158,3,0
158,4,2.333333333
158,5,51.16666667
158,6,153.3
158,7,304.1166667
158,8,475.65
158,9,617.4
158,10,745.0833333
158,11,827.0666667
158,12,880.0666667
158,13,884.85
158,14,844.5166667
158,15,765.25
158,16,649.4
158,17,506.8833333
158,18,348.7166667
158,19,191.7
158,20,60.1
158,21,2.45
158,22,0
158,23,0
158,24,0
159,1,0
159,2,0
159,3,0
159,4,1.95
159,5,52.1
159,6,172.4333333
159,7,325
159,8,487.9333333
159,9,639.15
159,10,760.8666667
159,11,849.0333333
159,12,888.85
159,13,885.7666667
159,14,846.35
159,15,767.15
159,16,643.6166667
159,17,470.9666667
159,18,302.1333333
159,19,151.05
159,20,55.1
159,21,2
159,22,0
159,23,0
159,24,0
160,1,0
160,2,0
160,3,0
160,4,0.883333333
160,5,46.81666667
160,6,155.6166667
160,7,288.6166667
160,8,395.4
160,9,611.0333333
160,10,739.6833333
160,11,837.9666667
160,12,860.2333333
160,13,834.45
160,14,770.35
160,15,614.7833333
160,16,594.7
160,17,394.5
160,18,327.4333333
160,19,178.2166667
160,20,40.48333333
160,21,2.016666667
160,22,0
160,23,0
160,24,0
161,1,0
161,2,0
161,3,0
161,4,1.033333333
161,5,27.11666667
161,6,118.5833333
161,7,199.8
161,8,440.2333333
161,9,443.9166667
161,10,689.6833333
161,11,653.1333333
161,12,645.7
161,13,768.2833333
161,14,168.3666667
161,15,307.2
161,16,86.51666667
161,17,131.8166667
161,18,247.6833333
161,19,24.66666667
161,20,34.95
161,21,0.566666667
161,22,0
161,23,0
161,24,0
162,1,0
162,2,0
162,3,0
162,4,1.733333333
162,5,21.38333333
162,6,45.71666667
162,7,125.05
162,8,172.7333333
162,9,324.3166667
162,10,519.4
162,11,708.8833333
162,12,750.7166667
162,13,793.8
162,14,845.2666667
162,15,760.35
162,16,648.05
162,17,451.6333333
162,18,235.45
162,19,132
162,20,39.36666667
162,21,4.166666667
162,22,0
162,23,0
162,24,0
163,1,0
163,2,0
163,3,0
163,4,2.533333333
163,5,32.18333333
163,6,105.2666667
163,7,208.9666667
163,8,374.6166667
163,9,425.8833333
163,10,743.05
163,11,731.1166667
163,12,666.15
163,13,872.4
163,14,794.4666667
163,15,771.1
163,16,645.8666667
163,17,452.0333333
163,18,263.55
163,19,122.8166667
163,20,46.31666667
163,21,1.833333333
163,22,0
163,23,0
163,24,0
164,1,0
164,2,0
164,3,0
164,4,0.433333333
164,5,15.6
164,6,35.86666667
164,7,70.2
164,8,74.21666667
164,9,264.0666667
164,10,506.7
164,11,340.6
164,12,416.4
164,13,328.0166667
164,14,176.3
164,15,147.7333333
164,16,122.0666667
164,17,68.55
164,18,85.23333333
164,19,37.78333333
164,20,13.96666667
164,21,0.766666667
164,22,0
164,23,0
164,24,0
165,1,0
165,2,0
165,3,0
165,4,1.216666667
165,5,49.16666667
165,6,160.2333333
165,7,136.4166667
165,8,310.0666667
165,9,371.0666667
165,10,614.2333333
165,11,811.4333333
165,12,906.8
165,13,897.9666667
165,14,855.3666667
165,15,768.3
165,16,652.6333333
165,17,498.5833333
165,18,349.5666667
165,19,195.05
165,20,43.88333333
165,21,3.033333333
165,22,0
165,23,0
165,24,0
166,1,0
166,2,0
166,3,0
166,4,0.716666667
166,5,19.81666667
166,6,83.35
166,7,130.95
166,8,164.15
166,9,244.65
166,10,377.1333333
166,11,324.5
166,12,349
166,13,129.05
166,14,186.8833333
166,15,272.5833333
166,16,203.5
166,17,120.5666667
166,18,65.8
166,19,37.71666667
166,20,20
166,21,1.483333333
166,22,0
166,23,0
166,24,0
167,1,0
167,2,0
167,3,0
167,4,0.766666667
167,5,20.2
167,6,74.28333333
167,7,182.2166667
167,8,251.4666667
167,9,435.5666667
167,10,668.3833333
167,11,585.1
167,12,876.8166667
167,13,636.8333333
167,14,858.3
167,15,340.5833333
167,16,297.8166667
167,17,241.7833333
167,18,280.35
167,19,87.4
167,20,18.56666667
167,21,0.533333333
167,22,0
167,23,0
167,24,0
168,1,0
168,2,0
168,3,0
168,4,1.466666667
168,5,40.51666667
168,6,156.1666667
168,7,257.5833333
168,8,456.25
168,9,601.1833333
168,10,727.5666667
168,11,791.4333333
168,12,742.9166667
168,13,739.4666667
168,14,826.8
168,15,687.0333333
168,16,360.9833333
168,17,427.2833333
168,18,349.6
168,19,98.6
168,20,46.81666667
168,21,3.05
168,22,0
168,23,0
168,24,0
169,1,0
169,2,0
169,3,0
169,4,1.3
169,5,46.5
169,6,160.1166667
169,7,165.5333333
169,8,193.25
169,9,320.85
169,10,448.1666667
169,11,458.15
169,12,771.0833333
169,13,607.9833333
169,14,409.0333333
169,15,555.1333333
169,16,590.2
169,17,190.1
169,18,147.7166667
169,19,75.83333333
169,20,43.53333333
169,21,5.616666667
169,22,0
169,23,0
169,24,0
170,1,0
170,2,0
170,3,0
170,4,1.366666667
170,5,19.48333333
170,6,29.63333333
170,7,136.0666667
170,8,436.1666667
170,9,630.25
170,10,720.6166667
170,11,692.9
170,12,448.7333333
170,13,376.2833333
170,14,497.7
170,15,361.4166667
170,16,79.43333333
170,17,71.03333333
170,18,227.0833333
170,19,116.3666667
170,20,66.31666667
170,21,4.683333333
170,22,0
170,23,0
170,24,0
171,1,0
171,2,0
171,3,0
171,4,2.6
171,5,20.61666667
171,6,62.38333333
171,7,79.25
171,8,153.6
171,9,344.3666667
171,10,494.8833333
171,11,514.9666667
171,12,559.85
171,13,366.9833333
171,14,341.9166667
171,15,498.7666667
171,16,420.6333333
171,17,522.9666667
171,18,323.7
171,19,189.6333333
171,20,65.46666667
171,21,5.2
171,22,0
171,23,0
171,24,0
172,1,0
172,2,0
172,3,0
172,4,1.85
172,5,46.6
172,6,157.7166667
172,7,313.95
172,8,408.2
172,9,486.8333333
172,10,451.8333333
172,11,562.5833333
172,12,504.9166667
172,13,311.3666667
172,14,130.85
172,15,304.6166667
172,16,207.5166667
172,17,484.7166667
172,18,276.7
172,19,145.45
172,20,68.55
172,21,9.9
172,22,0
172,23,0
172,24,0
173,1,0
173,2,0
173,3,0
173,4,1.016666667
173,5,13.23333333
173,6,30.21666667
173,7,93.73333333
173,8,146.8333333
173,9,172.0666667
173,10,169.9166667
173,11,416.7
173,12,492.5833333
173,13,638.2333333
173,14,743.1166667
173,15,491.7333333
173,16,315.0166667
173,17,206.6
173,18,348.1666667
173,19,130.4
173,20,18.18333333
173,21,7.2
173,22,0
173,23,0
173,24,0
174,1,0
174,2,0
174,3,0
174,4,0.55
174,5,21.8
174,6,97.31666667
174,7,178.8833333
174,8,137.9666667
174,9,233.3666667
174,10,198.6666667
174,11,562.2
174,12,366.9833333
174,13,425.0666667
174,14,444.4333333
174,15,294.15
174,16,264.9
174,17,77.28333333
174,18,133.1833333
174,19,36.26666667
174,20,20.63333333
174,21,1.383333333
174,22,0
174,23,0
174,24,0
175,1,0
175,2,0
175,3,0
175,4,0.216666667
175,5,7.483333333
175,6,46.43333333
175,7,70.88333333
175,8,92.13333333
175,9,185.25
175,10,139.8
175,11,317.7833333
175,12,311.5833333
175,13,318.7
175,14,355.3833333
175,15,307.2333333
175,16,300.7333333
175,17,133.7166667
175,18,23.45
175,19,49.8
175,20,18.05
175,21,1.083333333
175,22,0
175,23,0
175,24,0
176,1,0
176,2,0
176,3,0
176,4,0.833333333
176,5,21.21666667
176,6,42.26666667
176,7,128.6166667
176,8,261.4333333
176,9,174.5
176,10,220.45
176,11,412.4666667
176,12,677.2833333
176,13,915.3666667
176,14,605.3
176,15,419.7833333
176,16,351.6
176,17,141.9
176,18,130.2666667
176,19,102.9833333
176,20,25.06666667
176,21,3.116666667
176,22,0
176,23,0
176,24,0
177,1,0
177,2,0
177,3,0
177,4,1.016666667
177,5,42.86666667
177,6,72.65
177,7,95.28333333
177,8,139.5166667
177,9,189.0166667
177,10,257.45
177,11,280.55
177,12,372.25
177,13,540.7666667
177,14,847.7166667
177,15,771.3166667
177,16,615.85
177,17,381.0666667
177,18,304.3
177,19,204.15
177,20,79.66666667
177,21,9.6
177,22,0
177,23,0
177,24,0
178,1,0
178,2,0
178,3,0
178,4,3.933333333
178,5,42.26666667
178,6,166.65
178,7,321
178,8,473.1166667
178,9,546.9833333
178,10,433.2166667
178,11,576.1333333
178,12,649.1166667
178,13,758.8166667
178,14,601.1666667
178,15,440.8333333
178,16,289.4166667
178,17,286.9333333
178,18,281.7
178,19,106.0166667
178,20,77.73333333
178,21,5.616666667
178,22,0
178,23,0
178,24,0
179,1,0
179,2,0
179,3,0
179,4,0.6
179,5,28.55
179,6,106.5
179,7,267.55
179,8,448.05
179,9,588.1833333
179,10,666
179,11,676.0666667
179,12,656.3666667
179,13,573.4833333
179,14,515.2
179,15,416.8333333
179,16,246.5833333
179,17,197.1833333
179,18,283.85
179,19,117.4833333
179,20,38.11666667
179,21,6.716666667
179,22,0
179,23,0
179,24,0
180,1,0
180,2,0
180,3,0
180,4,0.883333333
180,5,43.25
180,6,157.0833333
180,7,313.2833333
180,8,479.4833333
180,9,626.0333333
180,10,734.4333333
180,11,798.35
180,12,759.45
180,13,736.6833333
180,14,795.0833333
180,15,760.7166667
180,16,494.8333333
180,17,398.5666667
180,18,206.9
180,19,207.5
180,20,79.16666667
180,21,7.533333333
180,22,0
180,23,0
180,24,0
181,1,0
181,2,0
181,3,0
181,4,1.466666667
181,5,51.36666667
181,6,176.95
181,7,330.9833333
181,8,492.5833333
181,9,643.5666667
181,10,625.2833333
181,11,752.4666667
181,12,684.9333333
181,13,665.7666667
181,14,560.1333333
181,15,309
181,16,562.6666667
181,17,476.5833333
181,18,234.9666667
181,19,202.6
181,20,92.61666667
181,21,6.883333333
181,22,0
181,23,0
181,24,0
182,1,0
182,2,0
182,3,0
182,4,0.883333333
182,5,49.83333333
182,6,174.3333333
182,7,327.15
182,8,386.0166667
182,9,504.4833333
182,10,736.9666667
182,11,815.9
182,12,767.8333333
182,13,613.2833333
182,14,601.0333333
182,15,472.9333333
182,16,501.0833333
182,17,502.1666667
182,18,318.5333333
182,19,210.3166667
182,20,84.03333333
182,21,7.483333333
182,22,0
182,23,0
182,24,0
183,1,0
183,2,0
183,3,0
183,4,1.133333333
183,5,47.88333333
183,6,171.8166667
183,7,326.3833333
183,8,487.5166667
183,9,632.1166667
183,10,746
183,11,676.8
183,12,562.8333333
183,13,621.9
183,14,477.5666667
183,15,594.1
183,16,704.3166667
183,17,328.75
183,18,303.9
183,19,112.25
183,20,85.63333333
183,21,6.466666667
183,22,0
183,23,0
183,24,0
184,1,0
184,2,0
184,3,0
184,4,0.583333333
184,5,45.81666667
184,6,170.7
184,7,324.3333333
184,8,484.45
184,9,631.6333333
184,10,751.3166667
184,11,836.45
184,12,889.6
184,13,891.1
184,14,858.1666667
184,15,731.7666667
184,16,646.4833333
184,17,509.9333333
184,18,360.6
184,19,200.0833333
184,20,58.4
184,21,4.95
184,22,0
184,23,0
184,24,0
185,1,0
185,2,0
185,3,0
185,4,0.783333333
185,5,42.21666667
185,6,160.1333333
185,7,309.6333333
185,8,465.3333333
185,9,611.2166667
185,10,730.8333333
185,11,811.7333333
185,12,863.9333333
185,13,880.8
185,14,851.8333333
185,15,766.6
185,16,642.9833333
185,17,501.9166667
185,18,347.0166667
185,19,195.2
185,20,70.05
185,21,4.55
185,22,0
185,23,0
185,24,0
186,1,0
186,2,0
186,3,0
186,4,0.85
186,5,39.96666667
186,6,109.5
186,7,228.9666667
186,8,422.6166667
186,9,479.0666667
186,10,665.0166667
186,11,649.0166667
186,12,891.3833333
186,13,835.4833333
186,14,807.9666667
186,15,618.0333333
186,16,597.6666667
186,17,424.85
186,18,319.6166667
186,19,180.05
186,20,74.6
186,21,6.983333333
186,22,0
186,23,0
186,24,0
187,1,0
187,2,0
187,3,0
187,4,0.45
187,5,25.61666667
187,6,54.31666667
187,7,61.06666667
187,8,126.95
187,9,130.65
187,10,205.0666667
187,11,253.8
187,12,169.65
187,13,249.8333333
187,14,221.1
187,15,464.5833333
187,16,442.0166667
187,17,420.45
187,18,244.2833333
187,19,191.9166667
187,20,70.78333333
187,21,4.633333333
187,22,0
187,23,0
187,24,0
188,1,0
188,2,0
188,3,0
188,4,0.716666667
188,5,56.7
188,6,147.6
188,7,277.3666667
188,8,459.4
188,9,626.2833333
188,10,700.2333333
188,11,587.1
188,12,780.9666667
188,13,922.55
188,14,918.8166667
188,15,751.1333333
188,16,659.7333333
188,17,506.2
188,18,354
188,19,194.9
188,20,72.65
188,21,4.166666667
188,22,0
188,23,0
188,24,0
189,1,0
189,2,0
189,3,0
189,4,0.316666667
189,5,16.21666667
189,6,47.3
189,7,140.45
189,8,153.4333333
189,9,298.6166667
189,10,623.6166667
189,11,750.5166667
189,12,617.7
189,13,296.5666667
189,14,578.3666667
189,15,718.55
189,16,569.3833333
189,17,352.35
189,18,191.0166667
189,19,166.6833333
189,20,73.48333333
189,21,4.416666667
189,22,0
189,23,0
189,24,0
190,1,0
190,2,0
190,3,0
190,4,0.15
190,5,22.23333333
190,6,127.4
190,7,284.1166667
190,8,433.3666667
190,9,576.0166667
190,10,627.9333333
190,11,776.9833333
190,12,609.7166667
190,13,699
190,14,373.3
190,15,319.4333333
190,16,311.0833333
190,17,334.1166667
190,18,195.4833333
190,19,118.5666667
190,20,37.33333333
190,21,2.516666667
190,22,0
190,23,0
190,24,0
191,1,0
191,2,0
191,3,0
191,4,0
191,5,5.4
191,6,19.38333333
191,7,55.28333333
191,8,121.4833333
191,9,182.7166667
191,10,415.0666667
191,11,479.6
191,12,456.0166667
191,13,302.85
191,14,327.8333333
191,15,313.5666667
191,16,306.3666667
191,17,290.95
191,18,161.1333333
191,19,70.71666667
191,20,41.36666667
191,21,4.583333333
191,22,0
191,23,0
191,24,0
192,1,0
192,2,0
192,3,0
192,4,0
192,5,14.31666667
192,6,66.9
192,7,154.8666667
192,8,325.3666667
192,9,682.6
192,10,513.2833333
192,11,695.7
192,12,806.6166667
192,13,432.5
192,14,688.2666667
192,15,380.5
192,16,560.0833333
192,17,550.7666667
192,18,307.3166667
192,19,233.8333333
192,20,68.46666667
192,21,0.916666667
192,22,0
192,23,0
192,24,0
193,1,0
193,2,0
193,3,0
193,4,0
193,5,1.95
193,6,4.916666667
193,7,38.2
193,8,227.8
193,9,126.8
193,10,53.4
193,11,80.61666667
193,12,253.85
193,13,177.0666667
193,14,179.2666667
193,15,158.6833333
193,16,117.7666667
193,17,62.45
193,18,30.63333333
193,19,18.4
193,20,7.483333333
193,21,2.7
193,22,0
193,23,0
193,24,0
194,1,0
194,2,0
194,3,0
194,4,0
194,5,18.33333333
194,6,125.7833333
194,7,278.4
194,8,352.3333333
194,9,389.7666667
194,10,188.7166667
194,11,267.3333333
194,12,344.3166667
194,13,382.1333333
194,14,630.1
194,15,742.2166667
194,16,623.05
194,17,485.6166667
194,18,116.7166667
194,19,125.5833333
194,20,14.2
194,21,0.816666667
194,22,0
194,23,0
194,24,0
195,1,0
195,2,0
195,3,0
195,4,0
195,5,11.73333333
195,6,47.56666667
195,7,215.0333333
195,8,387.6
195,9,562.7666667
195,10,711.9833333
195,11,802.7833333
195,12,857.85
195,13,865.6666667
195,14,817.2333333
195,15,742.2166667
195,16,638.25
195,17,502.8333333
195,18,347.1166667
195,19,193.0833333
195,20,65.63333333
195,21,3.35
195,22,0
195,23,0
195,24,0
196,1,0
196,2,0
196,3,0
196,4,0
196,5,32.13333333
196,6,133.2166667
196,7,292.75
196,8,450.2
196,9,581.0166667
196,10,732.9666667
196,11,803.5833333
196,12,890.0666667
196,13,920.7166667
196,14,861.7
196,15,616.3333333
196,16,664.3166667
196,17,496.9
196,18,352.35
196,19,158.8
196,20,56.01666667
196,21,2.266666667
196,22,0
196,23,0
196,24,0
197,1,0
197,2,0
197,3,0
197,4,0
197,5,23.76666667
197,6,132.9
197,7,280.6166667
197,8,437.1
197,9,582.7666667
197,10,707.4
197,11,799.3
197,12,847.85
197,13,829.9833333
197,14,753.5833333
197,15,708.4666667
197,16,579.6333333
197,17,394.95
197,18,305.95
197,19,191.15
197,20,65.9
197,21,3.566666667
197,22,0
197,23,0
197,24,0
198,1,0
198,2,0
198,3,0
198,4,0
198,5,15.48333333
198,6,71.01666667
198,7,157.7833333
198,8,288.65
198,9,382.3
198,10,479.2833333
198,11,803.15
198,12,851.5333333
198,13,885.4333333
198,14,839.4
198,15,573.1
198,16,392.05
198,17,351.8
198,18,288.4
198,19,202.6833333
198,20,49.76666667
198,21,3.033333333
198,22,0
198,23,0
198,24,0
199,1,0
199,2,0
199,3,0
199,4,0
199,5,8
199,6,43.15
199,7,109.2
199,8,306.25
199,9,380.0166667
199,10,455.0166667
199,11,514.6333333
199,12,820.8666667
199,13,829.8666667
199,14,743.15
199,15,685.9666667
199,16,573.2833333
199,17,505.15
199,18,357.3666667
199,19,188.6333333
199,20,68.06666667
199,21,6.066666667
199,22,0
199,23,0
199,24,0
200,1,0
200,2,0
200,3,0
200,4,0
200,5,13.66666667
200,6,105.3166667
200,7,232.1166667
200,8,321.5666667
200,9,119.3666667
200,10,108.0833333
200,11,133.6
200,12,200.8666667
200,13,148.6333333
200,14,144.05
200,15,187.25
200,16,333.4333333
200,17,256.4333333
200,18,280.9
200,19,200.9
200,20,57.68333333
200,21,1.55
200,22,0
200,23,0
200,24,0
201,1,0
201,2,0
201,3,0
201,4,0
201,5,18.95
201,6,112.9333333
201,7,249.95
201,8,389.25
201,9,540.9
201,10,656.85
201,11,762.6833333
201,12,802.95
201,13,756.7166667
201,14,632.6666667
201,15,611.7333333
201,16,586.3666667
201,17,422.8833333
201,18,289.2166667
201,19,126.4166667
201,20,32.95
201,21,0.7
201,22,0
201,23,0
201,24,0
202,1,0
202,2,0
202,3,0
202,4,0
202,5,18.61666667
202,6,91.2
202,7,247.25
202,8,399.7833333
202,9,542.2
202,10,671.3666667
202,11,758.75
202,12,783
202,13,571.3166667
202,14,748.3666667
202,15,686.9333333
202,16,417.3
202,17,472.7333333
202,18,281.3666667
202,19,111.9833333
202,20,33.68333333
202,21,0.633333333
202,22,0
202,23,0
202,24,0
203,1,0
203,2,0
203,3,0
203,4,0
203,5,10.81666667
203,6,55.5
203,7,118.65
203,8,216.8666667
203,9,322.05
203,10,457.6166667
203,11,627.6166667
203,12,581.9833333
203,13,655.2666667
203,14,485.7333333
203,15,439.05
203,16,496.55
203,17,191.7333333
203,18,147.5
203,19,123.9666667
203,20,49.63333333
203,21,1.483333333
203,22,0
203,23,0
203,24,0
204,1,0
204,2,0
204,3,0
204,4,0
204,5,14.78333333
204,6,93.63333333
204,7,237.4
204,8,410.4833333
204,9,566.9
204,10,693.9666667
204,11,792.3833333
204,12,844.9
204,13,851.3166667
204,14,810.5333333
204,15,722.85
204,16,607.15
204,17,476.8666667
204,18,319.7666667
204,19,167.75
204,20,45.46666667
204,21,0.833333333
204,22,0
204,23,0
204,24,0
205,1,0
205,2,0
205,3,0
205,4,0
205,5,16.91666667
205,6,112
205,7,254.5833333
205,8,406.35
205,9,552.5166667
205,10,685.5666667
205,11,776.65
205,12,574
205,13,709.7333333
205,14,607.9333333
205,15,677.0166667
205,16,379.7833333
205,17,446.5666667
205,18,313.7666667
205,19,134.8
205,20,31.78333333
205,21,0.5
205,22,0
205,23,0
205,24,0
206,1,0
206,2,0
206,3,0
206,4,0
206,5,14.31666667
206,6,110.45
206,7,230.5166667
206,8,402.5
206,9,545.6333333
206,10,669.9833333
206,11,675.4333333
206,12,840.4166667
206,13,765.7666667
206,14,815.9833333
206,15,637.5166667
206,16,608.8666667
206,17,472.6666667
206,18,324.6
206,19,143.85
206,20,41.86666667
206,21,0.216666667
206,22,0
206,23,0
206,24,0
207,1,0
207,2,0
207,3,0
207,4,0
207,5,14.7
207,6,107.2833333
207,7,252.2
207,8,409.5333333
207,9,557.1833333
207,10,674.5333333
207,11,748.05
207,12,752.7166667
207,13,829.45
207,14,794.9
207,15,711.8166667
207,16,593.3833333
207,17,456.7833333
207,18,308.1833333
207,19,153.5666667
207,20,36.95
207,21,0.233333333
207,22,0
207,23,0
207,24,0
208,1,0
208,2,0
208,3,0
208,4,0
208,5,12.33333333
208,6,94.75
208,7,232.5
208,8,388.1166667
208,9,530.2833333
208,10,647.05
208,11,519.6166667
208,12,602.4333333
208,13,719.4333333
208,14,663.7166667
208,15,524.9833333
208,16,386.6166667
208,17,265.3666667
208,18,337.7333333
208,19,136.3333333
208,20,20.53333333
208,21,0.1
208,22,0
208,23,0
208,24,0
209,1,0
209,2,0
209,3,0
209,4,0
209,5,11.65
209,6,94.83333333
209,7,232.9666667
209,8,386.9166667
209,9,531.45
209,10,598.25
209,11,698.4666667
209,12,791.6666667
209,13,738.45
209,14,602.1166667
209,15,597.9833333
209,16,455.7333333
209,17,424.1166667
209,18,265.8166667
209,19,52.18333333
209,20,1.916666667
209,21,0
209,22,0
209,23,0
209,24,0
210,1,0
210,2,0
210,3,0
210,4,0
210,5,5.466666667
210,6,51.68333333
210,7,241.9833333
210,8,305.95
210,9,558.8333333
210,10,647.8333333
210,11,709.4
210,12,812.5
210,13,817.65
210,14,787.6166667
210,15,722.7
210,16,609.1
210,17,336.5166667
210,18,165.95
210,19,113.5
210,20,29.63333333
210,21,0
210,22,0
210,23,0
210,24,0
211,1,0
211,2,0
211,3,0
211,4,0
211,5,10.21666667
211,6,42.05
211,7,131.1166667
211,8,145.4833333
211,9,207.1166667
211,10,680.25
211,11,758.0166667
211,12,809.6833333
211,13,808.3666667
211,14,777.3333333
211,15,677.3333333
211,16,554.1
211,17,442.9166667
211,18,281.9166667
211,19,134.3
211,20,28.4
211,21,0
211,22,0
211,23,0
211,24,0
212,1,0
212,2,0
212,3,0
212,4,0
212,5,10.2
212,6,89.85
212,7,227.05
212,8,384.45
212,9,529.95
212,10,658.4
212,11,748.3166667
212,12,801.3333333
212,13,804.4833333
212,14,766.4333333
212,15,685.25
212,16,579.9166667
212,17,433.5
212,18,263.1
212,19,123.4166667
212,20,19.5
212,21,0
212,22,0
212,23,0
212,24,0
213,1,0
213,2,0
213,3,0
213,4,0
213,5,7.283333333
213,6,60.81666667
213,7,134.4
213,8,347.5833333
213,9,501
213,10,660.8
213,11,682.15
213,12,709.3833333
213,13,648.9833333
213,14,435.65
213,15,284.0666667
213,16,410.75
213,17,346.7833333
213,18,207.85
213,19,90.4
213,20,11.9
213,21,0
213,22,0
213,23,0
213,24,0
214,1,0
214,2,0
214,3,0
214,4,0
214,5,3.316666667
214,6,42.5
214,7,117.7
214,8,237.35
214,9,278.9166667
214,10,407.9333333
214,11,759.3333333
214,12,632.75
214,13,644.6666667
214,14,361.35
214,15,307.9833333
214,16,501.1666667
214,17,412.5166667
214,18,259.9333333
214,19,118.95
214,20,23.61666667
214,21,0
214,22,0
214,23,0
214,24,0
215,1,0
215,2,0
215,3,0
215,4,0
215,5,2.683333333
215,6,26.81666667
215,7,126.7
215,8,299.1333333
215,9,513.0166667
215,10,643.2166667
215,11,738.2
215,12,791.8
215,13,796.9666667
215,14,757.7833333
215,15,677.7333333
215,16,565.1
215,17,424.9333333
215,18,267.9833333
215,19,123.3
215,20,21.4
215,21,0
215,22,0
215,23,0
215,24,0
216,1,0
216,2,0
216,3,0
216,4,0
216,5,6.2
216,6,77.73333333
216,7,212.8833333
216,8,361.8333333
216,9,512.3833333
216,10,634.9833333
216,11,728.2333333
216,12,693.9333333
216,13,512.9
216,14,497.55
216,15,636.2
216,16,557.7666667
216,17,440.2166667
216,18,269.4833333
216,19,120.4666667
216,20,11.93333333
216,21,0
216,22,0
216,23,0
216,24,0
217,1,0
217,2,0
217,3,0
217,4,0
217,5,1.516666667
217,6,62.18333333
217,7,172.15
217,8,285.2833333
217,9,339.2166667
217,10,449.7
217,11,478.1333333
217,12,412.7166667
217,13,573.3833333
217,14,538.4666667
217,15,630.85
217,16,550.5666667
217,17,367.9333333
217,18,145.4
217,19,113.8666667
217,20,20.08333333
217,21,0
217,22,0
217,23,0
217,24,0
218,1,0
218,2,0
218,3,0
218,4,0
218,5,4.783333333
218,6,83.26666667
218,7,227.2333333
218,8,383.6166667
218,9,529.6166667
218,10,660.6833333
218,11,752.3333333
218,12,804.6166667
218,13,808.2833333
218,14,767.2333333
218,15,688.95
218,16,572.2333333
218,17,432.1333333
218,18,276.0333333
218,19,127.8166667
218,20,19.66666667
218,21,0
218,22,0
218,23,0
218,24,0
219,1,0
219,2,0
219,3,0
219,4,0
219,5,4.716666667
219,6,80.75
219,7,225.05
219,8,381.85
219,9,529.6166667
219,10,651
219,11,738.5166667
219,12,791.0166667
219,13,799.55
219,14,753.55
219,15,688.4166667
219,16,506.8
219,17,422.75
219,18,253.8166667
219,19,99.61666667
219,20,14.78333333
219,21,0
219,22,0
219,23,0
219,24,0
220,1,0
220,2,0
220,3,0
220,4,0
220,5,2.5
220,6,53.68333333
220,7,187.8333333
220,8,340.6
220,9,497.2166667
220,10,624.5166667
220,11,670.9
220,12,737.2
220,13,790.0666667
220,14,712.5166667
220,15,575.7666667
220,16,498.5333333
220,17,405.3333333
220,18,212.95
220,19,108.0666667
220,20,7.816666667
220,21,0
220,22,0.45
220,23,0
220,24,0
221,1,0
221,2,0
221,3,0
221,4,0
221,5,2.6
221,6,54.18333333
221,7,175.7
221,8,331.15
221,9,475.6833333
221,10,610.9166667
221,11,689.0666667
221,12,742.5333333
221,13,754.25
221,14,712.1833333
221,15,624.95
221,16,503.65
221,17,368.1166667
221,18,191.35
221,19,51.81666667
221,20,4.7
221,21,0
221,22,0
221,23,0
221,24,0
222,1,0
222,2,0
222,3,0
222,4,0
222,5,1.916666667
222,6,14.63333333
222,7,35.55
222,8,76.61666667
222,9,151.3666667
222,10,249.5166667
222,11,310.0166667
222,12,439.5666667
222,13,574.5166667
222,14,797.8833333
222,15,556.1
222,16,456.6333333
222,17,308.6833333
222,18,267.25
222,19,111.0666667
222,20,13.23333333
222,21,0
222,22,0
222,23,0
222,24,0
223,1,0
223,2,0
223,3,0
223,4,0
223,5,1.816666667
223,6,50.88333333
223,7,94.73333333
223,8,172.4166667
223,9,253.9333333
223,10,307.4833333
223,11,491.0666667
223,12,568.15
223,13,526.4833333
223,14,670.4833333
223,15,695.2
223,16,572.3
223,17,389.8333333
223,18,272.9166667
223,19,67.2
223,20,9.816666667
223,21,0
223,22,0
223,23,0
223,24,0
224,1,0
224,2,0
224,3,0
224,4,0
224,5,5.316666667
224,6,68.95
224,7,206.1
224,8,360.6833333
224,9,505.8
224,10,631.7333333
224,11,742.85
224,12,781.3333333
224,13,756.3833333
224,14,746.2666667
224,15,667
224,16,530.6166667
224,17,391.55
224,18,224.1166667
224,19,79.75
224,20,5.35
224,21,0
224,22,0
224,23,0
224,24,0
225,1,0
225,2,0
225,3,0
225,4,0
225,5,0.983333333
225,6,65.43333333
225,7,207.7666667
225,8,351.85
225,9,484.6666667
225,10,633.3
225,11,683.6333333
225,12,796.1333333
225,13,784.55
225,14,605.15
225,15,263.9166667
225,16,173.2333333
225,17,105.6666667
225,18,29.3
225,19,19.33333333
225,20,3.516666667
225,21,0
225,22,0
225,23,0
225,24,0
226,1,0
226,2,0
226,3,0
226,4,0
226,5,0.516666667
226,6,38.85
226,7,166.8166667
226,8,295.8666667
226,9,438.2166667
226,10,349.55
226,11,386.0666667
226,12,414.4166667
226,13,380
226,14,187.3
226,15,419.15
226,16,281.2333333
226,17,283.4166667
226,18,110.3666667
226,19,95.55
226,20,4.333333333
226,21,0
226,22,0
226,23,0
226,24,0
227,1,0
227,2,0
227,3,0
227,4,0
227,5,0.25
227,6,15.15
227,7,66.25
227,8,187.3833333
227,9,330.1
227,10,570.1166667
227,11,643.7333333
227,12,384.85
227,13,479.3833333
227,14,283.2
227,15,423.2166667
227,16,146.6
227,17,176.0166667
227,18,100.9166667
227,19,35.65
227,20,4.883333333
227,21,0
227,22,0
227,23,0
227,24,0
228,1,0
228,2,0
228,3,0
228,4,0
228,5,0.933333333
228,6,51.95
228,7,168.1166667
228,8,313.4333333
228,9,452.25
228,10,580.4666667
228,11,683.05
228,12,730.5
228,13,743.3166667
228,14,708.1666667
228,15,629.3166667
228,16,509.4666667
228,17,366.4333333
228,18,214.5666667
228,19,80.93333333
228,20,3.95
228,21,0
228,22,0
228,23,0
228,24,0
229,1,0
229,2,0
229,3,0
229,4,0
229,5,0.566666667
229,6,47.18333333
229,7,176.1333333
229,8,324.7166667
229,9,463.75
229,10,594.4833333
229,11,678.05
229,12,711.55
229,13,684.0166667
229,14,622.3666667
229,15,453.6833333
229,16,447.0333333
229,17,376.2833333
229,18,202.05
229,19,59.75
229,20,3.066666667
229,21,0
229,22,0
229,23,0
229,24,0
230,1,0
230,2,0
230,3,0
230,4,0
230,5,0.066666667
230,6,37.98333333
230,7,111.35
230,8,251.6333333
230,9,442.35
230,10,378.0666667
230,11,273.8666667
230,12,486.5666667
230,13,616.7166667
230,14,709.6166667
230,15,513.4333333
230,16,443.9833333
230,17,317.2666667
230,18,216.6666667
230,19,62.53333333
230,20,2.65
230,21,0
230,22,0
230,23,0
230,24,0
231,1,0
231,2,0
231,3,0
231,4,0
231,5,0.316666667
231,6,44.96666667
231,7,146.9
231,8,305.5166667
231,9,464.95
231,10,594.35
231,11,692.5833333
231,12,744.2666667
231,13,745.4333333
231,14,696.15
231,15,622.8333333
231,16,486.6
231,17,347.75
231,18,202.3333333
231,19,62.51666667
231,20,3.033333333
231,21,0
231,22,0
231,23,0
231,24,0
232,1,0
232,2,0
232,3,0
232,4,0
232,5,0.1
232,6,36.11666667
232,7,155.9833333
232,8,264.1666667
232,9,308.0333333
232,10,255
232,11,322.95
232,12,181.0666667
232,13,327.6833333
232,14,122.7833333
232,15,131.8166667
232,16,236.3666667
232,17,101.7
232,18,69.95
232,19,26.15
232,20,1.633333333
232,21,0
232,22,0
232,23,0
232,24,0
233,1,0
233,2,0
233,3,0
233,4,0
233,5,0
233,6,20.2
233,7,151.5166667
233,8,301.4
233,9,456.6333333
233,10,524.85
233,11,631.6833333
233,12,669.5166667
233,13,659.3333333
233,14,716.5166667
233,15,624.7333333
233,16,500.65
233,17,354.7833333
233,18,199.4833333
233,19,60.61666667
233,20,1.866666667
233,21,0
233,22,0
233,23,0
233,24,0
234,1,0
234,2,0
234,3,0
234,4,0
234,5,0
234,6,37.35
234,7,169.0333333
234,8,327.6
234,9,476.5166667
234,10,602.3
234,11,695.8833333
234,12,749.55
234,13,752.2
234,14,705.15
234,15,614.3833333
234,16,494.15
234,17,342.5333333
234,18,175.9666667
234,19,59.63333333
234,20,1.833333333
234,21,0
234,22,0
234,23,0
234,24,0
235,1,0
235,2,0
235,3,0
235,4,0
235,5,0.05
235,6,36.43333333
235,7,154.7
235,8,293.55
235,9,438.8666667
235,10,565.45
235,11,658.9166667
235,12,712.1666667
235,13,709.5833333
235,14,657.0833333
235,15,499.6
235,16,309.6
235,17,312.1166667
235,18,134.5833333
235,19,16.58333333
235,20,0.05
235,21,0
235,22,0
235,23,0
235,24,0
236,1,0
236,2,0
236,3,0
236,4,0
236,5,0
236,6,25.7
236,7,68.81666667
236,8,97.38333333
236,9,192.0666667
236,10,179.55
236,11,512.2333333
236,12,282.25
236,13,262.9333333
236,14,594.2833333
236,15,337.9833333
236,16,318.65
236,17,212.8
236,18,78.63333333
236,19,25.05
236,20,0.283333333
236,21,0
236,22,0
236,23,0
236,24,0
237,1,0
237,2,0
237,3,0
237,4,0
237,5,0
237,6,8.666666667
237,7,51.66666667
237,8,154.4666667
237,9,219.6833333
237,10,483.0666667
237,11,615.6166667
237,12,396.2666667
237,13,363.7166667
237,14,230.8666667
237,15,91.11666667
237,16,119.9833333
237,17,274.4333333
237,18,144.5833333
237,19,61.86666667
237,20,1.366666667
237,21,0
237,22,0
237,23,0
237,24,0
238,1,0
238,2,0
238,3,0
238,4,0
238,5,0
238,6,21.6
238,7,126.65
238,8,288.3833333
238,9,457.0166667
238,10,586.9333333
238,11,478.3333333
238,12,673.35
238,13,757.6666667
238,14,770.9833333
238,15,602.8666667
238,16,467.8166667
238,17,265.95
238,18,117.15
238,19,56.01666667
238,20,0.1
238,21,0
238,22,0
238,23,0
238,24,0
239,1,0
239,2,0
239,3,0
239,4,0
239,5,0
239,6,28.53333333
239,7,67.41666667
239,8,223.8833333
239,9,243.45
239,10,498.7666667
239,11,334.75
239,12,284.5
239,13,224.8333333
239,14,240.9666667
239,15,243.4833333
239,16,149.1333333
239,17,171.15
239,18,93.96666667
239,19,30.9
239,20,0.066666667
239,21,0
239,22,0
239,23,0
239,24,0
240,1,0
240,2,0
240,3,0
240,4,0
240,5,0
240,6,11.28333333
240,7,66.25
240,8,230.6666667
240,9,414.9666667
240,10,534.3666667
240,11,576.0166667
240,12,634.9333333
240,13,652.1166667
240,14,312.8166667
240,15,336.4166667
240,16,240.1833333
240,17,193.2333333
240,18,70.53333333
240,19,25.35
240,20,0
240,21,0
240,22,0
240,23,0
240,24,0
241,1,0
241,2,0
241,3,0
241,4,0
241,5,0
241,6,17.93333333
241,7,122.9833333
241,8,277.7666667
241,9,414.35
241,10,534.3833333
241,11,633.85
241,12,697.5166667
241,13,695.35
241,14,632.6
241,15,547.4666667
241,16,388.6333333
241,17,293.9
241,18,144.35
241,19,31.7
241,20,0
241,21,0
241,22,0
241,23,0
241,24,0
242,1,0
242,2,0
242,3,0
242,4,0
242,5,0
242,6,23.21666667
242,7,72.56666667
242,8,142.7
242,9,124.15
242,10,125.55
242,11,107.2333333
242,12,70.23333333
242,13,79.83333333
242,14,150.2833333
242,15,74.88333333
242,16,43.11666667
242,17,64.95
242,18,36.76666667
242,19,7.4
242,20,0
242,21,0
242,22,0
242,23,0
242,24,0
243,1,0
243,2,0
243,3,0
243,4,0
243,5,0
243,6,11.46666667
243,7,108.4
243,8,211.2833333
243,9,181.6833333
243,10,185.2166667
243,11,389.1166667
243,12,500.6166667
243,13,629.85
243,14,501.7666667
243,15,292.65
243,16,306.9666667
243,17,159.3
243,18,156.3333333
243,19,27.5
243,20,0
243,21,0
243,22,0
243,23,0
243,24,0
244,1,0
244,2,0
244,3,0
244,4,0
244,5,0
244,6,13.86666667
244,7,122.15
244,8,296.7166667
244,9,439.05
244,10,560.4166667
244,11,488.25
244,12,428.5166667
244,13,458.8
244,14,213.0666667
244,15,325.1166667
244,16,197.4166667
244,17,169.95
244,18,104.35
244,19,23.36666667
244,20,0
244,21,0
244,22,0
244,23,0
244,24,0
245,1,0
245,2,0
245,3,0
245,4,0
245,5,0
245,6,5.45
245,7,40.7
245,8,75
245,9,129.5333333
245,10,92.45
245,11,100.2333333
245,12,105.8833333
245,13,191.35
245,14,248.5666667
245,15,167.9333333
245,16,161.7833333
245,17,74
245,18,46.73333333
245,19,5.966666667
245,20,0
245,21,0
245,22,0
245,23,0
245,24,0
246,1,0
246,2,0
246,3,0
246,4,0
246,5,0
246,6,21.06666667
246,7,125.0166667
246,8,273.0166667
246,9,290.7166667
246,10,462.1833333
246,11,595.2166667
246,12,666.7833333
246,13,650.7666667
246,14,401.4333333
246,15,336.4166667
246,16,240.1833333
246,17,193.2333333
246,18,70.53333333
246,19,25.28333333
246,20,0
246,21,0
246,22,0
246,23,0
246,24,0
247,1,0
247,2,0
247,3,0
247,4,0
247,5,0
247,6,13.21666667
247,7,76.6
247,8,247.75
247,9,417.1333333
247,10,500.9333333
247,11,631.7166667
247,12,647.2333333
247,13,619.45
247,14,519.5666667
247,15,536.9166667
247,16,413.1
247,17,249.0166667
247,18,90.21666667
247,19,16.01666667
247,20,0
247,21,0
247,22,0
247,23,0
247,24,0
248,1,0
248,2,0
248,3,0
248,4,0
248,5,0
248,6,5.633333333
248,7,37.45
248,8,121.2666667
248,9,263.25
248,10,412.7166667
248,11,643.1833333
248,12,778.7166667
248,13,454.2333333
248,14,332.7666667
248,15,399.95
248,16,413.0833333
248,17,257.95
248,18,120
248,19,14.78333333
248,20,0
248,21,0
248,22,0
248,23,0
248,24,0
249,1,0
249,2,0
249,3,0
249,4,0
249,5,0
249,6,12.41666667
249,7,112.1166667
249,8,251.25
249,9,395.55
249,10,524.8166667
249,11,611.0333333
249,12,666.5333333
249,13,737.75
249,14,622.2666667
249,15,557.4166667
249,16,402.6166667
249,17,204.5333333
249,18,79.91666667
249,19,11.11666667
249,20,0
249,21,0
249,22,0
249,23,0
249,24,0
250,1,0
250,2,0
250,3,0
250,4,0
250,5,0
250,6,1.1
250,7,16.1
250,8,72.05
250,9,122.7333333
250,10,147.15
250,11,251.1166667
250,12,273.35
250,13,139.6833333
250,14,386.45
250,15,333.6833333
250,16,234.6666667
250,17,109.8666667
250,18,44.36666667
250,19,6.483333333
250,20,0
250,21,0
250,22,0
250,23,0
250,24,0
251,1,0
251,2,0
251,3,0
251,4,0
251,5,0
251,6,6.35
251,7,90.75
251,8,256.95
251,9,413.05
251,10,542.4166667
251,11,636.6333333
251,12,699.4333333
251,13,635.9
251,14,682.8166667
251,15,521.3333333
251,16,427.5333333
251,17,181.3
251,18,97.38333333
251,19,5.4
251,20,0
251,21,0
251,22,0
251,23,0
251,24,0
252,1,0
252,2,0
252,3,0
252,4,0
252,5,0
252,6,3.633333333
252,7,38.13333333
252,8,116.95
252,9,275.8833333
252,10,508.1166667
252,11,623.9666667
252,12,673
252,13,629.5166667
252,14,614.7
252,15,523.3333333
252,16,396.3833333
252,17,254.55
252,18,108.5333333
252,19,7.183333333
252,20,0
252,21,0
252,22,0
252,23,0
252,24,0
253,1,0
253,2,0
253,3,0
253,4,0
253,5,0
253,6,11.35
253,7,62.1
253,8,194.3333333
253,9,407.1
253,10,523.6333333
253,11,362.2666667
253,12,467.0166667
253,13,455.9166667
253,14,353.95
253,15,136.3
253,16,162.9166667
253,17,51.61666667
253,18,27.96666667
253,19,3.666666667
253,20,0
253,21,0
253,22,0
253,23,0
253,24,0
254,1,0
254,2,0
254,3,0
254,4,0
254,5,0
254,6,2.25
254,7,31.65
254,8,90.81666667
254,9,259.4
254,10,492.0833333
254,11,409.6666667
254,12,512.6666667
254,13,515.3666667
254,14,503.1166667
254,15,460.2333333
254,16,369.6
254,17,236.05
254,18,89.96666667
254,19,4.85
254,20,0
254,21,0
254,22,0
254,23,0
254,24,0
255,1,0
255,2,0
255,3,0
255,4,0
255,5,0
255,6,3.216666667
255,7,78.68333333
255,8,240.15
255,9,384.0333333
255,10,530.2333333
255,11,363.5666667
255,12,513.5333333
255,13,594.6333333
255,14,577.65
255,15,403.3
255,16,384.25
255,17,145.9333333
255,18,52.36666667
255,19,2.85
255,20,0
255,21,0
255,22,0
255,23,0
255,24,0
256,1,0
256,2,0
256,3,0
256,4,0
256,5,0
256,6,1.1
256,7,16.18333333
256,8,73.65
256,9,94.76666667
256,10,142.0833333
256,11,129.1
256,12,129.4333333
256,13,166.8333333
256,14,182.2833333
256,15,95.53333333
256,16,113.1166667
256,17,53.83333333
256,18,11.65
256,19,0.6
256,20,0
256,21,0
256,22,0
256,23,0
256,24,0
257,1,0
257,2,0
257,3,0
257,4,0
257,5,0
257,6,2.016666667
257,7,39.18333333
257,8,111.9333333
257,9,253.8166667
257,10,312.1
257,11,220.6833333
257,12,251.3333333
257,13,208.2
257,14,370.5333333
257,15,241.5666667
257,16,175.35
257,17,126.65
257,18,55.01666667
257,19,3.05
257,20,0
257,21,0
257,22,0
257,23,0
257,24,0
258,1,0
258,2,0
258,3,0
258,4,0
258,5,0
258,6,1.333333333
258,7,50.86666667
258,8,201.4666667
258,9,371.4166667
258,10,507.0833333
258,11,563.0833333
258,12,441.8333333
258,13,489.8166667
258,14,280.0333333
258,15,216.55
258,16,145.7
258,17,60.63333333
258,18,21.61666667
258,19,2.15
258,20,0
258,21,0
258,22,0
258,23,0
258,24,0
259,1,0
259,2,0
259,3,0
259,4,0
259,5,0
259,6,4.483333333
259,7,54.83333333
259,8,192.8166667
259,9,341.0666667
259,10,397.4166667
259,11,534.3166667
259,12,332.6
259,13,419.8666667
259,14,367.8833333
259,15,335.25
259,16,319.5166667
259,17,123.85
259,18,34.2
259,19,1.25
259,20,0
259,21,0
259,22,0
259,23,0
259,24,0
260,1,0
260,2,0
260,3,0
260,4,0
260,5,0
260,6,2.05
260,7,66.61666667
260,8,223.1666667
260,9,371.5166667
260,10,475.7666667
260,11,444.25
260,12,576.7166667
260,13,614.9833333
260,14,561.55
260,15,413.65
260,16,279.0833333
260,17,187.3333333
260,18,46.13333333
260,19,1.183333333
260,20,0
260,21,0
260,22,0
260,23,0
260,24,0
261,1,0
261,2,0
261,3,0
261,4,0
261,5,0
261,6,1.533333333
261,7,57.53333333
261,8,167.9333333
261,9,302.6333333
261,10,449.8833333
261,11,518.3
261,12,598
261,13,607.6166667
261,14,552.6833333
261,15,465.1833333
261,16,338.1166667
261,17,199.8166667
261,18,62.35
261,19,1.133333333
261,20,0
261,21,0
261,22,0
261,23,0
261,24,0
262,1,0
262,2,0
262,3,0
262,4,0
262,5,0
262,6,1.6
262,7,54.5
262,8,192.6833333
262,9,326.2
262,10,363.8833333
262,11,535.85
262,12,580.9666667
262,13,574.3
262,14,518
262,15,434.4333333
262,16,310.1166667
262,17,167.3666667
262,18,48.1
262,19,0.733333333
262,20,0
262,21,0
262,22,0
262,23,0
262,24,0
263,1,0
263,2,0
263,3,0
263,4,0
263,5,0
263,6,2.166666667
263,7,38.4
263,8,124.1833333
263,9,264.8
263,10,411.1833333
263,11,543.8666667
263,12,499.5
263,13,510.8833333
263,14,524.8666667
263,15,437.1666667
263,16,313.4
263,17,154.15
263,18,41.36666667
263,19,0.25
263,20,0
263,21,0
263,22,0
263,23,0
263,24,0
264,1,0
264,2,0
264,3,0
264,4,0
264,5,0
264,6,0.933333333
264,7,58.28333333
264,8,221.45
264,9,258.3666667
264,10,422.9
264,11,539.1166667
264,12,451.0166667
264,13,502.4333333
264,14,388.1166667
264,15,112.8666667
264,16,42.31666667
264,17,17.28333333
264,18,5.316666667
264,19,0
264,20,0
264,21,0
264,22,0
264,23,0
264,24,0
265,1,0
265,2,0
265,3,0
265,4,0
265,5,0
265,6,1.05
265,7,11.51666667
265,8,59.13333333
265,9,256.35
265,10,174.95
265,11,326.0833333
265,12,161.5666667
265,13,357.3833333
265,14,381.1666667
265,15,266.9166667
265,16,195.3666667
265,17,110.1
265,18,28.98333333
265,19,0.033333333
265,20,0
265,21,0
265,22,0
265,23,0
265,24,0
266,1,0
266,2,0
266,3,0
266,4,0
266,5,0
266,6,0.95
266,7,28.58333333
266,8,103.15
266,9,208.8333333
266,10,202.2666667
266,11,271.2666667
266,12,248.5333333
266,13,131.15
266,14,62.6
266,15,23.08333333
266,16,26.63333333
266,17,9.583333333
266,18,6.533333333
266,19,0
266,20,0
266,21,0
266,22,0
266,23,0
266,24,0
267,1,0
267,2,0
267,3,0
267,4,0
267,5,0
267,6,0.5
267,7,44.1
267,8,153.8833333
267,9,243.2333333
267,10,378.0666667
267,11,320.05
267,12,341.4666667
267,13,367.65
267,14,99.25
267,15,295.2333333
267,16,158.6833333
267,17,48.25
267,18,21.5
267,19,0.05
267,20,0
267,21,0
267,22,0
267,23,0
267,24,0
268,1,0
268,2,0
268,3,0
268,4,0
268,5,0
268,6,0.316666667
268,7,46.8
268,8,191.8666667
268,9,343.2666667
268,10,468.6666667
268,11,571.75
268,12,591.5666667
268,13,436
268,14,537.4833333
268,15,411.5666667
268,16,370.5
268,17,170.1166667
268,18,39.78333333
268,19,0
268,20,0
268,21,0
268,22,0
268,23,0
268,24,0
269,1,0
269,2,0
269,3,0
269,4,0
269,5,0
269,6,0
269,7,38.01666667
269,8,116.9666667
269,9,236.5666667
269,10,316.2333333
269,11,365.4666667
269,12,525.45
269,13,499.1833333
269,14,394.7833333
269,15,329.1333333
269,16,268.7333333
269,17,107.5333333
269,18,33.63333333
269,19,0.566666667
269,20,0
269,21,0
269,22,0
269,23,0
269,24,0
270,1,0
270,2,0
270,3,0
270,4,0
270,5,0
270,6,0
270,7,12.11666667
270,8,63.58333333
270,9,120.5
270,10,385.2666667
270,11,507.0666667
270,12,452.9833333
270,13,452.9
270,14,429.8
270,15,413.55
270,16,291.7833333
270,17,147.4333333
270,18,29.91666667
270,19,0
270,20,0
270,21,0
270,22,0
270,23,0
270,24,0
271,1,0
271,2,0
271,3,0
271,4,0
271,5,0
271,6,0
271,7,13.58333333
271,8,34.36666667
271,9,281.6166667
271,10,410.5833333
271,11,337.7166667
271,12,562.4166667
271,13,464.0166667
271,14,358.8166667
271,15,306.7333333
271,16,247.6833333
271,17,108.4833333
271,18,25.9
271,19,0
271,20,0
271,21,0
271,22,0
271,23,0
271,24,0
272,1,0
272,2,0
272,3,0
272,4,0
272,5,0
272,6,0
272,7,37.23333333
272,8,171.95
272,9,318.1333333
272,10,438.7666667
272,11,493.25
272,12,541.2666667
272,13,363.8666667
272,14,292.2
272,15,329.35
272,16,314.1833333
272,17,149.25
272,18,25.6
272,19,0
272,20,0
272,21,0
272,22,0
272,23,0
272,24,0
273,1,0
273,2,0
273,3,0
273,4,0
273,5,0
273,6,0
273,7,27.7
273,8,164.0833333
273,9,311.65
273,10,428.8333333
273,11,524.2666667
273,12,569.1166667
273,13,562.0333333
273,14,510.9
273,15,418.95
273,16,287.8
273,17,140.4
273,18,23.51666667
273,19,0
273,20,0
273,21,0
273,22,0
273,23,0
273,24,0
274,1,0
274,2,0
274,3,0
274,4,0
274,5,0
274,6,0
274,7,27.41666667
274,8,147.4833333
274,9,257.5
274,10,245.9
274,11,308.05
274,12,400.2833333
274,13,272.7166667
274,14,193.8833333
274,15,271.6166667
274,16,125.45
274,17,38.96666667
274,18,15.28333333
274,19,0
274,20,0
274,21,0
274,22,0
274,23,0
274,24,0
275,1,0
275,2,0
275,3,0
275,4,0
275,5,0
275,6,0
275,7,30.55
275,8,179.4333333
275,9,240.8833333
275,10,304.5166667
275,11,350.1666667
275,12,197.9666667
275,13,114.3666667
275,14,132.6
275,15,54.5
275,16,29.4
275,17,18.08333333
275,18,2.683333333
275,19,0
275,20,0
275,21,0
275,22,0
275,23,0
275,24,0
276,1,0
276,2,0
276,3,0
276,4,0
276,5,0
276,6,0
276,7,11.53333333
276,8,59.7
276,9,106.8666667
276,10,271.3833333
276,11,242
276,12,401.7166667
276,13,359.0333333
276,14,546.4666667
276,15,358.1
276,16,278.2333333
276,17,116.65
276,18,9.483333333
276,19,0
276,20,0
276,21,0
276,22,0
276,23,0
276,24,0
277,1,0
277,2,0
277,3,0
277,4,0
277,5,0
277,6,0
277,7,19.61666667
277,8,79.26666667
277,9,187.2833333
277,10,306.7333333
277,11,187.9833333
277,12,168.0333333
277,13,132.15
277,14,280.7333333
277,15,162.5666667
277,16,142.4166667
277,17,47.75
277,18,8.533333333
277,19,0
277,20,0
277,21,0
277,22,0
277,23,0
277,24,0
278,1,0
278,2,0
278,3,0
278,4,0
278,5,0
278,6,0
278,7,11.06666667
278,8,107.1333333
278,9,274.9666667
278,10,394
278,11,475.3166667
278,12,517.3166667
278,13,506.8666667
278,14,458.6666667
278,15,367.0833333
278,16,244.1833333
278,17,101.0666667
278,18,11.4
278,19,0
278,20,0
278,21,0
278,22,0
278,23,0
278,24,0
279,1,0
279,2,0
279,3,0
279,4,0
279,5,0
279,6,0
279,7,23.15
279,8,130.7833333
279,9,250.5
279,10,362.5833333
279,11,469.45
279,12,503.0333333
279,13,402.9833333
279,14,442.7166667
279,15,352.1333333
279,16,184.9333333
279,17,56.53333333
279,18,4.3
279,19,0
279,20,0
279,21,0
279,22,0
279,23,0
279,24,0
280,1,0
280,2,0
280,3,0
280,4,0
280,5,0
280,6,0
280,7,14.75
280,8,76.78333333
280,9,54.41666667
280,10,71.51666667
280,11,178.05
280,12,129.0666667
280,13,125.9333333
280,14,148.15
280,15,129.0333333
280,16,76.81666667
280,17,64.01666667
280,18,8.266666667
280,19,0
280,20,0
280,21,0
280,22,0
280,23,0
280,24,0
281,1,0
281,2,0
281,3,0
281,4,0
281,5,0
281,6,0
281,7,21.86666667
281,8,148.2166667
281,9,237.4
281,10,321.7833333
281,11,436.4833333
281,12,432.9166667
281,13,444.1333333
281,14,401.8166667
281,15,295.2666667
281,16,231.15
281,17,84.75
281,18,3.966666667
281,19,0
281,20,0
281,21,0
281,22,0
281,23,0
281,24,0
282,1,0
282,2,0
282,3,0
282,4,0
282,5,0
282,6,0
282,7,9.233333333
282,8,66.71666667
282,9,167.4666667
282,10,252.7
282,11,304.1333333
282,12,392.2166667
282,13,339.8833333
282,14,285.9666667
282,15,201.4666667
282,16,123.6833333
282,17,95.78333333
282,18,5.25
282,19,0
282,20,0
282,21,0
282,22,0
282,23,0
282,24,0
283,1,0
283,2,0
283,3,0
283,4,0
283,5,0
283,6,0
283,7,12.43333333
283,8,109
283,9,239.7333333
283,10,370.7
283,11,461.0666667
283,12,501.8166667
283,13,483.65
283,14,456.3666667
283,15,346.65
283,16,216.1333333
283,17,87.85
283,18,4.733333333
283,19,0
283,20,0
283,21,0
283,22,0
283,23,0
283,24,0
284,1,0
284,2,0
284,3,0
284,4,0
284,5,0
284,6,0
284,7,11.18333333
284,8,109.3833333
284,9,243.7833333
284,10,367.95
284,11,451.95
284,12,487.7166667
284,13,480.95
284,14,422.8166667
284,15,323.5333333
284,16,198.1166667
284,17,70.66666667
284,18,2.8
284,19,0
284,20,0
284,21,0
284,22,0
284,23,0
284,24,0
285,1,0
285,2,0
285,3,0
285,4,0
285,5,0
285,6,0
285,7,10.91666667
285,8,101.35
285,9,232.75
285,10,348.35
285,11,427.7833333
285,12,466.3
285,13,454.6833333
285,14,396.1
285,15,305.4333333
285,16,187.2
285,17,65.6
285,18,2.066666667
285,19,0
285,20,0
285,21,0
285,22,0
285,23,0
285,24,0
286,1,0
286,2,0
286,3,0
286,4,0
286,5,0
286,6,0
286,7,10.2
286,8,96.96666667
286,9,224.4
286,10,340.35
286,11,421.7833333
286,12,462.85
286,13,454.4666667
286,14,405.1333333
286,15,311.4333333
286,16,190.85
286,17,64.46666667
286,18,1.716666667
286,19,0
286,20,0
286,21,0
286,22,0
286,23,0
286,24,0
287,1,0
287,2,0
287,3,0
287,4,0
287,5,0
287,6,0
287,7,8.8
287,8,93.1
287,9,225.3666667
287,10,343.15
287,11,423.9833333
287,12,462.3166667
287,13,453.5333333
287,14,399.7
287,15,304.2166667
287,16,180.3333333
287,17,56.78333333
287,18,1.216666667
287,19,0
287,20,0
287,21,0
287,22,0
287,23,0
287,24,0
288,1,0
288,2,0
288,3,0
288,4,0
288,5,0
288,6,0
288,7,6.2
288,8,48.15
288,9,217.1666667
288,10,329.0666667
288,11,421.9333333
288,12,365
288,13,189.95
288,14,282.95
288,15,270.5833333
288,16,156.85
288,17,41.08333333
288,18,0.95
288,19,0
288,20,0
288,21,0
288,22,0
288,23,0
288,24,0
289,1,0
289,2,0
289,3,0
289,4,0
289,5,0
289,6,0
289,7,5.566666667
289,8,73.25
289,9,188.7333333
289,10,299.5333333
289,11,302.9833333
289,12,246.9833333
289,13,399.7166667
289,14,205.7666667
289,15,178.7666667
289,16,144.9666667
289,17,33.5
289,18,0.166666667
289,19,0
289,20,0
289,21,0
289,22,0
289,23,0
289,24,0
290,1,0
290,2,0
290,3,0
290,4,0
290,5,0
290,6,0
290,7,4.716666667
290,8,73.23333333
290,9,187.7666667
290,10,294.0666667
290,11,370.0666667
290,12,410.4833333
290,13,403.15
290,14,351.0833333
290,15,260.65
290,16,146.65
290,17,37.35
290,18,0.116666667
290,19,0
290,20,0
290,21,0
290,22,0
290,23,0
290,24,0
291,1,0
291,2,0
291,3,0
291,4,0
291,5,0
291,6,0
291,7,3.533333333
291,8,63.43333333
291,9,187.85
291,10,241.1333333
291,11,306.4166667
291,12,377.5
291,13,308.6
291,14,332.1
291,15,162.8833333
291,16,24.83333333
291,17,4.333333333
291,18,0.016666667
291,19,0
291,20,0
291,21,0
291,22,0
291,23,0
291,24,0
292,1,0
292,2,0
292,3,0
292,4,0
292,5,0
292,6,0
292,7,2.616666667
292,8,39.26666667
292,9,97
292,10,165.4333333
292,11,195.2166667
292,12,313.2833333
292,13,371.3
292,14,398.8833333
292,15,276.8833333
292,16,160.45
292,17,41.23333333
292,18,0
292,19,0
292,20,0
292,21,0
292,22,0
292,23,0
292,24,0
293,1,0
293,2,0
293,3,0
293,4,0
293,5,0
293,6,0
293,7,1.066666667
293,8,29.83333333
293,9,89.36666667
293,10,259.15
293,11,405
293,12,399.6166667
293,13,245.6666667
293,14,146.85
293,15,109.6833333
293,16,56.93333333
293,17,13.73333333
293,18,0
293,19,0
293,20,0
293,21,0
293,22,0
293,23,0
293,24,0
294,1,0
294,2,0
294,3,0
294,4,0
294,5,0
294,6,0
294,7,3.216666667
294,8,78.63333333
294,9,186.9
294,10,308.65
294,11,389.7833333
294,12,430.3166667
294,13,417.3166667
294,14,346.9166667
294,15,275.2333333
294,16,152.5333333
294,17,35.01666667
294,18,0
294,19,0
294,20,0
294,21,0
294,22,0
294,23,0
294,24,0
295,1,0
295,2,0
295,3,0
295,4,0
295,5,0
295,6,0
295,7,1.3
295,8,25.83333333
295,9,63.9
295,10,73.76666667
295,11,79.06666667
295,12,47.4
295,13,70.33333333
295,14,115.3833333
295,15,186.2166667
295,16,101.4166667
295,17,18.7
295,18,0
295,19,0
295,20,0
295,21,0
295,22,0
295,23,0
295,24,0
296,1,0
296,2,0
296,3,0
296,4,0
296,5,0
296,6,0
296,7,0.333333333
296,8,9.483333333
296,9,21.85
296,10,26.21666667
296,11,34.36666667
296,12,33.31666667
296,13,74.73333333
296,14,45.43333333
296,15,31.45
296,16,15.55
296,17,3.883333333
296,18,0
296,19,0
296,20,0
296,21,0
296,22,0
296,23,0
296,24,0
297,1,0
297,2,0
297,3,0
297,4,0
297,5,0
297,6,0
297,7,1.233333333
297,8,39.91666667
297,9,187.75
297,10,304.7833333
297,11,331.75
297,12,383.95
297,13,415.7666667
297,14,282.3
297,15,209.2833333
297,16,155.8666667
297,17,28.18333333
297,18,0
297,19,0
297,20,0
297,21,0
297,22,0
297,23,0
297,24,0
298,1,0
298,2,0
298,3,0
298,4,0
298,5,0
298,6,0
298,7,0.6
298,8,11.1
298,9,25.81666667
298,10,60.16666667
298,11,52.8
298,12,57.31666667
298,13,115.5333333
298,14,117.6166667
298,15,136.0166667
298,16,55.76666667
298,17,10.2
298,18,0
298,19,0
298,20,0
298,21,0
298,22,0
298,23,0
298,24,0
299,1,0
299,2,0
299,3,0
299,4,0
299,5,0
299,6,0
299,7,0.833333333
299,8,33.1
299,9,101.8833333
299,10,153.9166667
299,11,161.9
299,12,100.9666667
299,13,73.01666667
299,14,111.15
299,15,72.28333333
299,16,55.75
299,17,6.783333333
299,18,0
299,19,0
299,20,0
299,21,0
299,22,0
299,23,0
299,24,0
300,1,0
300,2,0
300,3,0
300,4,0
300,5,0
300,6,0
300,7,0.05
300,8,7.183333333
300,9,46.85
300,10,106.0833333
300,11,150.85
300,12,100.4166667
300,13,127.6
300,14,158.4333333
300,15,153.25
300,16,41.53333333
300,17,7.283333333
300,18,0
300,19,0
300,20,0
300,21,0
300,22,0
300,23,0
300,24,0
301,1,0
301,2,0
301,3,0
301,4,0
301,5,0
301,6,0
301,7,0.166666667
301,8,28.56666667
301,9,91.5
301,10,104.7333333
301,11,180.4333333
301,12,309.3166667
301,13,247.6333333
301,14,93.81666667
301,15,36.98333333
301,16,16.93333333
301,17,2.166666667
301,18,0
301,19,0
301,20,0
301,21,0
301,22,0
301,23,0
301,24,0
302,1,0
302,2,0
302,3,0
302,4,0
302,5,0
302,6,0
302,7,0
302,8,5.816666667
302,9,18.41666667
302,10,36.6
302,11,47.83333333
302,12,45.85
302,13,48.96666667
302,14,34.43333333
302,15,42.93333333
302,16,17.55
302,17,2.7
302,18,0
302,19,0
302,20,0
302,21,0
302,22,0
302,23,0
302,24,0
303,1,0
303,2,0
303,3,0
303,4,0
303,5,0
303,6,0
303,7,0
303,8,19.25
303,9,121.2
303,10,261.4
303,11,337.9
303,12,380.1833333
303,13,314.9333333
303,14,244.1333333
303,15,125.85
303,16,24.31666667
303,17,4.9
303,18,0
303,19,0
303,20,0
303,21,0
303,22,0
303,23,0
303,24,0
304,1,0
304,2,0
304,3,0
304,4,0
304,5,0
304,6,0
304,7,0.216666667
304,8,39.76666667
304,9,151.8166667
304,10,262.2833333
304,11,336.2
304,12,381.5666667
304,13,366.0333333
304,14,310.85
304,15,206.8833333
304,16,114.6
304,17,5.716666667
304,18,0
304,19,0
304,20,0
304,21,0
304,22,0
304,23,0
304,24,0
305,1,0
305,2,0
305,3,0
305,4,0
305,5,0
305,6,0
305,7,0
305,8,24.43333333
305,9,113.7666667
305,10,143.7333333
305,11,318.35
305,12,276.5333333
305,13,170.55
305,14,91.65
305,15,61.4
305,16,22.2
305,17,6.15
305,18,0
305,19,0
305,20,0
305,21,0
305,22,0
305,23,0
305,24,0
306,1,0
306,2,0
306,3,0
306,4,0
306,5,0
306,6,0
306,7,0
306,8,19.23333333
306,9,98.68333333
306,10,212.7333333
306,11,260.1333333
306,12,241.25
306,13,218.2666667
306,14,261.7666667
306,15,168.1166667
306,16,83.43333333
306,17,10.05
306,18,0
306,19,0
306,20,0
306,21,0
306,22,0
306,23,0
306,24,0
307,1,0
307,2,0
307,3,0
307,4,0
307,5,0
307,6,0
307,7,0
307,8,9.583333333
307,9,53.23333333
307,10,106.9833333
307,11,161.55
307,12,215.6666667
307,13,203.5166667
307,14,137.1333333
307,15,125.2
307,16,58.31666667
307,17,6.733333333
307,18,0
307,19,0
307,20,0
307,21,0
307,22,0
307,23,0
307,24,0
308,1,0
308,2,0
308,3,0
308,4,0
308,5,0
308,6,0
308,7,0
308,8,4.583333333
308,9,28.1
308,10,54.48333333
308,11,67.33333333
308,12,55.38333333
308,13,63.65
308,14,47.46666667
308,15,26.2
308,16,11.26666667
308,17,0.95
308,18,0
308,19,0
308,20,0
308,21,0
308,22,0
308,23,0
308,24,0
309,1,0
309,2,0
309,3,0
309,4,0
309,5,0
309,6,0
309,7,0
309,8,6.116666667
309,9,49.06666667
309,10,114.9333333
309,11,204.2833333
309,12,214.95
309,13,165.6333333
309,14,199.0666667
309,15,96.81666667
309,16,39.4
309,17,5.15
309,18,0
309,19,0
309,20,0
309,21,0
309,22,0
309,23,0
309,24,0
310,1,0
310,2,0
310,3,0
310,4,0
310,5,0
310,6,0
310,7,0
310,8,21.2
310,9,110.1333333
310,10,211.7833333
310,11,286.25
310,12,322.2
310,13,312.0833333
310,14,261.1
310,15,176.65
310,16,73.03333333
310,17,2.7
310,18,0
310,19,0
310,20,0
310,21,0
310,22,0
310,23,0
310,24,0
311,1,0
311,2,0
311,3,0
311,4,0
311,5,0
311,6,0
311,7,0
311,8,18.91666667
311,9,105.1166667
311,10,203.3166667
311,11,268.0166667
311,12,266.75
311,13,278.9833333
311,14,230.0166667
311,15,105.85
311,16,60.96666667
311,17,7.216666667
311,18,0
311,19,0
311,20,0
311,21,0
311,22,0
311,23,0
311,24,0
312,1,0
312,2,0
312,3,0
312,4,0
312,5,0
312,6,0
312,7,0
312,8,7.666666667
312,9,73.51666667
312,10,137.1666667
312,11,244.75
312,12,226.6333333
312,13,178.0833333
312,14,240.7833333
312,15,85.1
312,16,26.65
312,17,1.616666667
312,18,0
312,19,0
312,20,0
312,21,0
312,22,0
312,23,0
312,24,0
313,1,0
313,2,0
313,3,0
313,4,0
313,5,0
313,6,0
313,7,0
313,8,5.4
313,9,25.01666667
313,10,55.5
313,11,84.93333333
313,12,83.51666667
313,13,108.7666667
313,14,94.4
313,15,72.56666667
313,16,28.71666667
313,17,1.05
313,18,0
313,19,0
313,20,0
313,21,0
313,22,0
313,23,0
313,24,0
314,1,0
314,2,0
314,3,0
314,4,0
314,5,0
314,6,0
314,7,0
314,8,9.333333333
314,9,43.68333333
314,10,78.51666667
314,11,133.1
314,12,215.3333333
314,13,275.8333333
314,14,200.2333333
314,15,123.6
314,16,42.06666667
314,17,1.833333333
314,18,0
314,19,0
314,20,0
314,21,0
314,22,0
314,23,0
314,24,0
315,1,0
315,2,0
315,3,0
315,4,0
315,5,0
315,6,0
315,7,0
315,8,8.45
315,9,21.68333333
315,10,50.8
315,11,73.45
315,12,45.23333333
315,13,35.63333333
315,14,58.3
315,15,176.0333333
315,16,56.21666667
315,17,1.233333333
315,18,0
315,19,0
315,20,0
315,21,0
315,22,0
315,23,0
315,24,0
316,1,0
316,2,0
316,3,0
316,4,0
316,5,0
316,6,0
316,7,0
316,8,16.48333333
316,9,95.4
316,10,69.41666667
316,11,96.78333333
316,12,148.4
316,13,65.26666667
316,14,137.8833333
316,15,120.2666667
316,16,43.25
316,17,2.2
316,18,0
316,19,0
316,20,0
316,21,0
316,22,0
316,23,0
316,24,0
317,1,0
317,2,0
317,3,0
317,4,0
317,5,0
317,6,0
317,7,0
317,8,0.7
317,9,6.416666667
317,10,17.41666667
317,11,25.28333333
317,12,41.36666667
317,13,47.2
317,14,125.6833333
317,15,91.11666667
317,16,25.91666667
317,17,0.933333333
317,18,0
317,19,0
317,20,0
317,21,0
317,22,0
317,23,0
317,24,0
318,1,0
318,2,0
318,3,0
318,4,0
318,5,0
318,6,0
318,7,0
318,8,12.31666667
318,9,99.03333333
318,10,191.2833333
318,11,230.65
318,12,254.0666667
318,13,209.4833333
318,14,216.2666667
318,15,139.2333333
318,16,53.33333333
318,17,0.866666667
318,18,0
318,19,0
318,20,0
318,21,0
318,22,0
318,23,0
318,24,0
319,1,0
319,2,0
319,3,0
319,4,0
319,5,0
319,6,0
319,7,0
319,8,9.3
319,9,57.96666667
319,10,70.86666667
319,11,90.68333333
319,12,107.2833333
319,13,114.9166667
319,14,120.2166667
319,15,90.46666667
319,16,41.65
319,17,1.316666667
319,18,0
319,19,0
319,20,0
319,21,0
319,22,0
319,23,0
319,24,0
320,1,0
320,2,0
320,3,0
320,4,0
320,5,0
320,6,0
320,7,0
320,8,8.066666667
320,9,78.76666667
320,10,182.35
320,11,259.5
320,12,293.7666667
320,13,285.3
320,14,232.1
320,15,145.6666667
320,16,49.33333333
320,17,1.066666667
320,18,0
320,19,0
320,20,0
320,21,0
320,22,0
320,23,0
320,24,0
321,1,0
321,2,0
321,3,0
321,4,0
321,5,0
321,6,0
321,7,0
321,8,5.616666667
321,9,53.66666667
321,10,148.3333333
321,11,248.45
321,12,288.0333333
321,13,283.6166667
321,14,231.4333333
321,15,143.8166667
321,16,48.38333333
321,17,2.183333333
321,18,0
321,19,0
321,20,0
321,21,0
321,22,0
321,23,0
321,24,0
322,1,0
322,2,0
322,3,0
322,4,0
322,5,0
322,6,0
322,7,0
322,8,6.833333333
322,9,69.73333333
322,10,100.0833333
322,11,124.3333333
322,12,161.05
322,13,104.5166667
322,14,53.91666667
322,15,28.81666667
322,16,8.166666667
322,17,0.283333333
322,18,0
322,19,0
322,20,0
322,21,0
322,22,0
322,23,0
322,24,0
323,1,0
323,2,0
323,3,0
323,4,0
323,5,0
323,6,0
323,7,0
323,8,1.683333333
323,9,21.63333333
323,10,42.86666667
323,11,34.88333333
323,12,63.85
323,13,113.2
323,14,115.0166667
323,15,67.03333333
323,16,16.86666667
323,17,0.433333333
323,18,0
323,19,0
323,20,0
323,21,0
323,22,0
323,23,0
323,24,0
324,1,0
324,2,0
324,3,0
324,4,0
324,5,0
324,6,0
324,7,0
324,8,0.216666667
324,9,2.6
324,10,16.76666667
324,11,21.36666667
324,12,25.55
324,13,26
324,14,17.88333333
324,15,9.1
324,16,5.783333333
324,17,0.016666667
324,18,0
324,19,0
324,20,0
324,21,0
324,22,0
324,23,0
324,24,0
325,1,0
325,2,0
325,3,0
325,4,0
325,5,0
325,6,0
325,7,0
325,8,1.2
325,9,17.73333333
325,10,45.75
325,11,43.2
325,12,28.03333333
325,13,43.68333333
325,14,41.18333333
325,15,22.45
325,16,5.883333333
325,17,0
325,18,0
325,19,0
325,20,0
325,21,0
325,22,0
325,23,0
325,24,0
326,1,0
326,2,0
326,3,0
326,4,0
326,5,0
326,6,0
326,7,0
326,8,0.5
326,9,9.2
326,10,24.2
326,11,34.28333333
326,12,35.45
326,13,49.38333333
326,14,45.43333333
326,15,24.56666667
326,16,6.516666667
326,17,0
326,18,0
326,19,0
326,20,0
326,21,0
326,22,0
326,23,0
326,24,0
327,1,0
327,2,0
327,3,0
327,4,0
327,5,0
327,6,0
327,7,0
327,8,0.2
327,9,8.366666667
327,10,20.46666667
327,11,23.3
327,12,26.23333333
327,13,33.03333333
327,14,20.11666667
327,15,12.06666667
327,16,4.45
327,17,0
327,18,0
327,19,0
327,20,0
327,21,0
327,22,0
327,23,0
327,24,0
328,1,0
328,2,0
328,3,0
328,4,0
328,5,0
328,6,0
328,7,0
328,8,1.016666667
328,9,27.05
328,10,46.45
328,11,56.51666667
328,12,47.68333333
328,13,62.25
328,14,56.05
328,15,32.38333333
328,16,8.533333333
328,17,0
328,18,0
328,19,0
328,20,0
328,21,0
328,22,0
328,23,0
328,24,0
329,1,0
329,2,0
329,3,0
329,4,0
329,5,0
329,6,0
329,7,0
329,8,0.416666667
329,9,16.48333333
329,10,33.18333333
329,11,54.73333333
329,12,65.11666667
329,13,51.51666667
329,14,38.15
329,15,13.65
329,16,5.766666667
329,17,0
329,18,0
329,19,0
329,20,0
329,21,0
329,22,0
329,23,0
329,24,0
330,1,0
330,2,0
330,3,0
330,4,0
330,5,0
330,6,0
330,7,0
330,8,0.166666667
330,9,7.766666667
330,10,24.86666667
330,11,51.61666667
330,12,60.85
330,13,39.75
330,14,38.81666667
330,15,22.73333333
330,16,4.3
330,17,0
330,18,0
330,19,0
330,20,0
330,21,0
330,22,0
330,23,0
330,24,0
331,1,0
331,2,0
331,3,0
331,4,0
331,5,0
331,6,0
331,7,0
331,8,0.716666667
331,9,32.31666667
331,10,77.21666667
331,11,77.11666667
331,12,86.5
331,13,85.13333333
331,14,53.25
331,15,26.75
331,16,6.616666667
331,17,0
331,18,0
331,19,0
331,20,0
331,21,0
331,22,0
331,23,0
331,24,0
332,1,0
332,2,0
332,3,0
332,4,0
332,5,0
332,6,0
332,7,0
332,8,1.35
332,9,51.96666667
332,10,138.2
332,11,211.0833333
332,12,247.1833333
332,13,242.8333333
332,14,196.5666667
332,15,116.0333333
332,16,20.16666667
332,17,0
332,18,0
332,19,0
332,20,0
332,21,0
332,22,0
332,23,0
332,24,0
333,1,0
333,2,0
333,3,0
333,4,0
333,5,0
333,6,0
333,7,0
333,8,2.45
333,9,37.61666667
333,10,116.3166667
333,11,188.4166667
333,12,201.8333333
333,13,169.7166667
333,14,140.7833333
333,15,76.5
333,16,16.25
333,17,0
333,18,0
333,19,0
333,20,0
333,21,0
333,22,0
333,23,0
333,24,0
334,1,0
334,2,0
334,3,0
334,4,0
334,5,0
334,6,0
334,7,0
334,8,0.533333333
334,9,13.91666667
334,10,45.23333333
334,11,39.25
334,12,41.95
334,13,40.1
334,14,41
334,15,19.46666667
334,16,4.75
334,17,0
334,18,0
334,19,0
334,20,0
334,21,0
334,22,0
334,23,0
334,24,0
335,1,0
335,2,0
335,3,0
335,4,0
335,5,0
335,6,0
335,7,0
335,8,0.033333333
335,9,6.883333333
335,10,43.81666667
335,11,108.4333333
335,12,139.9833333
335,13,124.7
335,14,70.58333333
335,15,38.2
335,16,19.78333333
335,17,0
335,18,0
335,19,0
335,20,0
335,21,0
335,22,0
335,23,0
335,24,0
336,1,0
336,2,0
336,3,0
336,4,0
336,5,0
336,6,0
336,7,0
336,8,0
336,9,10.56666667
336,10,36.36666667
336,11,62.78333333
336,12,62.3
336,13,66.41666667
336,14,36.41666667
336,15,16.55
336,16,2.383333333
336,17,0
336,18,0
336,19,0
336,20,0
336,21,0
336,22,0
336,23,0
336,24,0
337,1,0
337,2,0
337,3,0
337,4,0
337,5,0
337,6,0
337,7,0
337,8,0
337,9,4.483333333
337,10,36.2
337,11,75.83333333
337,12,68.53333333
337,13,174.8333333
337,14,171.4666667
337,15,41.2
337,16,7.966666667
337,17,0
337,18,0
337,19,0
337,20,0
337,21,0
337,22,0
337,23,0
337,24,0
338,1,0
338,2,0
338,3,0
338,4,0
338,5,0
338,6,0
338,7,0
338,8,0
338,9,15.36666667
338,10,66.5
338,11,158.5333333
338,12,140.9666667
338,13,231.5166667
338,14,190.35
338,15,85.91666667
338,16,21.55
338,17,0
338,18,0
338,19,0
338,20,0
338,21,0
338,22,0
338,23,0
338,24,0
339,1,0
339,2,0
339,3,0
339,4,0
339,5,0
339,6,0
339,7,0
339,8,0.15
339,9,36.28333333
339,10,124.5
339,11,187.9333333
339,12,226.4333333
339,13,223.3666667
339,14,172.5833333
339,15,75.33333333
339,16,17.61666667
339,17,0
339,18,0
339,19,0
339,20,0
339,21,0
339,22,0
339,23,0
339,24,0
340,1,0
340,2,0
340,3,0
340,4,0
340,5,0
340,6,0
340,7,0
340,8,0
340,9,20.11666667
340,10,55.73333333
340,11,38.6
340,12,28.3
340,13,50.18333333
340,14,32.06666667
340,15,9.466666667
340,16,2.416666667
340,17,0
340,18,0
340,19,0
340,20,0
340,21,0
340,22,0
340,23,0
340,24,0
341,1,0
341,2,0
341,3,0
341,4,0
341,5,0
341,6,0
341,7,0
341,8,0
341,9,5.8
341,10,34.2
341,11,42.63333333
341,12,54.85
341,13,49.35
341,14,23.33333333
341,15,15.01666667
341,16,5.583333333
341,17,0
341,18,0
341,19,0
341,20,0
341,21,0
341,22,0
341,23,0
341,24,0
342,1,0
342,2,0
342,3,0
342,4,0
342,5,0
342,6,0
342,7,0
342,8,0
342,9,23.75
342,10,48.45
342,11,93.85
342,12,99.76666667
342,13,75.91666667
342,14,56.56666667
342,15,19.01666667
342,16,3.066666667
342,17,0
342,18,0
342,19,0
342,20,0
342,21,0
342,22,0
342,23,0
342,24,0
343,1,0
343,2,0
343,3,0
343,4,0
343,5,0
343,6,0
343,7,0
343,8,0
343,9,4.933333333
343,10,22.7
343,11,57.83333333
343,12,99.08333333
343,13,71.31666667
343,14,50.15
343,15,21.6
343,16,7.166666667
343,17,0
343,18,0
343,19,0
343,20,0
343,21,0
343,22,0
343,23,0
343,24,0
344,1,0
344,2,0
344,3,0
344,4,0
344,5,0
344,6,0
344,7,0
344,8,0
344,9,10.46666667
344,10,43.58333333
344,11,131.8333333
344,12,93.51666667
344,13,53.9
344,14,36.06666667
344,15,40.01666667
344,16,8.7
344,17,0
344,18,0
344,19,0
344,20,0
344,21,0
344,22,0
344,23,0
344,24,0
345,1,0
345,2,0
345,3,0
345,4,0
345,5,0
345,6,0
345,7,0
345,8,0
345,9,5.066666667
345,10,30.53333333
345,11,36.23333333
345,12,35.36666667
345,13,33.96666667
345,14,22.25
345,15,9.9
345,16,1.866666667
345,17,0
345,18,0
345,19,0
345,20,0
345,21,0
345,22,0
345,23,0
345,24,0
346,1,0
346,2,0
346,3,0
346,4,0
346,5,0
346,6,0
346,7,0
346,8,0
346,9,8.85
346,10,34.36666667
346,11,87.53333333
346,12,93.4
346,13,188.4166667
346,14,136.7666667
346,15,116.0833333
346,16,18.91666667
346,17,0
346,18,0
346,19,0
346,20,0
346,21,0
346,22,0
346,23,0
346,24,0
347,1,0
347,2,0
347,3,0
347,4,0
347,5,0
347,6,0
347,7,0
347,8,0
347,9,4.016666667
347,10,28.85
347,11,36.11666667
347,12,48.81666667
347,13,26.9
347,14,16.8
347,15,8.166666667
347,16,3.766666667
347,17,0
347,18,0
347,19,0
347,20,0
347,21,0
347,22,0
347,23,0
347,24,0
348,1,0
348,2,0
348,3,0
348,4,0
348,5,0
348,6,0
348,7,0
348,8,0
348,9,5.75
348,10,27.91666667
348,11,51.53333333
348,12,74.95
348,13,74.63333333
348,14,44.2
348,15,16.55
348,16,2.933333333
348,17,0
348,18,0
348,19,0
348,20,0
348,21,0
348,22,0
348,23,0
348,24,0
349,1,0
349,2,0
349,3,0
349,4,0
349,5,0
349,6,0
349,7,0
349,8,0
349,9,4.466666667
349,10,27.03333333
349,11,48.85
349,12,44.86666667
349,13,51.05
349,14,56.83333333
349,15,38
349,16,9.516666667
349,17,0
349,18,0
349,19,0
349,20,0
349,21,0
349,22,0
349,23,0
349,24,0
350,1,0
350,2,0
350,3,0
350,4,0
350,5,0
350,6,0
350,7,0
350,8,0
350,9,2.816666667
350,10,15.58333333
350,11,29.28333333
350,12,29.26666667
350,13,30.13333333
350,14,44.33333333
350,15,21.6
350,16,9.133333333
350,17,0
350,18,0
350,19,0
350,20,0
350,21,0
350,22,0
350,23,0
350,24,0
351,1,0
351,2,0
351,3,0
351,4,0
351,5,0
351,6,0
351,7,0
351,8,0
351,9,6.75
351,10,34.4
351,11,57.91666667
351,12,69.66666667
351,13,65.66666667
351,14,73.16666667
351,15,29.31666667
351,16,8.483333333
351,17,0
351,18,0
351,19,0
351,20,0
351,21,0
351,22,0
351,23,0
351,24,0
352,1,0
352,2,0
352,3,0
352,4,0
352,5,0
352,6,0
352,7,0
352,8,0
352,9,4.883333333
352,10,20.05
352,11,56.93333333
352,12,96.36666667
352,13,120.8166667
352,14,153.5666667
352,15,55.25
352,16,14.31666667
352,17,0
352,18,0
352,19,0
352,20,0
352,21,0
352,22,0
352,23,0
352,24,0
353,1,0
353,2,0
353,3,0
353,4,0
353,5,0
353,6,0
353,7,0
353,8,0.5
353,9,10.68333333
353,10,35.9
353,11,46.43333333
353,12,71.5
353,13,65.83333333
353,14,53.46666667
353,15,35.75
353,16,10.75
353,17,0
353,18,0
353,19,0
353,20,0
353,21,0
353,22,0
353,23,0
353,24,0
354,1,0
354,2,0
354,3,0
354,4,0
354,5,0
354,6,0
354,7,0
354,8,0
354,9,9
354,10,63.08333333
354,11,86.88333333
354,12,103.9833333
354,13,104.3833333
354,14,91.45
354,15,61.08333333
354,16,7.233333333
354,17,0
354,18,0
354,19,0
354,20,0
354,21,0
354,22,0
354,23,0
354,24,0
355,1,0
355,2,0
355,3,0
355,4,0
355,5,0
355,6,0
355,7,0
355,8,0
355,9,7.266666667
355,10,31.45
355,11,57.33333333
355,12,73.25
355,13,48.21666667
355,14,26.23333333
355,15,9.616666667
355,16,4.1
355,17,0
355,18,0
355,19,0
355,20,0
355,21,0
355,22,0
355,23,0
355,24,0
356,1,0
356,2,0
356,3,0
356,4,0
356,5,0
356,6,0
356,7,0
356,8,0
356,9,5.6
356,10,13.6
356,11,22.43333333
356,12,26.61666667
356,13,69.45
356,14,62.86666667
356,15,32.21666667
356,16,4.333333333
356,17,0
356,18,0
356,19,0
356,20,0
356,21,0
356,22,0
356,23,0
356,24,0
357,1,0
357,2,0
357,3,0
357,4,0
357,5,0
357,6,0
357,7,0
357,8,0
357,9,5.366666667
357,10,27.35
357,11,53.85
357,12,77.98333333
357,13,80.33333333
357,14,43.05
357,15,13.58333333
357,16,5.4
357,17,0
357,18,0
357,19,0
357,20,0
357,21,0
357,22,0
357,23,0
357,24,0
358,1,0
358,2,0
358,3,0
358,4,0
358,5,0
358,6,0
358,7,0
358,8,0
358,9,6.1
358,10,26.91666667
358,11,26.53333333
358,12,28.35
358,13,24.25
358,14,29.83333333
358,15,14.31666667
358,16,3.683333333
358,17,0
358,18,0
358,19,0
358,20,0
358,21,0
358,22,0
358,23,0
358,24,0
359,1,0
359,2,0
359,3,0
359,4,0
359,5,0
359,6,0
359,7,0
359,8,0
359,9,1.883333333
359,10,14.71666667
359,11,41.76666667
359,12,65.21666667
359,13,71.21666667
359,14,71.08333333
359,15,23.86666667
359,16,3.25
359,17,0
359,18,0
359,19,0
359,20,0
359,21,0
359,22,0
359,23,0
359,24,0
360,1,0
360,2,0
360,3,0
360,4,0
360,5,0
360,6,0
360,7,0
360,8,0
360,9,0.933333333
360,10,8.866666667
360,11,26.53333333
360,12,29.83333333
360,13,26.6
360,14,20.98333333
360,15,12.86666667
360,16,3.333333333
360,17,0
360,18,0
360,19,0
360,20,0
360,21,0
360,22,0
360,23,0
360,24,0
361,1,0
361,2,0
361,3,0
361,4,0
361,5,0
361,6,0
361,7,0
361,8,0
361,9,11.98333333
361,10,21.18333333
361,11,16.53333333
361,12,28.91666667
361,13,41.11666667
361,14,31.13333333
361,15,17.88333333
361,16,2.933333333
361,17,0
361,18,0
361,19,0
361,20,0
361,21,0
361,22,0
361,23,0
361,24,0
362,1,0
362,2,0
362,3,0
362,4,0
362,5,0
362,6,0
362,7,0
362,8,0
362,9,3.35
362,10,13.88333333
362,11,17.31666667
362,12,37.03333333
362,13,48.06666667
362,14,20.68333333
362,15,23.76666667
362,16,4.066666667
362,17,0
362,18,0
362,19,0
362,20,0
362,21,0
362,22,0
362,23,0
362,24,0
363,1,0
363,2,0
363,3,0
363,4,0
363,5,0
363,6,0
363,7,0
363,8,0
363,9,1.466666667
363,10,10.65
363,11,30.26666667
363,12,37.3
363,13,35.61666667
363,14,35.5
363,15,15.2
363,16,3.6
363,17,0
363,18,0
363,19,0
363,20,0
363,21,0
363,22,0
363,23,0
363,24,0
364,1,0
364,2,0
364,3,0
364,4,0
364,5,0
364,6,0
364,7,0
364,8,0
364,9,2.55
364,10,16.26666667
364,11,41.61666667
364,12,90.85
364,13,95.8
364,14,49.33333333
364,15,28.33333333
364,16,7.616666667
364,17,0
364,18,0
364,19,0
364,20,0
364,21,0
364,22,0
364,23,0
364,24,0
365,1,0
365,2,0
365,3,0
365,4,0
365,5,0
365,6,0
365,7,0
365,8,0
365,9,5.7
365,10,38.35
365,11,87.81666667
365,12,117.0833333
365,13,125.75
365,14,110.8666667
365,15,57.91666667
365,16,12.25
365,17,0
365,18,0
365,19,0
365,20,0
365,21,0
365,22,0
365,23,0
365,24,0
