1,1,0
1,2,0
1,3,0
1,4,0
1,5,0
1,6,0
1,7,0
1,8,0
1,9,0.35
1,10,5.466666667
1,11,17.2
1,12,18.9
1,13,18.5
1,14,22.76666667
1,15,13
1,16,1.783333333
1,17,0
1,18,0
1,19,0
1,20,0
1,21,0
1,22,0
1,23,0
1,24,0
2,1,0
2,2,0
2,3,0
2,4,0
2,5,0
2,6,0
2,7,0
2,8,0
2,9,0.316666667
2,10,4.05
2,11,19.06666667
2,12,40.05
2,13,59.93333333
2,14,45.81666667
2,15,19.6
2,16,4.95
2,17,0
2,18,0
2,19,0
2,20,0
2,21,0
2,22,0
2,23,0
2,24,0
3,1,0
3,2,0
3,3,0
3,4,0
3,5,0
3,6,0
3,7,0
3,8,0
3,9,0.65
3,10,16.48333333
3,11,54.3
3,12,120.8833333
3,13,104.5166667
3,14,57.93333333
3,15,24.46666667
3,16,5.816666667
3,17,0
3,18,0
3,19,0
3,20,0
3,21,0
3,22,0
3,23,0
3,24,0
4,1,0
4,2,0
4,3,0
4,4,0
4,5,0
4,6,0
4,7,0
4,8,0
4,9,0.816666667
4,10,23.16666667
4,11,81.8
4,12,125.4333333
4,13,137.7833333
4,14,113.2666667
4,15,61.36666667
4,16,7.633333333
4,17,0
4,18,0
4,19,0
4,20,0
4,21,0
4,22,0
4,23,0
4,24,0
5,1,0
5,2,0
5,3,0
5,4,0
5,5,0
5,6,0
5,7,0
5,8,0
5,9,1
5,10,24.71666667
5,11,83.53333333
5,12,127.7666667
5,13,139.9833333
5,14,115.4166667
5,15,63.03333333
5,16,8.283333333
5,17,0
5,18,0
5,19,0
5,20,0
5,21,0
5,22,0
5,23,0
5,24,0
6,1,0
6,2,0
6,3,0
6,4,0
6,5,0
6,6,0
6,7,0
6,8,0
6,9,0.816666667
6,10,25.35
6,11,85.85
6,12,132.3
6,13,139.9833333
6,14,70.7
6,15,37.25
6,16,6.9
6,17,0.05
6,18,0
6,19,0
6,20,0
6,21,0
6,22,0
6,23,0
6,24,0
7,1,0
7,2,0
7,3,0
7,4,0
7,5,0
7,6,0
7,7,0
7,8,0
7,9,0.416666667
7,10,7.216666667
7,11,20.13333333
7,12,27.93333333
7,13,44.58333333
7,14,30.65
7,15,14.78333333
7,16,7.616666667
7,17,0.133333333
7,18,0
7,19,0
7,20,0
7,21,0
7,22,0
7,23,0
7,24,0
8,1,0
8,2,0
8,3,0
8,4,0
8,5,0
8,6,0
8,7,0
8,8,0
8,9,0.066666667
8,10,3.283333333
8,11,12.46666667
8,12,30.63333333
8,13,46.1
8,14,29.81666667
8,15,13.05
8,16,3.766666667
8,17,0.033333333
8,18,0
8,19,0
8,20,0
8,21,0
8,22,0
8,23,0
8,24,0
9,1,0
9,2,0
9,3,0
9,4,0
9,5,0
9,6,0
9,7,0
9,8,0
9,9,0.15
9,10,4.666666667
9,11,15.73333333
9,12,31.18333333
9,13,25.78333333
9,14,21.93333333
9,15,15.88333333
9,16,4.083333333
9,17,0
9,18,0
9,19,0
9,20,0
9,21,0
9,22,0
9,23,0
9,24,0
10,1,0
10,2,0
10,3,0
10,4,0
10,5,0
10,6,0
10,7,0
10,8,0
10,9,0
10,10,3.716666667
10,11,15.13333333
10,12,17.26666667
10,13,48.65
10,14,42.31666667
10,15,12.66666667
10,16,4.133333333
10,17,0
10,18,0
10,19,0
10,20,0
10,21,0
10,22,0
10,23,0
10,24,0
11,1,0
11,2,0
11,3,0
11,4,0
11,5,0
11,6,0
11,7,0
11,8,0
11,9,0.316666667
11,10,7
11,11,16.9
11,12,27.26666667
11,13,48.61666667
11,14,25.1
11,15,11.11666667
11,16,2.416666667
11,17,0
11,18,0
11,19,0
11,20,0
11,21,0
11,22,0
11,23,0
11,24,0
12,1,0
12,2,0
12,3,0
12,4,0
12,5,0
12,6,0
12,7,0
12,8,0
12,9,0.216666667
12,10,5.983333333
12,11,23.73333333
12,12,25.36666667
12,13,35.38333333
12,14,50.53333333
12,15,40.88333333
12,16,8
12,17,0
12,18,0
12,19,0
12,20,0
12,21,0
12,22,0
12,23,0
12,24,0
13,1,0
13,2,0
13,3,0
13,4,0
13,5,0
13,6,0
13,7,0
13,8,0
13,9,0.1
13,10,6.2
13,11,11.8
13,12,18.4
13,13,41.58333333
13,14,39.66666667
13,15,23.5
13,16,4.183333333
13,17,0.366666667
13,18,0
13,19,0
13,20,0
13,21,0
13,22,0
13,23,0
13,24,0
14,1,0
14,2,0
14,3,0
14,4,0
14,5,0
14,6,0
14,7,0
14,8,0
14,9,0.95
14,10,11.83333333
14,11,31.91666667
14,12,73.78333333
14,13,117.2833333
14,14,113.0666667
14,15,80.6
14,16,20.58333333
14,17,0.416666667
14,18,0
14,19,0
14,20,0
14,21,0
14,22,0
14,23,0
14,24,0
15,1,0
15,2,0
15,3,0
15,4,0
15,5,0
15,6,0
15,7,0
15,8,0
15,9,1.3
15,10,30.31666667
15,11,80.96666667
15,12,102.8666667
15,13,146.0833333
15,14,102.9
15,15,33.13333333
15,16,4.3
15,17,0
15,18,0
15,19,0
15,20,0
15,21,0
15,22,0
15,23,0
15,24,0
16,1,0
16,2,0
16,3,0
16,4,0
16,5,0
16,6,0
16,7,0
16,8,0
16,9,0.516666667
16,10,8.783333333
16,11,20.76666667
16,12,39.3
16,13,78.06666667
16,14,84.96666667
16,15,43.45
16,16,9.75
16,17,0.15
16,18,0
16,19,0
16,20,0
16,21,0
16,22,0
16,23,0
16,24,0
17,1,0
17,2,0
17,3,0
17,4,0
17,5,0
17,6,0
17,7,0
17,8,0
17,9,0.333333333
17,10,4.25
17,11,14.91666667
17,12,21.23333333
17,13,28.05
17,14,26
17,15,18
17,16,6.433333333
17,17,0.116666667
17,18,0
17,19,0
17,20,0
17,21,0
17,22,0
17,23,0
17,24,0
18,1,0
18,2,0
18,3,0
18,4,0
18,5,0
18,6,0
18,7,0
18,8,0
18,9,0.266666667
18,10,8.933333333
18,11,22.81666667
18,12,28.46666667
18,13,34.15
18,14,21.6
18,15,11.78333333
18,16,3.7
18,17,0.15
18,18,0
18,19,0
18,20,0
18,21,0
18,22,0
18,23,0
18,24,0
19,1,0
19,2,0
19,3,0
19,4,0
19,5,0
19,6,0
19,7,0
19,8,0
19,9,0.3
19,10,1.433333333
19,11,6.05
19,12,11.83333333
19,13,13.18333333
19,14,14.55
19,15,13.06666667
19,16,5.116666667
19,17,0.65
19,18,0
19,19,0
19,20,0
19,21,0
19,22,0
19,23,0
19,24,0
20,1,0
20,2,0
20,3,0
20,4,0
20,5,0
20,6,0
20,7,0
20,8,0
20,9,1.733333333
20,10,24.5
20,11,80.91666667
20,12,70.48333333
20,13,95.91666667
20,14,89.21666667
20,15,54.58333333
20,16,15.43333333
20,17,1.133333333
20,18,0
20,19,0
20,20,0
20,21,0
20,22,0
20,23,0
20,24,0
21,1,0
21,2,0
21,3,0
21,4,0
21,5,0
21,6,0
21,7,0
21,8,0
21,9,1.066666667
21,10,11.56666667
21,11,14.98333333
21,12,13.13333333
21,13,14.48333333
21,14,29.21666667
21,15,16.33333333
21,16,4.8
21,17,0.033333333
21,18,0
21,19,0
21,20,0
21,21,0
21,22,0
21,23,0
21,24,0
22,1,0
22,2,0
22,3,0
22,4,0
22,5,0
22,6,0
22,7,0
22,8,0
22,9,0.65
22,10,7.766666667
22,11,33.1
22,12,44.51666667
22,13,53.11666667
22,14,52.9
22,15,24.35
22,16,7.933333333
22,17,0.716666667
22,18,0
22,19,0
22,20,0
22,21,0
22,22,0
22,23,0
22,24,0
23,1,0
23,2,0
23,3,0
23,4,0
23,5,0
23,6,0
23,7,0
23,8,0
23,9,1.916666667
23,10,17.51666667
23,11,38.75
23,12,45.31666667
23,13,51.95
23,14,43.81666667
23,15,22.98333333
23,16,10.7
23,17,1.033333333
23,18,0
23,19,0
23,20,0
23,21,0
23,22,0
23,23,0
23,24,0
24,1,0
24,2,0
24,3,0
24,4,0
24,5,0
24,6,0
24,7,0
24,8,0
24,9,10.23333333
24,10,55.61666667
24,11,61.8
24,12,61
24,13,54.46666667
24,14,44.31666667
24,15,19.81666667
24,16,7.35
24,17,0.883333333
24,18,0
24,19,0
24,20,0
24,21,0
24,22,0
24,23,0
24,24,0
25,1,0
25,2,0
25,3,0
25,4,0
25,5,0
25,6,0
25,7,0
25,8,0
25,9,2.833333333
25,10,22.86666667
25,11,36.66666667
25,12,86.83333333
25,13,85.68333333
25,14,78.85
25,15,48.7
25,16,17.9
25,17,1.316666667
25,18,0
25,19,0
25,20,0
25,21,0
25,22,0
25,23,0
25,24,0
26,1,0
26,2,0
26,3,0
26,4,0
26,5,0
26,6,0
26,7,0
26,8,0
26,9,2.5
26,10,13.75
26,11,41.93333333
26,12,75.61666667
26,13,72.61666667
26,14,76.45
26,15,123.3833333
26,16,35.11666667
26,17,2.05
26,18,0
26,19,0
26,20,0
26,21,0
26,22,0
26,23,0
26,24,0
27,1,0
27,2,0
27,3,0
27,4,0
27,5,0
27,6,0
27,7,0
27,8,0
27,9,3.283333333
27,10,32.91666667
27,11,108.9333333
27,12,149.6333333
27,13,178.3166667
27,14,152.8833333
27,15,117.75
27,16,21.45
27,17,0
27,18,0
27,19,0
27,20,0
27,21,0
27,22,0
27,23,0
27,24,0
28,1,0
28,2,0
28,3,0
28,4,0
28,5,0
28,6,0
28,7,0
28,8,0
28,9,4.616666667
28,10,34.41666667
28,11,81.41666667
28,12,139.2
28,13,184.9333333
28,14,171.5166667
28,15,139.4666667
28,16,52.25
28,17,3.816666667
28,18,0
28,19,0
28,20,0
28,21,0
28,22,0
28,23,0
28,24,0
29,1,0
29,2,0
29,3,0
29,4,0
29,5,0
29,6,0
29,7,0
29,8,0
29,9,2.55
29,10,20.85
29,11,43.35
29,12,59.95
29,13,67.36666667
29,14,59.76666667
29,15,40.15
29,16,18.06666667
29,17,1.766666667
29,18,0
29,19,0
29,20,0
29,21,0
29,22,0
29,23,0
29,24,0
30,1,0
30,2,0
30,3,0
30,4,0
30,5,0
30,6,0
30,7,0
30,8,0
30,9,2.35
30,10,16.71666667
30,11,31.63333333
30,12,34.93333333
30,13,63.63333333
30,14,28.76666667
30,15,16.21666667
30,16,7.1
30,17,0.333333333
30,18,0
30,19,0
30,20,0
30,21,0
30,22,0
30,23,0
30,24,0
31,1,0
31,2,0
31,3,0
31,4,0
31,5,0
31,6,0
31,7,0
31,8,0
31,9,1.466666667
31,10,16.38333333
31,11,42.31666667
31,12,55.21666667
31,13,90.11666667
31,14,78.9
31,15,48.36666667
31,16,41.53333333
31,17,4.183333333
31,18,0
31,19,0
31,20,0
31,21,0
31,22,0
31,23,0
31,24,0
32,1,0
32,2,0
32,3,0
32,4,0
32,5,0
32,6,0
32,7,0
32,8,0
32,9,4.55
32,10,20.46666667
32,11,31.48333333
32,12,48.28333333
32,13,48.61666667
32,14,37.55
32,15,25.38333333
32,16,7.866666667
32,17,0.966666667
32,18,0
32,19,0
32,20,0
32,21,0
32,22,0
32,23,0
32,24,0
33,1,0
33,2,0
33,3,0
33,4,0
33,5,0
33,6,0
33,7,0
33,8,0
33,9,1.616666667
33,10,19.23333333
33,11,51.4
33,12,58.21666667
33,13,133.9833333
33,14,77.7
33,15,38.11666667
33,16,8.933333333
33,17,2.166666667
33,18,0
33,19,0
33,20,0
33,21,0
33,22,0
33,23,0
33,24,0
34,1,0
34,2,0
34,3,0
34,4,0
34,5,0
34,6,0
34,7,0
34,8,0
34,9,11.4
34,10,79.91666667
34,11,97.26666667
34,12,83.81666667
34,13,73.55
34,14,47.86666667
34,15,30.46666667
34,16,35.41666667
34,17,7.233333333
34,18,0
34,19,0
34,20,0
34,21,0
34,22,0
34,23,0
34,24,0
35,1,0
35,2,0
35,3,0
35,4,0
35,5,0
35,6,0
35,7,0
35,8,0
35,9,8.183333333
35,10,69.2
35,11,143.05
35,12,222.95
35,13,241.5833333
35,14,222.85
35,15,130.1166667
35,16,56.81666667
35,17,13.8
35,18,0.033333333
35,19,0
35,20,0
35,21,0
35,22,0
35,23,0
35,24,0
36,1,0
36,2,0
36,3,0
36,4,0
36,5,0
36,6,0
36,7,0
36,8,0
36,9,15.81666667
36,10,78.88333333
36,11,148.7333333
36,12,187.75
36,13,125.9166667
36,14,107.1333333
36,15,32.45
36,16,13.13333333
36,17,5.766666667
36,18,0
36,19,0
36,20,0
36,21,0
36,22,0
36,23,0
36,24,0
37,1,0
37,2,0
37,3,0
37,4,0
37,5,0
37,6,0
37,7,0
37,8,0
37,9,2.05
37,10,9.966666667
37,11,18.01666667
37,12,27.68333333
37,13,37.01666667
37,14,58.88333333
37,15,72.95
37,16,77.03333333
37,17,6.033333333
37,18,0.1
37,19,0
37,20,0
37,21,0
37,22,0
37,23,0
37,24,0
38,1,0
38,2,0
38,3,0
38,4,0
38,5,0
38,6,0
38,7,0
38,8,0
38,9,5.583333333
38,10,14.83333333
38,11,34.41666667
38,12,35.45
38,13,26.86666667
38,14,25.6
38,15,22.83333333
38,16,20.8
38,17,3.3
38,18,0
38,19,0
38,20,0
38,21,0
38,22,0
38,23,0
38,24,0
39,1,0
39,2,0
39,3,0
39,4,0
39,5,0
39,6,0
39,7,0
39,8,0.05
39,9,1.366666667
39,10,7.533333333
39,11,18.51666667
39,12,48.2
39,13,40.6
39,14,22.05
39,15,22.46666667
39,16,15.11666667
39,17,6.533333333
39,18,0
39,19,0
39,20,0
39,21,0
39,22,0
39,23,0
39,24,0
40,1,0
40,2,0
40,3,0
40,4,0
40,5,0
40,6,0
40,7,0
40,8,0
40,9,3.25
40,10,8.65
40,11,24.55
40,12,81.98333333
40,13,113.85
40,14,107.2166667
40,15,51.13333333
40,16,27.1
40,17,7.5
40,18,0.066666667
40,19,0
40,20,0
40,21,0
40,22,0
40,23,0
40,24,0
41,1,0
41,2,0
41,3,0
41,4,0
41,5,0
41,6,0
41,7,0
41,8,0
41,9,3.75
41,10,14.75
41,11,30.31666667
41,12,54.48333333
41,13,78.8
41,14,54.78333333
41,15,45.5
41,16,23.31666667
41,17,6.466666667
41,18,0.2
41,19,0
41,20,0
41,21,0
41,22,0
41,23,0
41,24,0
42,1,0
42,2,0
42,3,0
42,4,0
42,5,0
42,6,0
42,7,0
42,8,0
42,9,3.383333333
42,10,13.18333333
42,11,31.31666667
42,12,33.11666667
42,13,27.53333333
42,14,21.55
42,15,21.88333333
42,16,11.61666667
42,17,3.633333333
42,18,0
42,19,0
42,20,0
42,21,0
42,22,0
42,23,0
42,24,0
43,1,0
43,2,0
43,3,0
43,4,0
43,5,0
43,6,0
43,7,0
43,8,0
43,9,4.8
43,10,36.2
43,11,41.03333333
43,12,48.2
43,13,41.93333333
43,14,27.85
43,15,20.86666667
43,16,16.83333333
43,17,4.033333333
43,18,0
43,19,0
43,20,0
43,21,0
43,22,0
43,23,0
43,24,0
44,1,0
44,2,0
44,3,0
44,4,0
44,5,0
44,6,0
44,7,0
44,8,0.766666667
44,9,11.83333333
44,10,21.3
44,11,33.06666667
44,12,50.55
44,13,45.45
44,14,32.2
44,15,21.35
44,16,11.35
44,17,10.93333333
44,18,1.683333333
44,19,0
44,20,0
44,21,0
44,22,0
44,23,0
44,24,0
45,1,0
45,2,0
45,3,0
45,4,0
45,5,0
45,6,0
45,7,0
45,8,1.166666667
45,9,21.31666667
45,10,82.16666667
45,11,130.85
45,12,245.5
45,13,220.35
45,14,253.7333333
45,15,162.25
45,16,110.8333333
45,17,33.05
45,18,0.9
45,19,0
45,20,0
45,21,0
45,22,0
45,23,0
45,24,0
46,1,0
46,2,0
46,3,0
46,4,0
46,5,0
46,6,0
46,7,0
46,8,0.833333333
46,9,17.88333333
46,10,59.95
46,11,153.9333333
46,12,206.8833333
46,13,242.3333333
46,14,204.5166667
46,15,126.4833333
46,16,100.45
46,17,41.43333333
46,18,1.716666667
46,19,0
46,20,0
46,21,0
46,22,0
46,23,0
46,24,0
47,1,0
47,2,0
47,3,0
47,4,0
47,5,0
47,6,0
47,7,0
47,8,2.333333333
47,9,62.68333333
47,10,94.76666667
47,11,241.7166667
47,12,227.1333333
47,13,254.2166667
47,14,219.6
47,15,179.1166667
47,16,147.5666667
47,17,46.73333333
47,18,0.966666667
47,19,0
47,20,0
47,21,0
47,22,0
47,23,0
47,24,0
48,1,0
48,2,0
48,3,0
48,4,0
48,5,0
48,6,0
48,7,0
48,8,0.466666667
48,9,10.5
48,10,41.31666667
48,11,52.55
48,12,51.1
48,13,39.25
48,14,43.88333333
48,15,34.45
48,16,32.51666667
48,17,19.15
48,18,0.4
48,19,0
48,20,0
48,21,0
48,22,0
48,23,0
48,24,0
49,1,0
49,2,0
49,3,0
49,4,0
49,5,0
49,6,0
49,7,0
49,8,2.483333333
49,9,42.53333333
49,10,129.7166667
49,11,258.9333333
49,12,293.7166667
49,13,318.6666667
49,14,214.6166667
49,15,136.2833333
49,16,76.98333333
49,17,25.38333333
49,18,0.633333333
49,19,0
49,20,0
49,21,0
49,22,0
49,23,0
49,24,0
50,1,0
50,2,0
50,3,0
50,4,0
50,5,0
50,6,0
50,7,0
50,8,3.966666667
50,9,71.18333333
50,10,179.35
50,11,270.4166667
50,12,330.65
50,13,350.9166667
50,14,329.4833333
50,15,245.1666667
50,16,147.5166667
50,17,54.13333333
50,18,2.433333333
50,19,0
50,20,0
50,21,0
50,22,0
50,23,0
50,24,0
51,1,0
51,2,0
51,3,0
51,4,0
51,5,0
51,6,0
51,7,0
51,8,1.15
51,9,14.28333333
51,10,49.45
51,11,106.4166667
51,12,81.8
51,13,70.73333333
51,14,82.81666667
51,15,57.61666667
51,16,46.66666667
51,17,14.6
51,18,1.5
51,19,0
51,20,0
51,21,0
51,22,0
51,23,0
51,24,0
52,1,0
52,2,0
52,3,0
52,4,0
52,5,0
52,6,0
52,7,0
52,8,1.083333333
52,9,10.03333333
52,10,26.41666667
52,11,42.53333333
52,12,41.2
52,13,36.18333333
52,14,93
52,15,45.8
52,16,20.31666667
52,17,15.53333333
52,18,2.233333333
52,19,0
52,20,0
52,21,0
52,22,0
52,23,0
52,24,0
53,1,0
53,2,0
53,3,0
53,4,0
53,5,0
53,6,0
53,7,0
53,8,0.9
53,9,10
53,10,26.01666667
53,11,14.96666667
53,12,15.41666667
53,13,176.7833333
53,14,156.1833333
53,15,124.6
53,16,136.65
53,17,44.96666667
53,18,2.55
53,19,0
53,20,0
53,21,0
53,22,0
53,23,0
53,24,0
54,1,0
54,2,0
54,3,0
54,4,0
54,5,0
54,6,0
54,7,0
54,8,4.35
54,9,34.68333333
54,10,143.5833333
54,11,240.1166667
54,12,311.5666667
54,13,380.2
54,14,333.3666667
54,15,156.8666667
54,16,82.16666667
54,17,26.9
54,18,4.266666667
54,19,0
54,20,0
54,21,0
54,22,0
54,23,0
54,24,0
55,1,0
55,2,0
55,3,0
55,4,0
55,5,0
55,6,0
55,7,0
55,8,3.5
55,9,25.16666667
55,10,42.25
55,11,63.76666667
55,12,90.53333333
55,13,90.73333333
55,14,36.46666667
55,15,40.26666667
55,16,41.4
55,17,18.75
55,18,1.5
55,19,0
55,20,0
55,21,0
55,22,0
55,23,0
55,24,0
56,1,0
56,2,0
56,3,0
56,4,0
56,5,0
56,6,0
56,7,0
56,8,4.483333333
56,9,41.86666667
56,10,64.45
56,11,62.63333333
56,12,137.6833333
56,13,102.85
56,14,65.98333333
56,15,92.01666667
56,16,76.46666667
56,17,42.9
56,18,7.716666667
56,19,0
56,20,0
56,21,0
56,22,0
56,23,0
56,24,0
57,1,0
57,2,0
57,3,0
57,4,0
57,5,0
57,6,0
57,7,0
57,8,14.66666667
57,9,69.68333333
57,10,100.6333333
57,11,110.8166667
57,12,141.9
57,13,142.9166667
57,14,149.4
57,15,91.11666667
57,16,49.23333333
57,17,15.55
57,18,4.033333333
57,19,0
57,20,0
57,21,0
57,22,0
57,23,0
57,24,0
58,1,0
58,2,0
58,3,0
58,4,0
58,5,0
58,6,0
58,7,0
58,8,10.3
58,9,35.08333333
58,10,41.61666667
58,11,96.35
58,12,105.9666667
58,13,60.55
58,14,48.21666667
58,15,50.4
58,16,26.83333333
58,17,15.95
58,18,2.133333333
58,19,0
58,20,0
58,21,0
58,22,0
58,23,0
58,24,0
59,1,0
59,2,0
59,3,0
59,4,0
59,5,0
59,6,0
59,7,0
59,8,5.883333333
59,9,23.01666667
59,10,68.38333333
59,11,117.2
59,12,138.8333333
59,13,108.8166667
59,14,83.4
59,15,63.08333333
59,16,33.21666667
59,17,27.31666667
59,18,7.433333333
59,19,0
59,20,0
59,21,0
59,22,0
59,23,0
59,24,0
60,1,0
60,2,0
60,3,0
60,4,0
60,5,0
60,6,0
60,7,0
60,8,17.85
60,9,39.9
60,10,57.38333333
60,11,74.45
60,12,66.08333333
60,13,60.75
60,14,53.53333333
60,15,58.78333333
60,16,63
60,17,47.58333333
60,18,8.816666667
60,19,0.033333333
60,20,0
60,21,0
60,22,0
60,23,0
60,24,0
61,1,0
61,2,0
61,3,0
61,4,0
61,5,0
61,6,0
61,7,0.133333333
61,8,5.833333333
61,9,48.3
61,10,71.58333333
61,11,115.6666667
61,12,219.4333333
61,13,195.65
61,14,154.7
61,15,156.8
61,16,103
61,17,48.46666667
61,18,4.083333333
61,19,0
61,20,0
61,21,0
61,22,0
61,23,0
61,24,0
62,1,0
62,2,0
62,3,0
62,4,0
62,5,0
62,6,0
62,7,0
62,8,1.866666667
62,9,11.16666667
62,10,30.35
62,11,46.13333333
62,12,46.5
62,13,41.66666667
62,14,57.9
62,15,63.13333333
62,16,44.58333333
62,17,12.28333333
62,18,2.85
62,19,0
62,20,0
62,21,0
62,22,0
62,23,0
62,24,0
63,1,0
63,2,0
63,3,0
63,4,0
63,5,0
63,6,0
63,7,0
63,8,1.733333333
63,9,10.85
63,10,26.96666667
63,11,34.4
63,12,62.25
63,13,70.73333333
63,14,64.76666667
63,15,89.25
63,16,70.8
63,17,26.6
63,18,7.583333333
63,19,0
63,20,0
63,21,0
63,22,0
63,23,0
63,24,0
64,1,0
64,2,0
64,3,0
64,4,0
64,5,0
64,6,0
64,7,0.416666667
64,8,17.4
64,9,57.5
64,10,82.91666667
64,11,132.6
64,12,64.26666667
64,13,112.0166667
64,14,88.48333333
64,15,112.1833333
64,16,63.46666667
64,17,43.08333333
64,18,5.816666667
64,19,0.3
64,20,0
64,21,0
64,22,0
64,23,0
64,24,0
65,1,0
65,2,0
65,3,0
65,4,0
65,5,0
65,6,0
65,7,0.516666667
65,8,45.28333333
65,9,94.95
65,10,141.1166667
65,11,219.7
65,12,332.3
65,13,389.8666667
65,14,451.8333333
65,15,363.4666667
65,16,248.9666667
65,17,105.9666667
65,18,26.75
65,19,0.083333333
65,20,0
65,21,0
65,22,0
65,23,0
65,24,0
66,1,0
66,2,0
66,3,0
66,4,0
66,5,0
66,6,0
66,7,1.833333333
66,8,23.25
66,9,67.56666667
66,10,104.1666667
66,11,88.48333333
66,12,100.4833333
66,13,125.35
66,14,100.3166667
66,15,85.95
66,16,86.25
66,17,35.41666667
66,18,22.8
66,19,0.266666667
66,20,0
66,21,0
66,22,0
66,23,0
66,24,0
67,1,0
67,2,0
67,3,0
67,4,0
67,5,0
67,6,0
67,7,0.783333333
67,8,24.5
67,9,84.76666667
67,10,280.3166667
67,11,245.6333333
67,12,213.0666667
67,13,170.5
67,14,133.0166667
67,15,74.85
67,16,68.23333333
67,17,65.1
67,18,7.666666667
67,19,0.2
67,20,0
67,21,0
67,22,0
67,23,0
67,24,0
68,1,0
68,2,0
68,3,0
68,4,0
68,5,0
68,6,0
68,7,2.883333333
68,8,72.05
68,9,137.3333333
68,10,235.9
68,11,304.45
68,12,294.5333333
68,13,194.1666667
68,14,183.9333333
68,15,187.5666667
68,16,107.9333333
68,17,42.41666667
68,18,9.816666667
68,19,0.066666667
68,20,0
68,21,0
68,22,0
68,23,0
68,24,0
69,1,0
69,2,0
69,3,0
69,4,0
69,5,0
69,6,0
69,7,0.966666667
69,8,22.16666667
69,9,67.91666667
69,10,82.48333333
69,11,196.1
69,12,196.5166667
69,13,237.1666667
69,14,227.95
69,15,132.2166667
69,16,118.4333333
69,17,96.51666667
69,18,23.31666667
69,19,0.2
69,20,0
69,21,0
69,22,0
69,23,0
69,24,0
70,1,0
70,2,0
70,3,0
70,4,0
70,5,0
70,6,0
70,7,1.166666667
70,8,34.25
70,9,106.3
70,10,205.6333333
70,11,340.5666667
70,12,325.9166667
70,13,431.15
70,14,373.6833333
70,15,209.05
70,16,101.7
70,17,31.48333333
70,18,7.6
70,19,0.116666667
70,20,0
70,21,0
70,22,0
70,23,0
70,24,0
71,1,0
71,2,0
71,3,0
71,4,0
71,5,0
71,6,0
71,7,3.216666667
71,8,64.85
71,9,178.25
71,10,295.5333333
71,11,387.3333333
71,12,429.9833333
71,13,451.9166667
71,14,435.5
71,15,364.3333333
71,16,142.0666667
71,17,39.38333333
71,18,5.283333333
71,19,0.433333333
71,20,0
71,21,0
71,22,0
71,23,0
71,24,0
72,1,0
72,2,0
72,3,0
72,4,0
72,5,0
72,6,0
72,7,0.7
72,8,11.76666667
72,9,29.35
72,10,77.1
72,11,120.75
72,12,185.7
72,13,178.5333333
72,14,77.16666667
72,15,40.26666667
72,16,40.71666667
72,17,39.58333333
72,18,14.71666667
72,19,0.083333333
72,20,0
72,21,0
72,22,0
72,23,0
72,24,0
73,1,0
73,2,0
73,3,0
73,4,0
73,5,0
73,6,0
73,7,0.183333333
73,8,8.25
73,9,57.18333333
73,10,73.51666667
73,11,86.13333333
73,12,176.3166667
73,13,164.3166667
73,14,123.4166667
73,15,156.0166667
73,16,180.6
73,17,38.96666667
73,18,7.966666667
73,19,0.116666667
73,20,0
73,21,0
73,22,0
73,23,0
73,24,0
74,1,0
74,2,0
74,3,0
74,4,0
74,5,0
74,6,0
74,7,3.083333333
74,8,50.81666667
74,9,46.3
74,10,40.18333333
74,11,101.4333333
74,12,114.2833333
74,13,100.9833333
74,14,121.8
74,15,115.45
74,16,101.3833333
74,17,29.63333333
74,18,13.21666667
74,19,0.35
74,20,0
74,21,0
74,22,0
74,23,0
74,24,0
75,1,0
75,2,0
75,3,0
75,4,0
75,5,0
75,6,0
75,7,1.316666667
75,8,11.25
75,9,65
75,10,111.2
75,11,129.2833333
75,12,124.1166667
75,13,152.5
75,14,238.4666667
75,15,267.1166667
75,16,142.95
75,17,64.23333333
75,18,20.96666667
75,19,0.816666667
75,20,0
75,21,0
75,22,0
75,23,0
75,24,0
76,1,0
76,2,0
76,3,0
76,4,0
76,5,0
76,6,0
76,7,1.1
76,8,6.7
76,9,31.75
76,10,70.85
76,11,115.0333333
76,12,161.8333333
76,13,122.7
76,14,173.1
76,15,134.9833333
76,16,83.06666667
76,17,69.85
76,18,12.36666667
76,19,0.75
76,20,0
76,21,0
76,22,0
76,23,0
76,24,0
77,1,0
77,2,0
77,3,0
77,4,0
77,5,0
77,6,0
77,7,1.583333333
77,8,17.18333333
77,9,39.45
77,10,66.48333333
77,11,99.75
77,12,135.3166667
77,13,104.9833333
77,14,98.61666667
77,15,52.85
77,16,33.71666667
77,17,14.45
77,18,5.883333333
77,19,0.116666667
77,20,0
77,21,0
77,22,0
77,23,0
77,24,0
78,1,0
78,2,0
78,3,0
78,4,0
78,5,0
78,6,0
78,7,5.466666667
78,8,53.06666667
78,9,137.6333333
78,10,270.1666667
78,11,323.85
78,12,482.6833333
78,13,200.4333333
78,14,177.1833333
78,15,221.6166667
78,16,194.4
78,17,77.65
78,18,58.93333333
78,19,7.516666667
78,20,0
78,21,0
78,22,0
78,23,0
78,24,0
79,1,0
79,2,0
79,3,0
79,4,0
79,5,0
79,6,0
79,7,2.35
79,8,28.68333333
79,9,75.55
79,10,82.4
79,11,176.4333333
79,12,218.25
79,13,244.9833333
79,14,199.5333333
79,15,113.1166667
79,16,96.36666667
79,17,80.51666667
79,18,18.05
79,19,2.833333333
79,20,0
79,21,0
79,22,0
79,23,0
79,24,0
80,1,0
80,2,0
80,3,0
80,4,0
80,5,0
80,6,0
80,7,9.483333333
80,8,89.63333333
80,9,251.2333333
80,10,315.6833333
80,11,317.1
80,12,222.25
80,13,293.8
80,14,231.6333333
80,15,291
80,16,336.0333333
80,17,168.4166667
80,18,60.66666667
80,19,4.483333333
80,20,0
80,21,0
80,22,0
80,23,0
80,24,0
81,1,0
81,2,0
81,3,0
81,4,0
81,5,0
81,6,0
81,7,19.06666667
81,8,124.2166667
81,9,262.6833333
81,10,428.1666667
81,11,488.55
81,12,243.1833333
81,13,255.3833333
81,14,213
81,15,360.4333333
81,16,111.0333333
81,17,97.28333333
81,18,42.28333333
81,19,4.833333333
81,20,0
81,21,0
81,22,0
81,23,0
81,24,0
82,1,0
82,2,0
82,3,0
82,4,0
82,5,0
82,6,0.066666667
82,7,17.76666667
82,8,90
82,9,127.3333333
82,10,235.3
82,11,217.7333333
82,12,211.0166667
82,13,149.4166667
82,14,114.3833333
82,15,106.1666667
82,16,90.75
82,17,75.86666667
82,18,42.15
82,19,1.616666667
82,20,0
82,21,0
82,22,0
82,23,0
82,24,0
83,1,0
83,2,0
83,3,0
83,4,0
83,5,0
83,6,0
83,7,5.833333333
83,8,21.68333333
83,9,37.83333333
83,10,74.25
83,11,108.0166667
83,12,111.25
83,13,56.61666667
83,14,81.35
83,15,151.1166667
83,16,59.95
83,17,75.8
83,18,29.15
83,19,3.583333333
83,20,0
83,21,0
83,22,0
83,23,0
83,24,0
84,1,0
84,2,0
84,3,0
84,4,0
84,5,0
84,6,0.083333333
84,7,26.8
84,8,119.3
84,9,173.9
84,10,358.45
84,11,276.2166667
84,12,423.9333333
84,13,314.2166667
84,14,323.35
84,15,281.8166667
84,16,256.95
84,17,257.4666667
84,18,95.83333333
84,19,13.3
84,20,0
84,21,0
84,22,0
84,23,0
84,24,0
85,1,0
85,2,0
85,3,0
85,4,0
85,5,0
85,6,0.05
85,7,18.31666667
85,8,55.36666667
85,9,78.11666667
85,10,93.41666667
85,11,108.1166667
85,12,97.85
85,13,112.95
85,14,121.3333333
85,15,94.83333333
85,16,75.11666667
85,17,56.63333333
85,18,20.4
85,19,5.033333333
85,20,0
85,21,0
85,22,0
85,23,0
85,24,0
86,1,0
86,2,0
86,3,0
86,4,0
86,5,0
86,6,0.35
86,7,16.7
86,8,63.96666667
86,9,99.66666667
86,10,148.3333333
86,11,176.25
86,12,263.2
86,13,228.3833333
86,14,267.4166667
86,15,329.4833333
86,16,303.6333333
86,17,141.7
86,18,58.55
86,19,6.766666667
86,20,0
86,21,0
86,22,0
86,23,0
86,24,0
87,1,0
87,2,0
87,3,0
87,4,0
87,5,0
87,6,0.566666667
87,7,15.46666667
87,8,82.33333333
87,9,111.4833333
87,10,246.5833333
87,11,445.0833333
87,12,366.4666667
87,13,373.6166667
87,14,432.85
87,15,505.9
87,16,337.6333333
87,17,245.0333333
87,18,98.81666667
87,19,21.75
87,20,0
87,21,0
87,22,0
87,23,0
87,24,0
88,1,0
88,2,0
88,3,0
88,4,0
88,5,0
88,6,0.65
88,7,44.66666667
88,8,175.0666667
88,9,314.8
88,10,440.0333333
88,11,537.4166667
88,12,564.6666667
88,13,594.35
88,14,590.8
88,15,510.6666667
88,16,405.1833333
88,17,264.4833333
88,18,135.4666667
88,19,22.68333333
88,20,0
88,21,0
88,22,0
88,23,0
88,24,0
89,1,0
89,2,0
89,3,0
89,4,0
89,5,0
89,6,1.383333333
89,7,50.71666667
89,8,188.4166667
89,9,319.2833333
89,10,440.9833333
89,11,491.3
89,12,519.1833333
89,13,601.1666667
89,14,560.25
89,15,489
89,16,378.7666667
89,17,255.2833333
89,18,123.9833333
89,19,21.73333333
89,20,0.016666667
89,21,0
89,22,0
89,23,0
89,24,0
90,1,0
90,2,0
90,3,0
90,4,0
90,5,0
90,6,0
90,7,1.583333333
90,8,44.56666667
90,9,158.3833333
90,10,287.9666667
90,11,404.4333333
90,12,501.7
90,13,555.75
90,14,566.7166667
90,15,536.8
90,16,472.8333333
90,17,367.95
90,18,244.4
90,19,118.8666667
90,20,22.5
90,21,0.016666667
90,22,0
90,23,0
90,24,0
91,1,0
91,2,0
91,3,0
91,4,0
91,5,0
91,6,0
91,7,1.583333333
91,8,44.56666667
91,9,158.3833333
91,10,287.9666667
91,11,404.4333333
91,12,501.7
91,13,555.75
91,14,566.7166667
91,15,536.8
91,16,472.8333333
91,17,367.95
91,18,244.4
91,19,118.8666667
91,20,22.5
91,21,0.016666667
91,22,0
91,23,0
91,24,0
92,1,0
92,2,0
92,3,0
92,4,0
92,5,0
92,6,0
92,7,2
92,8,47.46666667
92,9,159.6
92,10,290.85
92,11,411
92,12,506.3166667
92,13,562.9666667
92,14,575.7833333
92,15,549.9333333
92,16,484.1
92,17,376.1333333
92,18,245.9333333
92,19,107.3666667
92,20,27.66666667
92,21,0.033333333
92,22,0
92,23,0
92,24,0
93,1,0
93,2,0
93,3,0
93,4,0
93,5,0
93,6,0
93,7,1.866666667
93,8,40.48333333
93,9,105.5
93,10,201.55
93,11,316.2
93,12,420.2166667
93,13,437.9666667
93,14,565.1333333
93,15,551.2
93,16,484.9333333
93,17,321
93,18,209.9166667
93,19,91.43333333
93,20,23.25
93,21,0.066666667
93,22,0
93,23,0
93,24,0
94,1,0
94,2,0
94,3,0
94,4,0
94,5,0
94,6,0
94,7,0.233333333
94,8,12.5
94,9,56.98333333
94,10,128.05
94,11,161.1666667
94,12,226.0166667
94,13,237.1
94,14,339.4833333
94,15,371.3833333
94,16,323.4
94,17,266.55
94,18,238.2833333
94,19,118.75
94,20,24.53333333
94,21,0.033333333
94,22,0
94,23,0
94,24,0
95,1,0
95,2,0
95,3,0
95,4,0
95,5,0
95,6,0
95,7,1.966666667
95,8,27.05
95,9,140.5
95,10,222.0333333
95,11,337.6166667
95,12,479.9333333
95,13,559.7166667
95,14,574.85
95,15,555.1333333
95,16,503.55
95,17,412.0333333
95,18,260.3
95,19,137.0666667
95,20,33.91666667
95,21,0.166666667
95,22,0
95,23,0
95,24,0
96,1,0
96,2,0
96,3,0
96,4,0
96,5,0
96,6,0
96,7,4.283333333
96,8,73.96666667
96,9,212.2833333
96,10,331.7
96,11,447.2666667
96,12,535.9166667
96,13,590.2
96,14,601.55
96,15,570.9333333
96,16,495.1166667
96,17,404.3
96,18,280.55
96,19,147.1
96,20,36.51666667
96,21,0.383333333
96,22,0
96,23,0
96,24,0
97,1,0
97,2,0
97,3,0
97,4,0
97,5,0
97,6,0
97,7,2.366666667
97,8,30.55
97,9,48.16666667
97,10,143.5
97,11,185.3666667
97,12,384.7666667
97,13,240.1333333
97,14,142.5833333
97,15,191.1666667
97,16,225.9333333
97,17,338.0833333
97,18,223.6166667
97,19,48.88333333
97,20,4.1
97,21,0.033333333
97,22,0
97,23,0
97,24,0
98,1,0
98,2,0
98,3,0
98,4,0
98,5,0
98,6,0
98,7,2.15
98,8,40.56666667
98,9,107.3166667
98,10,117.1166667
98,11,112.35
98,12,100.6666667
98,13,79.36666667
98,14,133.5666667
98,15,113.7166667
98,16,116.0833333
98,17,90.63333333
98,18,54.58333333
98,19,34.96666667
98,20,14.83333333
98,21,0.166666667
98,22,0
98,23,0
98,24,0
99,1,0
99,2,0
99,3,0
99,4,0
99,5,0
99,6,0
99,7,3.083333333
99,8,28.85
99,9,39.85
99,10,59.26666667
99,11,73.08333333
99,12,59.45
99,13,96.41666667
99,14,132.6833333
99,15,222.7
99,16,402.6
99,17,75.1
99,18,108.3833333
99,19,87.08333333
99,20,28.21666667
99,21,1.4
99,22,0
99,23,0
99,24,0
100,1,0
100,2,0
100,3,0
100,4,0
100,5,0
100,6,0
100,7,3.95
100,8,28.08333333
100,9,73.75
100,10,103.8
100,11,121.35
100,12,220.0666667
100,13,267.7666667
100,14,307.3166667
100,15,363.4833333
100,16,347.2666667
100,17,218.3833333
100,18,115.9666667
100,19,45.01666667
100,20,12.13333333
100,21,0.5
100,22,0
100,23,0
100,24,0
101,1,0
101,2,0
101,3,0
101,4,0
101,5,0
101,6,0
101,7,2.05
101,8,15.53333333
101,9,89.68333333
101,10,193.2333333
101,11,355.6666667
101,12,343.2833333
101,13,309.9166667
101,14,187.9333333
101,15,162.05
101,16,110.2
101,17,101.5333333
101,18,34.43333333
101,19,12.8
101,20,7.75
101,21,0.316666667
101,22,0
101,23,0
101,24,0
102,1,0
102,2,0
102,3,0
102,4,0
102,5,0
102,6,0
102,7,3.2
102,8,17.28333333
102,9,46.85
102,10,56.3
102,11,73.71666667
102,12,143.25
102,13,170.75
102,14,310.8666667
102,15,359.0166667
102,16,136.4
102,17,148.2
102,18,133.3166667
102,19,55.18333333
102,20,22.86666667
102,21,0.65
102,22,0
102,23,0
102,24,0
103,1,0
103,2,0
103,3,0
103,4,0
103,5,0
103,6,0
103,7,19.95
103,8,120.6833333
103,9,135.15
103,10,98.18333333
103,11,151
103,12,159.7833333
103,13,185.7666667
103,14,138.3666667
103,15,95.26666667
103,16,72.26666667
103,17,38.11666667
103,18,15.7
103,19,13.63333333
103,20,9.683333333
103,21,1
103,22,0
103,23,0
103,24,0
104,1,0
104,2,0
104,3,0
104,4,0
104,5,0
104,6,0
104,7,2.4
104,8,16.46666667
104,9,29.21666667
104,10,35.58333333
104,11,41.68333333
104,12,58.58333333
104,13,63.65
104,14,63.46666667
104,15,65.6
104,16,174.4333333
104,17,92.13333333
104,18,50.31666667
104,19,17.05
104,20,3.4
104,21,0.1
104,22,0
104,23,0
104,24,0
105,1,0
105,2,0
105,3,0
105,4,0
105,5,0
105,6,0
105,7,4.05
105,8,21.83333333
105,9,36.08333333
105,10,68.96666667
105,11,130.2
105,12,369.2333333
105,13,654.8166667
105,14,637.15
105,15,655.0166667
105,16,586.4
105,17,463.9666667
105,18,354.6833333
105,19,208.6
105,20,72.55
105,21,2.883333333
105,22,0
105,23,0
105,24,0
106,1,0
106,2,0
106,3,0
106,4,0
106,5,0
106,6,0.033333333
106,7,2.483333333
106,8,11.78333333
106,9,39.53333333
106,10,45.53333333
106,11,168.15
106,12,508.1333333
106,13,474.5166667
106,14,637.95
106,15,474.15
106,16,318.9666667
106,17,343.05
106,18,321.4666667
106,19,170.25
106,20,57.06666667
106,21,5.633333333
106,22,0
106,23,0
106,24,0
107,1,0
107,2,0
107,3,0
107,4,0
107,5,0
107,6,0.116666667
107,7,16.83333333
107,8,87.1
107,9,134.0333333
107,10,278.8333333
107,11,291.6333333
107,12,331.2166667
107,13,457.2333333
107,14,427
107,15,477.2666667
107,16,426.2833333
107,17,327.6
107,18,349.1833333
107,19,196.0666667
107,20,83.31666667
107,21,5.966666667
107,22,0
107,23,0
107,24,0
108,1,0
108,2,0
108,3,0
108,4,0
108,5,0
108,6,0.066666667
108,7,10.5
108,8,41.76666667
108,9,92.1
108,10,177.7666667
108,11,192.4333333
108,12,195.0666667
108,13,150.4333333
108,14,206.8166667
108,15,131.75
108,16,67.4
108,17,54.93333333
108,18,38.01666667
108,19,27.13333333
108,20,7.633333333
108,21,0.383333333
108,22,0
108,23,0
108,24,0
109,1,0
109,2,0
109,3,0
109,4,0
109,5,0
109,6,0.233333333
109,7,11.05
109,8,44.18333333
109,9,80.63333333
109,10,81.95
109,11,89.11666667
109,12,162.15
109,13,69.96666667
109,14,76.53333333
109,15,124.2833333
109,16,102.1833333
109,17,65.73333333
109,18,29.41666667
109,19,14.71666667
109,20,5.933333333
109,21,0.6
109,22,0
109,23,0
109,24,0
110,1,0
110,2,0
110,3,0
110,4,0
110,5,0
110,6,0.116666667
110,7,24.05
110,8,91.06666667
110,9,160.6666667
110,10,288.0333333
110,11,548.4833333
110,12,636.3333333
110,13,650.3166667
110,14,652.6333333
110,15,394.95
110,16,441.5333333
110,17,202.7833333
110,18,88.15
110,19,91.45
110,20,33.68333333
110,21,3.266666667
110,22,0
110,23,0
110,24,0
111,1,0
111,2,0
111,3,0
111,4,0
111,5,0
111,6,0.683333333
111,7,32.46666667
111,8,160.9166667
111,9,276.85
111,10,435.9
111,11,552.3333333
111,12,642.5666667
111,13,677.3
111,14,601.4333333
111,15,550.4166667
111,16,275.2166667
111,17,392.3166667
111,18,185.2333333
111,19,235.4
111,20,88.21666667
111,21,9.1
111,22,0
111,23,0
111,24,0
112,1,0
112,2,0
112,3,0
112,4,0
112,5,0
112,6,1.15
112,7,41.08333333
112,8,192.9
112,9,313.2
112,10,447.9833333
112,11,567.4
112,12,662.3166667
112,13,711.0833333
112,14,719.75
112,15,687.8666667
112,16,614.6666667
112,17,515.85
112,18,349.6833333
112,19,125.15
112,20,58.68333333
112,21,10.61666667
112,22,0
112,23,0
112,24,0
113,1,0
113,2,0
113,3,0
113,4,0
113,5,0
113,6,1.5
113,7,36.66666667
113,8,173.5166667
113,9,316.4333333
113,10,453.3833333
113,11,575.1833333
113,12,664.2333333
113,13,717.6666667
113,14,730.6666667
113,15,696.85
113,16,623.1666667
113,17,515.9333333
113,18,386.6166667
113,19,244.55
113,20,107.9
113,21,14.18333333
113,22,0
113,23,0
113,24,0
114,1,0
114,2,0
114,3,0
114,4,0
114,5,0
114,6,2.25
114,7,47.63333333
114,8,183.85
114,9,331.6833333
114,10,478.1166667
114,11,549.3333333
114,12,615.4833333
114,13,715.7166667
114,14,717.7166667
114,15,688.4333333
114,16,614.8166667
114,17,470.35
114,18,290.6
114,19,177.3833333
114,20,110.6666667
114,21,15.68333333
114,22,0
114,23,0
114,24,0
115,1,0
115,2,0
115,3,0
115,4,0
115,5,0
115,6,2.25
115,7,47.63333333
115,8,183.85
115,9,331.6833333
115,10,478.1166667
115,11,549.3333333
115,12,615.4833333
115,13,715.7166667
115,14,717.7166667
115,15,688.4333333
115,16,614.8166667
115,17,470.35
115,18,290.6
115,19,177.3833333
115,20,110.6666667
115,21,15.68333333
115,22,0
115,23,0
115,24,0
116,1,0
116,2,0
116,3,0
116,4,0
116,5,0
116,6,3.5
116,7,54.3
116,8,193.0333333
116,9,336
116,10,469.1
116,11,581.95
116,12,664.9
116,13,712.95
116,14,716.45
116,15,676.6333333
116,16,600.7
116,17,543.8333333
116,18,403.6333333
116,19,253.15
116,20,115.2333333
116,21,18.4
116,22,0
116,23,0
116,24,0
117,1,0
117,2,0
117,3,0
117,4,0
117,5,0
117,6,2.65
117,7,51.75
117,8,197.5666667
117,9,341.9666667
117,10,481.0666667
117,11,593.1166667
117,12,677.3833333
117,13,727.0833333
117,14,735.0333333
117,15,703.85
117,16,628
117,17,523.3166667
117,18,397.8833333
117,19,259.3666667
117,20,123.7833333
117,21,20.5
117,22,0
117,23,0
117,24,0
118,1,0
118,2,0
118,3,0
118,4,0
118,5,0
118,6,3.866666667
118,7,38.15
118,8,140.5833333
118,9,312.4333333
118,10,451.6
118,11,546.5833333
118,12,640.1333333
118,13,689.1166667
118,14,740.4
118,15,734.1333333
118,16,578.65
118,17,518.6166667
118,18,362.3833333
118,19,250.05
118,20,115.45
118,21,18.48333333
118,22,0
118,23,0
118,24,0
119,1,0
119,2,0
119,3,0
119,4,0
119,5,0
119,6,4.45
119,7,61.66666667
119,8,193.35
119,9,333.6333333
119,10,461.2166667
119,11,574.7833333
119,12,673.9
119,13,532.9833333
119,14,729.1833333
119,15,689.6166667
119,16,624.1666667
119,17,496.3666667
119,18,398.3666667
119,19,238.45
119,20,114.9166667
119,21,19.31666667
119,22,0
119,23,0
119,24,0
120,1,0
120,2,0
120,3,0
120,4,0
120,5,0
120,6,4.483333333
120,7,59.66666667
120,8,189.35
120,9,325.4666667
120,10,459.4
120,11,577.1833333
120,12,660.95
120,13,712.0666667
120,14,701.3333333
120,15,689.2166667
120,16,612.1333333
120,17,507.8
120,18,376.95
120,19,242.0833333
120,20,113.7166667
120,21,22.11666667
120,22,0
120,23,0
120,24,0
121,1,0
121,2,0
121,3,0
121,4,0
121,5,0
121,6,5.633333333
121,7,64.03333333
121,8,194.5
121,9,335.75
121,10,463.8166667
121,11,587.3
121,12,649.2666667
121,13,664.05
121,14,679.1666667
121,15,442.4333333
121,16,270.4666667
121,17,173.2166667
121,18,117.6
121,19,67.38333333
121,20,33.78333333
121,21,7.133333333
121,22,0
121,23,0
121,24,0
122,1,0
122,2,0
122,3,0
122,4,0
122,5,0
122,6,3.966666667
122,7,46.35
122,8,113.5833333
122,9,130.25
122,10,266.3333333
122,11,499.5666667
122,12,562.65
122,13,506.3666667
122,14,319
122,15,301.5833333
122,16,294.6833333
122,17,205.55
122,18,139.1166667
122,19,55.21666667
122,20,53.8
122,21,24.41666667
122,22,0.083333333
122,23,0
122,24,0
123,1,0
123,2,0
123,3,0
123,4,0
123,5,0
123,6,1.666666667
123,7,17.65
123,8,26.23333333
123,9,101.9666667
123,10,194.8833333
123,11,155.6833333
123,12,331.15
123,13,409.05
123,14,518.5333333
123,15,592.2166667
123,16,602.5333333
123,17,448.2333333
123,18,275.9333333
123,19,197.5833333
123,20,79.71666667
123,21,23.01666667
123,22,0.85
123,23,0
123,24,0
124,1,0
124,2,0
124,3,0
124,4,0
124,5,0
124,6,7.833333333
124,7,77.58333333
124,8,215.6666667
124,9,350.7833333
124,10,477.7166667
124,11,588.3
124,12,659.8333333
124,13,688.7
124,14,606.4333333
124,15,684
124,16,569.7166667
124,17,318.2166667
124,18,305.2666667
124,19,249.3833333
124,20,72.56666667
124,21,7.083333333
124,22,0.133333333
124,23,0
124,24,0
125,1,0
125,2,0
125,3,0
125,4,0
125,5,0
125,6,7.116666667
125,7,97.85
125,8,251.3333333
125,9,347.5
125,10,480.5833333
125,11,600.9166667
125,12,663.3
125,13,457.8833333
125,14,582.45
125,15,629.8166667
125,16,684.4333333
125,17,238.8666667
125,18,15.35
125,19,141.8666667
125,20,135.4
125,21,18.3
125,22,0.716666667
125,23,0
125,24,0
126,1,0
126,2,0
126,3,0
126,4,0
126,5,0
126,6,11.85
126,7,82.35
126,8,225.8666667
126,9,355.1
126,10,497.1166667
126,11,261.5
126,12,66.03333333
126,13,170.4833333
126,14,319.1833333
126,15,185.7666667
126,16,283.6166667
126,17,422.1
126,18,442.6666667
126,19,298.7
126,20,157.5333333
126,21,41.63333333
126,22,1.033333333
126,23,0
126,24,0
127,1,0
127,2,0
127,3,0
127,4,0
127,5,0
127,6,8.866666667
127,7,40.78333333
127,8,87.56666667
127,9,153.9833333
127,10,315.1333333
127,11,643.1
127,12,762.75
127,13,763.3833333
127,14,785.3
127,15,751.7666667
127,16,680.2833333
127,17,576.2166667
127,18,449.6833333
127,19,302.3833333
127,20,160.45
127,21,41.6
127,22,1.35
127,23,0
127,24,0
128,1,0
128,2,0
128,3,0
128,4,0
128,5,0
128,6,2.166666667
128,7,11.18333333
128,8,32.61666667
128,9,64.58333333
128,10,176.2
128,11,276.9166667
128,12,340.4166667
128,13,327.2166667
128,14,358.1833333
128,15,397.5333333
128,16,254.85
128,17,140.8833333
128,18,165
128,19,66.15
128,20,65.01666667
128,21,10.03333333
128,22,0.283333333
128,23,0
128,24,0
129,1,0
129,2,0
129,3,0
129,4,0
129,5,0
129,6,7.633333333
129,7,37.78333333
129,8,77.9
129,9,126.7
129,10,198.65
129,11,332.0333333
129,12,392.1666667
129,13,263.0333333
129,14,330.8166667
129,15,113.2
129,16,186.8333333
129,17,220.0833333
129,18,178.2833333
129,19,186.35
129,20,140.85
129,21,46.45
129,22,3.133333333
129,23,0
129,24,0
130,1,0
130,2,0
130,3,0
130,4,0
130,5,0.066666667
130,6,21.53333333
130,7,84.11666667
130,8,224.4166667
130,9,363.3666667
130,10,447.2333333
130,11,489.8666667
130,12,468.9
130,13,660.1666667
130,14,440.1333333
130,15,225.6666667
130,16,150.9833333
130,17,140.3833333
130,18,173.3
130,19,61.86666667
130,20,41.78333333
130,21,44.2
130,22,1.183333333
130,23,0
130,24,0
131,1,0
131,2,0
131,3,0
131,4,0
131,5,0.083333333
131,6,17.55
131,7,92.03333333
131,8,176.1
131,9,351.8
131,10,463.8833333
131,11,563.0666667
131,12,641.3
131,13,678.2833333
131,14,685.5166667
131,15,486.35
131,16,262.4166667
131,17,311.45
131,18,204.6666667
131,19,128.9
131,20,47.71666667
131,21,31.96666667
131,22,2.35
131,23,0
131,24,0
132,1,0
132,2,0
132,3,0
132,4,0
132,5,0.083333333
132,6,15.51666667
132,7,91.13333333
132,8,232.8
132,9,366.4166667
132,10,521.1666667
132,11,625.6666667
132,12,720.9
132,13,760.6833333
132,14,767.1833333
132,15,733.4333333
132,16,660.45
132,17,563.9333333
132,18,439.6666667
132,19,303.2
132,20,168.05
132,21,56.71666667
132,22,2.866666667
132,23,0
132,24,0
133,1,0
133,2,0
133,3,0
133,4,0
133,5,0.8
133,6,30.75
133,7,148.8333333
133,8,277.1833333
133,9,317.1833333
133,10,468.5833333
133,11,332.7666667
133,12,190.2333333
133,13,158.3
133,14,60.78333333
133,15,76.2
133,16,108.8166667
133,17,118.0833333
133,18,72.45
133,19,48.75
133,20,119.2166667
133,21,29.08333333
133,22,4.1
133,23,0
133,24,0
134,1,0
134,2,0
134,3,0
134,4,0
134,5,0.65
134,6,23.43333333
134,7,132.15
134,8,260.3
134,9,409.8833333
134,10,560.2166667
134,11,581.8333333
134,12,461.95
134,13,624.0333333
134,14,562.2
134,15,594.1833333
134,16,519.3666667
134,17,265.7
134,18,277.9
134,19,201.2833333
134,20,109.8
134,21,37.95
134,22,3.716666667
134,23,0
134,24,0
135,1,0
135,2,0
135,3,0
135,4,0
135,5,0.633333333
135,6,25.91666667
135,7,138.5166667
135,8,274.65
135,9,419.6
135,10,450.6166667
135,11,421.6166667
135,12,514.9666667
135,13,451.9666667
135,14,695.35
135,15,432.8166667
135,16,402.4666667
135,17,194.2
135,18,179.9666667
135,19,219.0666667
135,20,81.8
135,21,29.6
135,22,2.683333333
135,23,0
135,24,0
136,1,0
136,2,0
136,3,0
136,4,0
136,5,1.5
136,6,29.71666667
136,7,132.15
136,8,269.4166667
136,9,388.9333333
136,10,547.55
136,11,695.6666667
136,12,335
136,13,324.1
136,14,546.1166667
136,15,648.35
136,16,251.5833333
136,17,463.8
136,18,382.7333333
136,19,234.85
136,20,77.36666667
136,21,49.83333333
136,22,4.516666667
136,23,0
136,24,0
137,1,0
137,2,0
137,3,0
137,4,0
137,5,0.616666667
137,6,28.71666667
137,7,84.55
137,8,248.2333333
137,9,329.4333333
137,10,459
137,11,497.1666667
137,12,432.8833333
137,13,475.6833333
137,14,261.05
137,15,345.9833333
137,16,299.05
137,17,224.4166667
137,18,225.8833333
137,19,106.3833333
137,20,62.71666667
137,21,42.3
137,22,3.416666667
137,23,0
137,24,0
138,1,0
138,2,0
138,3,0
138,4,0
138,5,0.383333333
138,6,10.31666667
138,7,27.15
138,8,145.2166667
138,9,318.2833333
138,10,297.15
138,11,496.0166667
138,12,398.1666667
138,13,427.1333333
138,14,293.5833333
138,15,510.8333333
138,16,726.3
138,17,245.7333333
138,18,87.53333333
138,19,224.2
138,20,120.9
138,21,50.15
138,22,7.316666667
138,23,0
138,24,0
139,1,0
139,2,0
139,3,0
139,4,0
139,5,0.2
139,6,6.6
139,7,46.03333333
139,8,37.35
139,9,15.58333333
139,10,73.81666667
139,11,81.05
139,12,86.35
139,13,100.55
139,14,100.4666667
139,15,152.1166667
139,16,125.15
139,17,109.1
139,18,96.85
139,19,109.7333333
139,20,45.96666667
139,21,22.21666667
139,22,5.383333333
139,23,0.016666667
139,24,0
140,1,0
140,2,0
140,3,0
140,4,0
140,5,1.183333333
140,6,34.63333333
140,7,68.48333333
140,8,219.9833333
140,9,327.3333333
140,10,382.85
140,11,370.85
140,12,515.5166667
140,13,430.4
140,14,647.95
140,15,595.65
140,16,649.9166667
140,17,599.6166667
140,18,436.0166667
140,19,202.5666667
140,20,68.23333333
140,21,41.56666667
140,22,3.5
140,23,0
140,24,0
141,1,0
141,2,0
141,3,0
141,4,0
141,5,1.05
141,6,18.15
141,7,37.08333333
141,8,36.03333333
141,9,142.25
141,10,267.9666667
141,11,190.7666667
141,12,117.5
141,13,158.2
141,14,649.5666667
141,15,736
141,16,387.7166667
141,17,587.75
141,18,443.2333333
141,19,320.2166667
141,20,122.6333333
141,21,78.26666667
141,22,7.65
141,23,0
141,24,0
142,1,0
142,2,0
142,3,0
142,4,0
142,5,2.333333333
142,6,38.28333333
142,7,151.9333333
142,8,287.1166667
142,9,431.6666667
142,10,565.6833333
142,11,688.8833333
142,12,787.65
142,13,688.2166667
142,14,845.9333333
142,15,728.0333333
142,16,690.95
142,17,616.2833333
142,18,492.6833333
142,19,354.5333333
142,20,215.6833333
142,21,86.06666667
142,22,10.36666667
142,23,0
142,24,0
143,1,0
143,2,0
143,3,0
143,4,0
143,5,2.55
143,6,40.91666667
143,7,157.6
143,8,290.6333333
143,9,435.2666667
143,10,490.7
143,11,607.1833333
143,12,605.7666667
143,13,659.1833333
143,14,742.5333333
143,15,774.95
143,16,668.4166667
143,17,563.6666667
143,18,350.85
143,19,321.65
143,20,209.6166667
143,21,47.2
143,22,8.016666667
143,23,0
143,24,0
144,1,0
144,2,0
144,3,0
144,4,0
144,5,2.583333333
144,6,43.46666667
144,7,163.1166667
144,8,297.5666667
144,9,434.8
144,10,565.9833333
144,11,677.8833333
144,12,761.4666667
144,13,803.7166667
144,14,800.8166667
144,15,776.0833333
144,16,699.3166667
144,17,522.3833333
144,18,405.3666667
144,19,315.4666667
144,20,160.35
144,21,71.13333333
144,22,18.88333333
144,23,0.316666667
144,24,0
145,1,0
145,2,0
145,3,0
145,4,0
145,5,5.866666667
145,6,56.03333333
145,7,156.45
145,8,262.0833333
145,9,420.9
145,10,554.1166667
145,11,663.0833333
145,12,729.7666667
145,13,812.8833333
145,14,768.8
145,15,742.7666667
145,16,687.5333333
145,17,585.3666667
145,18,472.1333333
145,19,346.6833333
145,20,204.2833333
145,21,100.2666667
145,22,15.41666667
145,23,0
145,24,0
146,1,0
146,2,0
146,3,0
146,4,0
146,5,5.616666667
146,6,54.33333333
146,7,172.2666667
146,8,229.6166667
146,9,387.15
146,10,473.65
146,11,649.1166667
146,12,774.55
146,13,819.9333333
146,14,827.5833333
146,15,797.15
146,16,724.6333333
146,17,617.8666667
146,18,497.8166667
146,19,361.8833333
146,20,221.7333333
146,21,98.23333333
146,22,14.91666667
146,23,0
146,24,0
147,1,0
147,2,0
147,3,0
147,4,0
147,5,3.816666667
147,6,53.71666667
147,7,171.9
147,8,307.7833333
147,9,448.1333333
147,10,578.6666667
147,11,686.15
147,12,769.0333333
147,13,809.9333333
147,14,816.05
147,15,779.8666667
147,16,699.1666667
147,17,602.7833333
147,18,407.7666667
147,19,327.7666667
147,20,155.6833333
147,21,50.48333333
147,22,7.75
147,23,0
147,24,0
148,1,0
148,2,0
148,3,0
148,4,0
148,5,2.883333333
148,6,41.93333333
148,7,140.45
148,8,256.6833333
148,9,297.6833333
148,10,525.4333333
148,11,663.3666667
148,12,454.55
148,13,368.15
148,14,695.95
148,15,738.0166667
148,16,711.1666667
148,17,576.8833333
148,18,341.1166667
148,19,312.15
148,20,98.78333333
148,21,24.93333333
148,22,3.066666667
148,23,0
148,24,0
149,1,0
149,2,0
149,3,0
149,4,0
149,5,4.116666667
149,6,55.8
149,7,175.4333333
149,8,307.1166667
149,9,426.3166667
149,10,547.45
149,11,553.5333333
149,12,747.5833333
149,13,789.95
149,14,712.1333333
149,15,661.85
149,16,545.6833333
149,17,559.3666667
149,18,605.1833333
149,19,264.8333333
149,20,166.9333333
149,21,60.41666667
149,22,20.41666667
149,23,0.266666667
149,24,0
150,1,0
150,2,0
150,3,0
150,4,0
150,5,3.133333333
150,6,58.1
150,7,184.1666667
150,8,319.6166667
150,9,458.8333333
150,10,585.7666667
150,11,692.3666667
150,12,772.2666667
150,13,784.95
150,14,581.1833333
150,15,670.1
150,16,489.95
150,17,427.5
150,18,297.95
150,19,343.2833333
150,20,231.5833333
150,21,110.45
150,22,20.5
150,23,0.05
150,24,0
151,1,0
151,2,0
151,3,0
151,4,0
151,5,4.483333333
151,6,59.13333333
151,7,181.2666667
151,8,324.3666667
151,9,457.6
151,10,577.3333333
151,11,684.8
151,12,755.1333333
151,13,806.9333333
151,14,836.45
151,15,618.4333333
151,16,705.4833333
151,17,601.0666667
151,18,499.4666667
151,19,296.9333333
151,20,196.7833333
151,21,91.75
151,22,11.46666667
151,23,0
151,24,0
152,1,0
152,2,0
152,3,0
152,4,0
152,5,8.45
152,6,56.78333333
152,7,166.5
152,8,327.2666667
152,9,431.1166667
152,10,508.4
152,11,672.9833333
152,12,752.3166667
152,13,804.4666667
152,14,817.6166667
152,15,795.9833333
152,16,717.3
152,17,596.9333333
152,18,505.1833333
152,19,365.2833333
152,20,218.8333333
152,21,121.35
152,22,23.46666667
152,23,0.083333333
152,24,0
153,1,0
153,2,0
153,3,0
153,4,0
153,5,4.866666667
153,6,54.95
153,7,167.15
153,8,312.3333333
153,9,450.2333333
153,10,579.35
153,11,690.3666667
153,12,765.0666667
153,13,816.1166667
153,14,818.65
153,15,783.2166667
153,16,723.2833333
153,17,627.0166667
153,18,496.2833333
153,19,356.6166667
153,20,243.6
153,21,66.06666667
153,22,22.75
153,23,0.116666667
153,24,0
154,1,0
154,2,0
154,3,0
154,4,0
154,5,2.85
154,6,30.93333333
154,7,75.05
154,8,232.1666667
154,9,312.6833333
154,10,426.9666667
154,11,550.2
154,12,531.8833333
154,13,514.35
154,14,637.5
154,15,615.6666667
154,16,514.6166667
154,17,309.7333333
154,18,353.4166667
154,19,188.1833333
154,20,42.38333333
154,21,90.58333333
154,22,26.16666667
154,23,0.533333333
154,24,0
155,1,0
155,2,0
155,3,0
155,4,0
155,5,5.3
155,6,18.83333333
155,7,31.96666667
155,8,87.56666667
155,9,102.7666667
155,10,245.1333333
155,11,582.15
155,12,507.4666667
155,13,458.75
155,14,598.75
155,15,626.5333333
155,16,615.1833333
155,17,561.6333333
155,18,445.75
155,19,362.6166667
155,20,230.3
155,21,108.3333333
155,22,17.36666667
155,23,0.35
155,24,0
156,1,0
156,2,0
156,3,0
156,4,0
156,5,6.966666667
156,6,67.7
156,7,185.9833333
156,8,319.95
156,9,456.2
156,10,581.9833333
156,11,692.3
156,12,773.3
156,13,818.2833333
156,14,826.35
156,15,797.0333333
156,16,722.65
156,17,630.4666667
156,18,516.25
156,19,381.45
156,20,246.4166667
156,21,120.9833333
156,22,27.8
156,23,0.333333333
156,24,0
157,1,0
157,2,0
157,3,0
157,4,0
157,5,7.083333333
157,6,69.68333333
157,7,179.5333333
157,8,313.75
157,9,447.1333333
157,10,579.0666667
157,11,690.65
157,12,765.7666667
157,13,811.4833333
157,14,820.2166667
157,15,769.4
157,16,696.6
157,17,614.8
157,18,494.9
157,19,373.2166667
157,20,237.8666667
157,21,114.4
157,22,25.61666667
157,23,0.233333333
157,24,0
158,1,0
158,2,0
158,3,0
158,4,0
158,5,8.15
158,6,63.63333333
158,7,178.4666667
158,8,262.6166667
158,9,449.5333333
158,10,570.15
158,11,677.0166667
158,12,749.4
158,13,790.9
158,14,796.9
158,15,766.3833333
158,16,685.75
158,17,595.4333333
158,18,467.45
158,19,365.85
158,20,163.9666667
158,21,71.33333333
158,22,28.13333333
158,23,0.666666667
158,24,0
159,1,0
159,2,0
159,3,0
159,4,0
159,5,9.616666667
159,6,53.43333333
159,7,89.73333333
159,8,168.8833333
159,9,378.1666667
159,10,518.55
159,11,674.4333333
159,12,596.25
159,13,659.7
159,14,693.6333333
159,15,615.9333333
159,16,762.4833333
159,17,572.45
159,18,460.4333333
159,19,384.7833333
159,20,246.7
159,21,119.2833333
159,22,18.78333333
159,23,1.416666667
159,24,0
160,1,0
160,2,0
160,3,0
160,4,0
160,5,7.5
160,6,68.93333333
160,7,169.6666667
160,8,327.9
160,9,445.5833333
160,10,542.1666667
160,11,679.4
160,12,762.3666667
160,13,805.3666667
160,14,804.6666667
160,15,787.3166667
160,16,726.4833333
160,17,568.6
160,18,457.8333333
160,19,352.8833333
160,20,237.3
160,21,105.0166667
160,22,29.91666667
160,23,0.883333333
160,24,0
161,1,0
161,2,0
161,3,0
161,4,0
161,5,3.233333333
161,6,34.31666667
161,7,86.75
161,8,221.2166667
161,9,336.75
161,10,497.9333333
161,11,664.0666667
161,12,705.2833333
161,13,622.7166667
161,14,548.9166667
161,15,779.55
161,16,707.9
161,17,605.9
161,18,540.8333333
161,19,358.3666667
161,20,245.9666667
161,21,124.65
161,22,38.71666667
161,23,0.733333333
161,24,0
162,1,0
162,2,0
162,3,0
162,4,0
162,5,17.81666667
162,6,71.56666667
162,7,160.1
162,8,282.6833333
162,9,365.1333333
162,10,437.5833333
162,11,475.3666667
162,12,418.7833333
162,13,511.2
162,14,441.0833333
162,15,459.1333333
162,16,454.0333333
162,17,354.5
162,18,286.85
162,19,129.7166667
162,20,78.53333333
162,21,51.91666667
162,22,11.78333333
162,23,0.5
162,24,0
163,1,0
163,2,0
163,3,0
163,4,0.05
163,5,14.75
163,6,92.43333333
163,7,196.6666667
163,8,318.55
163,9,458.5166667
163,10,378.9833333
163,11,569.9333333
163,12,621.3166667
163,13,402.3333333
163,14,426.3
163,15,601.2833333
163,16,373.5333333
163,17,598.5166667
163,18,421.4666667
163,19,244.6333333
163,20,52.1
163,21,10.96666667
163,22,2.116666667
163,23,0.65
163,24,0
164,1,0
164,2,0
164,3,0
164,4,0
164,5,8.383333333
164,6,38.65
164,7,172.8333333
164,8,129.3833333
164,9,120.15
164,10,81.38333333
164,11,468.9166667
164,12,160.4833333
164,13,776.0166667
164,14,415.4666667
164,15,730.4
164,16,466.6666667
164,17,636.5
164,18,487.0166667
164,19,398.4833333
164,20,238.1333333
164,21,67.73333333
164,22,19.93333333
164,23,1.1
164,24,0
165,1,0
165,2,0
165,3,0
165,4,0
165,5,6.5
165,6,49.21666667
165,7,189.2833333
165,8,328.2
165,9,454.0333333
165,10,541.5666667
165,11,388.0666667
165,12,665.45
165,13,423.7
165,14,442.7
165,15,473.1333333
165,16,436.6833333
165,17,356.0833333
165,18,396.0166667
165,19,168.2166667
165,20,129.3333333
165,21,50.4
165,22,12.43333333
165,23,0.8
165,24,0
166,1,0
166,2,0
166,3,0
166,4,0
166,5,11.63333333
166,6,72.95
166,7,185.9333333
166,8,264.25
166,9,297.85
166,10,469.0666667
166,11,207.75
166,12,139.15
166,13,131.75
166,14,181.1
166,15,139.35
166,16,204.7166667
166,17,105.85
166,18,68.88333333
166,19,33.63333333
166,20,21.98333333
166,21,7.016666667
166,22,2.083333333
166,23,0.333333333
166,24,0
167,1,0
167,2,0
167,3,0
167,4,0.133333333
167,5,4.066666667
167,6,21.5
167,7,109.6333333
167,8,269.1
167,9,307.6833333
167,10,434.8333333
167,11,550.7
167,12,600.2666667
167,13,656.2833333
167,14,816.1
167,15,777.7666667
167,16,676.7833333
167,17,439.75
167,18,429.9833333
167,19,375.8833333
167,20,252.8666667
167,21,128.6333333
167,22,36.41666667
167,23,0.666666667
167,24,0
168,1,0
168,2,0
168,3,0
168,4,0
168,5,3.8
168,6,20.45
168,7,58.28333333
168,8,138.2
168,9,244.5833333
168,10,205.7
168,11,433.3333333
168,12,644.8166667
168,13,744.2166667
168,14,425.3666667
168,15,788.65
168,16,274.8166667
168,17,533.3166667
168,18,528.65
168,19,300.1
168,20,64.26666667
168,21,68.2
168,22,40.2
168,23,1.3
168,24,0
169,1,0
169,2,0
169,3,0
169,4,0.066666667
169,5,10.13333333
169,6,54.65
169,7,160.45
169,8,302.7833333
169,9,407.4833333
169,10,528.4833333
169,11,457.7833333
169,12,177.9166667
169,13,625.7166667
169,14,165.05
169,15,113.2333333
169,16,55.35
169,17,128.9666667
169,18,148.6666667
169,19,73.51666667
169,20,51.95
169,21,21
169,22,3.2
169,23,0.783333333
169,24,0
170,1,0
170,2,0
170,3,0
170,4,0
170,5,2.65
170,6,12.7
170,7,33.55
170,8,50.83333333
170,9,43.05
170,10,55.06666667
170,11,88.26666667
170,12,90.6
170,13,211.4166667
170,14,389.1833333
170,15,676.3666667
170,16,711.9833333
170,17,638.45
170,18,536.9166667
170,19,404.6166667
170,20,168.4
170,21,79.01666667
170,22,26.71666667
170,23,2.733333333
170,24,0
171,1,0
171,2,0
171,3,0
171,4,0
171,5,7.083333333
171,6,50.9
171,7,146.1
171,8,173.2833333
171,9,441.85
171,10,569.0666667
171,11,677.15
171,12,759.75
171,13,727.65
171,14,612.8666667
171,15,563.75
171,16,720.5666667
171,17,632.4166667
171,18,385.2166667
171,19,152.95
171,20,104.15
171,21,58.01666667
171,22,16.98333333
171,23,1.15
171,24,0
172,1,0
172,2,0
172,3,0
172,4,0
172,5,6.383333333
172,6,33.26666667
172,7,48.76666667
172,8,85.16666667
172,9,160.85
172,10,234.65
172,11,436.4166667
172,12,509.35
172,13,537.9166667
172,14,345.3833333
172,15,288.7166667
172,16,221.5666667
172,17,136.2833333
172,18,97.58333333
172,19,15.65
172,20,37.11666667
172,21,19.48333333
172,22,7.2
172,23,0.883333333
172,24,0
173,1,0
173,2,0
173,3,0
173,4,0
173,5,5
173,6,52.1
173,7,105.1666667
173,8,191.4166667
173,9,237.0833333
173,10,284.7
173,11,533.9666667
173,12,682.1333333
173,13,371.1333333
173,14,724.0666667
173,15,530.2
173,16,523.7666667
173,17,492.8833333
173,18,346.3333333
173,19,131.55
173,20,129.4
173,21,84.98333333
173,22,29.73333333
173,23,0.35
173,24,0
174,1,0
174,2,0
174,3,0
174,4,0
174,5,7.883333333
174,6,76.06666667
174,7,169.5
174,8,206.6
174,9,154.7
174,10,396.7166667
174,11,457.6166667
174,12,527.3666667
174,13,781.8
174,14,674.25
174,15,741
174,16,686.75
174,17,625.1333333
174,18,530.25
174,19,386.2166667
174,20,247.5666667
174,21,104.2
174,22,43.53333333
174,23,1.5
174,24,0
175,1,0
175,2,0
175,3,0
175,4,0
175,5,8.25
175,6,78.81666667
175,7,192.9
175,8,321.15
175,9,372.6
175,10,432.55
175,11,318.5
175,12,174.9833333
175,13,103.95
175,14,85.93333333
175,15,81.11666667
175,16,121.4833333
175,17,25.13333333
175,18,46.11666667
175,19,89.63333333
175,20,143.9333333
175,21,117.7666667
175,22,36.25
175,23,2.366666667
175,24,0
176,1,0
176,2,0
176,3,0
176,4,0
176,5,4.35
176,6,13.65
176,7,36.96666667
176,8,92.73333333
176,9,327.15
176,10,342.9833333
176,11,312.35
176,12,367.5
176,13,295.95
176,14,295.4666667
176,15,224.75
176,16,229.3666667
176,17,156.8666667
176,18,144.7833333
176,19,107.95
176,20,48.53333333
176,21,21.18333333
176,22,12.35
176,23,2.6
176,24,0
177,1,0
177,2,0
177,3,0
177,4,0
177,5,4.316666667
177,6,41.08333333
177,7,113.0166667
177,8,246.2166667
177,9,433.6333333
177,10,592.6166667
177,11,510.5333333
177,12,493.6166667
177,13,450.25
177,14,749.2833333
177,15,509.1
177,16,307.4666667
177,17,452.8
177,18,518.15
177,19,421.6333333
177,20,269.6666667
177,21,101.8
177,22,26.11666667
177,23,1.65
177,24,0
178,1,0
178,2,0
178,3,0
178,4,0
178,5,7.833333333
178,6,52.5
178,7,101.6
178,8,164
178,9,250.3
178,10,429.3166667
178,11,557.9666667
178,12,343.0833333
178,13,457.4666667
178,14,620.0166667
178,15,607.45
178,16,718.9666667
178,17,477.75
178,18,531.2333333
178,19,398.4666667
178,20,269.2
178,21,142.3666667
178,22,42.93333333
178,23,1.783333333
178,24,0
179,1,0
179,2,0
179,3,0
179,4,0
179,5,10.35
179,6,67.11666667
179,7,149.1666667
179,8,204.9166667
179,9,81.91666667
179,10,82.06666667
179,11,292.4666667
179,12,249.0666667
179,13,505.2833333
179,14,314.0666667
179,15,283.9166667
179,16,368.3166667
179,17,579.0833333
179,18,519.85
179,19,401.35
179,20,264.4833333
179,21,138.5
179,22,43.05
179,23,1.633333333
179,24,0
180,1,0
180,2,0
180,3,0
180,4,0
180,5,8.516666667
180,6,44.93333333
180,7,100
180,8,292.7666667
180,9,381
180,10,581.95
180,11,669.1666667
180,12,604.9833333
180,13,707.7166667
180,14,653.1333333
180,15,482.25
180,16,394.35
180,17,402.75
180,18,424.2333333
180,19,208.7666667
180,20,167.95
180,21,68.6
180,22,14.88333333
180,23,0.95
180,24,0
181,1,0
181,2,0
181,3,0
181,4,0
181,5,2.1
181,6,11.16666667
181,7,46.06666667
181,8,104.8166667
181,9,193
181,10,425.2833333
181,11,514.7
181,12,764.6
181,13,862.9166667
181,14,871.1333333
181,15,822.9833333
181,16,756.1333333
181,17,638.7
181,18,515.9
181,19,414.0333333
181,20,263.9833333
181,21,109.4
181,22,40.58333333
181,23,1.283333333
181,24,0
182,1,0
182,2,0
182,3,0
182,4,0
182,5,4.283333333
182,6,27.78333333
182,7,60.33333333
182,8,115.25
182,9,198.85
182,10,564.0166667
182,11,658.3833333
182,12,688.6333333
182,13,700.9666667
182,14,779.95
182,15,450.9666667
182,16,432.95
182,17,172.8
182,18,173.8166667
182,19,277.3333333
182,20,256.8
182,21,57.63333333
182,22,5.333333333
182,23,1.616666667
182,24,0
183,1,0
183,2,0
183,3,0
183,4,0
183,5,0.6
183,6,15.58333333
183,7,51.05
183,8,107.5333333
183,9,198.6666667
183,10,486.5833333
183,11,495.85
183,12,431.9333333
183,13,774.3166667
183,14,297.7
183,15,338.9
183,16,394.95
183,17,397.25
183,18,251
183,19,247.9333333
183,20,211.4666667
183,21,79.16666667
183,22,44.95
183,23,2.966666667
183,24,0
184,1,0
184,2,0
184,3,0
184,4,0
184,5,5.9
184,6,61.58333333
184,7,171.3166667
184,8,308.1
184,9,420.4833333
184,10,570.1666667
184,11,675.95
184,12,759.4
184,13,817.2666667
184,14,772.7166667
184,15,779.9166667
184,16,734.05
184,17,381.85
184,18,230.2833333
184,19,400.1833333
184,20,241.3166667
184,21,97.76666667
184,22,40.66666667
184,23,1.916666667
184,24,0
185,1,0
185,2,0
185,3,0
185,4,0
185,5,3.35
185,6,41.38333333
185,7,146.6
185,8,199.6166667
185,9,211.7
185,10,552.45
185,11,550.25
185,12,142.4333333
185,13,244.15
185,14,451.5333333
185,15,65.73333333
185,16,175.5666667
185,17,357.1
185,18,218.5333333
185,19,450.75
185,20,274.3
185,21,132.7833333
185,22,36.43333333
185,23,0.633333333
185,24,0
186,1,0
186,2,0
186,3,0
186,4,0
186,5,3.666666667
186,6,23.3
186,7,48.5
186,8,146.9833333
186,9,253.15
186,10,476.9
186,11,584.3166667
186,12,756.7666667
186,13,580
186,14,701.3833333
186,15,563.3166667
186,16,328.6833333
186,17,655.25
186,18,459.8333333
186,19,315.8333333
186,20,184.9833333
186,21,107.5333333
186,22,48.28333333
186,23,5.9
186,24,0
187,1,0
187,2,0
187,3,0
187,4,0
187,5,5.116666667
187,6,29.13333333
187,7,163.6
187,8,297.8166667
187,9,427
187,10,553.2
187,11,602.45
187,12,543.2166667
187,13,339.7
187,14,132.3666667
187,15,623.4666667
187,16,358.7333333
187,17,611.1
187,18,460.4166667
187,19,391.8
187,20,260.2833333
187,21,125.1333333
187,22,34.78333333
187,23,1
187,24,0
188,1,0
188,2,0
188,3,0
188,4,0
188,5,5.3
188,6,45.93333333
188,7,94.6
188,8,199.1166667
188,9,465.1166667
188,10,457.35
188,11,656.65
188,12,533.3166667
188,13,453.4
188,14,597.8833333
188,15,255.3166667
188,16,337.4666667
188,17,442.9666667
188,18,378.9333333
188,19,380.65
188,20,218.6333333
188,21,113.0166667
188,22,28.15
188,23,1.383333333
188,24,0
189,1,0
189,2,0
189,3,0
189,4,0
189,5,5.35
189,6,44.15
189,7,108.6833333
189,8,207.1166667
189,9,379.8333333
189,10,480.8
189,11,594.4833333
189,12,796.8
189,13,709.7833333
189,14,346.2833333
189,15,227.1333333
189,16,145.7333333
189,17,94.3
189,18,104.75
189,19,42.96666667
189,20,38.56666667
189,21,8.116666667
189,22,0.133333333
189,23,0
189,24,0
190,1,0
190,2,0
190,3,0
190,4,0
190,5,4.833333333
190,6,18.18333333
190,7,82.75
190,8,128.4833333
190,9,203.7166667
190,10,168.95
190,11,259.5333333
190,12,243.7666667
190,13,356.9333333
190,14,347.2333333
190,15,333.9833333
190,16,347.45
190,17,222.95
190,18,227.95
190,19,128.2666667
190,20,47.96666667
190,21,68.66666667
190,22,14.38333333
190,23,0
190,24,0
191,1,0
191,2,0
191,3,0
191,4,0
191,5,2.716666667
191,6,33.86666667
191,7,59.48333333
191,8,117.0833333
191,9,195.2333333
191,10,257.0333333
191,11,236.5166667
191,12,548.45
191,13,648.15
191,14,539.4166667
191,15,353.5
191,16,660.3833333
191,17,480.9666667
191,18,402.85
191,19,319.75
191,20,202.6666667
191,21,46.1
191,22,9.216666667
191,23,0.216666667
191,24,0
192,1,0
192,2,0
192,3,0
192,4,0
192,5,3.4
192,6,47.23333333
192,7,131.7833333
192,8,92.88333333
192,9,267.8666667
192,10,444.4666667
192,11,593.3333333
192,12,294.4666667
192,13,537.2333333
192,14,419.2833333
192,15,552.1
192,16,561.2166667
192,17,543.65
192,18,365.6333333
192,19,289.35
192,20,139.1833333
192,21,68.33333333
192,22,40.31666667
192,23,1.65
192,24,0
193,1,0
193,2,0
193,3,0
193,4,0
193,5,5.75
193,6,37.73333333
193,7,81.6
193,8,175.25
193,9,387.0666667
193,10,530.6833333
193,11,662.95
193,12,704.0166667
193,13,549.1166667
193,14,722.6333333
193,15,702.8
193,16,606.9333333
193,17,659.55
193,18,471.65
193,19,357.3833333
193,20,235.6666667
193,21,120.0166667
193,22,31.11666667
193,23,0.75
193,24,0
194,1,0
194,2,0
194,3,0
194,4,0
194,5,3.1
194,6,17.03333333
194,7,33.63333333
194,8,150.4833333
194,9,217.1333333
194,10,259.2166667
194,11,104.7333333
194,12,130.1166667
194,13,189.6833333
194,14,191.35
194,15,413.15
194,16,202.6
194,17,319.5
194,18,361.7166667
194,19,314.8333333
194,20,131.25
194,21,94.38333333
194,22,27.81666667
194,23,0.533333333
194,24,0
195,1,0
195,2,0
195,3,0
195,4,0
195,5,1.833333333
195,6,30.66666667
195,7,90.23333333
195,8,103.2
195,9,149.0666667
195,10,153.6166667
195,11,105.8666667
195,12,130.85
195,13,216.1
195,14,312.1833333
195,15,338.2333333
195,16,582.0166667
195,17,618.8833333
195,18,389.5
195,19,316.7833333
195,20,238.9666667
195,21,123.2166667
195,22,11.71666667
195,23,0
195,24,0
196,1,0
196,2,0
196,3,0
196,4,0
196,5,4.883333333
196,6,46.06666667
196,7,125.95
196,8,247.45
196,9,371.4333333
196,10,178.3833333
196,11,134.1166667
196,12,97.75
196,13,191.0166667
196,14,285.9166667
196,15,146.7833333
196,16,42.88333333
196,17,78.61666667
196,18,77.03333333
196,19,6.95
196,20,14.41666667
196,21,46.56666667
196,22,9.95
196,23,0.366666667
196,24,0
197,1,0
197,2,0
197,3,0
197,4,0
197,5,0.516666667
197,6,13.78333333
197,7,34.91666667
197,8,122.5833333
197,9,321.2333333
197,10,521.35
197,11,657.8833333
197,12,695.15
197,13,567.45
197,14,369.8333333
197,15,678.7166667
197,16,609.85
197,17,480.55
197,18,445.1
197,19,382.0166667
197,20,231
197,21,108.5833333
197,22,23.26666667
197,23,0.133333333
197,24,0
198,1,0
198,2,0
198,3,0
198,4,0
198,5,2.216666667
198,6,34.46666667
198,7,141.7166667
198,8,259.3
198,9,339.4166667
198,10,513.6833333
198,11,557.45
198,12,639
198,13,611.1666667
198,14,453.7666667
198,15,219.8333333
198,16,321.2166667
198,17,217.7666667
198,18,201.0833333
198,19,287.2833333
198,20,59.93333333
198,21,12.3
198,22,11.13333333
198,23,0.316666667
198,24,0
199,1,0
199,2,0
199,3,0
199,4,0
199,5,0.533333333
199,6,15.36666667
199,7,86.43333333
199,8,117.7166667
199,9,202.3
199,10,206.2
199,11,187.5333333
199,12,180.7
199,13,163.9166667
199,14,180.5
199,15,211.5
199,16,167.8333333
199,17,293.05
199,18,288.3333333
199,19,296.0166667
199,20,145.5666667
199,21,125.7833333
199,22,22.08333333
199,23,0.066666667
199,24,0
200,1,0
200,2,0
200,3,0
200,4,0
200,5,1.2
200,6,31.15
200,7,147.2666667
200,8,275.5333333
200,9,385.45
200,10,476.25
200,11,519.4833333
200,12,590
200,13,736.8333333
200,14,718.9666667
200,15,679.9833333
200,16,521.4666667
200,17,563.9166667
200,18,360.9666667
200,19,359.4666667
200,20,186.35
200,21,121.4
200,22,18.91666667
200,23,0.016666667
200,24,0
201,1,0
201,2,0
201,3,0
201,4,0
201,5,1.466666667
201,6,27.81666667
201,7,124.7666667
201,8,281.85
201,9,402.05
201,10,530.45
201,11,648.6333333
201,12,737.3333333
201,13,752.6333333
201,14,672.5666667
201,15,701.3
201,16,608.7666667
201,17,601.7666667
201,18,560.0833333
201,19,373.8166667
201,20,207.4333333
201,21,36.9
201,22,6.583333333
201,23,0
201,24,0
202,1,0
202,2,0
202,3,0
202,4,0
202,5,0.15
202,6,14.48333333
202,7,60.85
202,8,132.95
202,9,166.3166667
202,10,264.55
202,11,363.4
202,12,455.0166667
202,13,139.1833333
202,14,155.9833333
202,15,110.5833333
202,16,36.96666667
202,17,181.1333333
202,18,91.75
202,19,28.05
202,20,88.15
202,21,35.61666667
202,22,2.9
202,23,0
202,24,0
203,1,0
203,2,0
203,3,0
203,4,0
203,5,0.633333333
203,6,19.8
203,7,149.9833333
203,8,279.9333333
203,9,290.9
203,10,437.6666667
203,11,592.1
203,12,461.1
203,13,499.5333333
203,14,483.9333333
203,15,597.4333333
203,16,455.7166667
203,17,259.3
203,18,468.6666667
203,19,288.1
203,20,224.2
203,21,99.6
203,22,17.98333333
203,23,0
203,24,0
204,1,0
204,2,0
204,3,0
204,4,0
204,5,0.383333333
204,6,17.1
204,7,74.81666667
204,8,138.3166667
204,9,180.6833333
204,10,223.75
204,11,357.9333333
204,12,534.3
204,13,724.7333333
204,14,664.45
204,15,756.2333333
204,16,634.5833333
204,17,359.4833333
204,18,284
204,19,140.1666667
204,20,70.8
204,21,45.35
204,22,8
204,23,0
204,24,0
205,1,0
205,2,0
205,3,0
205,4,0
205,5,0.65
205,6,21.16666667
205,7,132.9
205,8,257.65
205,9,394.1166667
205,10,524.45
205,11,623.75
205,12,714.7166667
205,13,707.9166667
205,14,679.5166667
205,15,620.7
205,16,629.3833333
205,17,496.6166667
205,18,499.8
205,19,359.2166667
205,20,213
205,21,97.33333333
205,22,12.71666667
205,23,0
205,24,0
206,1,0
206,2,0
206,3,0
206,4,0
206,5,0.466666667
206,6,18.05
206,7,125.6
206,8,256.85
206,9,392.3
206,10,521.45
206,11,629.7833333
206,12,718.3
206,13,620.9333333
206,14,705.7833333
206,15,492.4166667
206,16,541.3
206,17,447.4666667
206,18,459.65
206,19,369.9
206,20,219.25
206,21,95.36666667
206,22,12.01666667
206,23,0
206,24,0
207,1,0
207,2,0
207,3,0
207,4,0
207,5,0.466666667
207,6,17.15
207,7,124.55
207,8,255.3666667
207,9,388.8833333
207,10,516.05
207,11,628.75
207,12,716.1166667
207,13,766.0833333
207,14,761.35
207,15,755.3333333
207,16,706.85
207,17,507.2
207,18,437.5166667
207,19,328.6333333
207,20,208.85
207,21,90.31666667
207,22,11.53333333
207,23,0
207,24,0
208,1,0
208,2,0
208,3,0
208,4,0
208,5,0.316666667
208,6,17.5
208,7,120.2
208,8,249.5
208,9,384.3833333
208,10,512.5666667
208,11,611.8
208,12,700.8166667
208,13,750.4666667
208,14,739.4166667
208,15,759.9833333
208,16,342.25
208,17,285.2166667
208,18,449.2833333
208,19,356.7333333
208,20,208.95
208,21,87.4
208,22,9.566666667
208,23,0
208,24,0
209,1,0
209,2,0
209,3,0
209,4,0
209,5,0.083333333
209,6,11.71666667
209,7,63.86666667
209,8,175.55
209,9,326.55
209,10,509.3333333
209,11,553.6166667
209,12,695.0833333
209,13,675.7666667
209,14,663.4666667
209,15,649.6666667
209,16,713.8833333
209,17,603.7
209,18,474.5833333
209,19,344.2333333
209,20,208.7
209,21,58.35
209,22,8.283333333
209,23,0
209,24,0
210,1,0
210,2,0
210,3,0
210,4,0
210,5,0.066666667
210,6,8.433333333
210,7,39.43333333
210,8,166.55
210,9,228.4666667
210,10,422.2666667
210,11,473.9166667
210,12,363.6666667
210,13,724.9166667
210,14,730.65
210,15,677.7666667
210,16,488.8166667
210,17,487.75
210,18,325.65
210,19,351.3166667
210,20,205.15
210,21,84.95
210,22,7.7
210,23,0
210,24,0
211,1,0
211,2,0
211,3,0
211,4,0
211,5,0
211,6,0.333333333
211,7,17.96666667
211,8,61.43333333
211,9,97.76666667
211,10,168.5333333
211,11,413.3
211,12,452.45
211,13,342.3166667
211,14,693.1
211,15,620.4333333
211,16,438.6166667
211,17,378.3333333
211,18,256.5333333
211,19,225.8166667
211,20,121.3
211,21,45.21666667
211,22,6.416666667
211,23,0
211,24,0
212,1,0
212,2,0
212,3,0
212,4,0
212,5,0
212,6,10.41666667
212,7,61.33333333
212,8,134.5166667
212,9,176.35
212,10,221.4
212,11,264.3833333
212,12,473.35
212,13,543.6
212,14,153.2833333
212,15,452.9333333
212,16,283.75
212,17,406.65
212,18,340.95
212,19,236.0166667
212,20,209.8
212,21,75.48333333
212,22,5.25
212,23,0
212,24,0
213,1,0
213,2,0
213,3,0
213,4,0
213,5,0
213,6,10.63333333
213,7,112.3833333
213,8,224.0333333
213,9,382.3333333
213,10,498.8
213,11,591.5333333
213,12,625.0333333
213,13,700.0166667
213,14,774.2833333
213,15,730.8833333
213,16,676.9666667
213,17,419.85
213,18,308.85
213,19,287.6833333
213,20,169.9833333
213,21,58.81666667
213,22,5.15
213,23,0
213,24,0
214,1,0
214,2,0
214,3,0
214,4,0
214,5,0
214,6,9.166666667
214,7,98.78333333
214,8,228.4
214,9,355.1333333
214,10,510.7333333
214,11,376.75
214,12,246.9666667
214,13,417.4166667
214,14,561.0166667
214,15,595.6166667
214,16,694.0166667
214,17,563.7333333
214,18,453.65
214,19,327.2333333
214,20,158.25
214,21,34.13333333
214,22,7.55
214,23,0
214,24,0
215,1,0
215,2,0
215,3,0
215,4,0
215,5,0
215,6,5.316666667
215,7,43.51666667
215,8,87.38333333
215,9,61.83333333
215,10,132.7166667
215,11,208.7
215,12,534.0833333
215,13,601.2166667
215,14,608.8166667
215,15,664.4166667
215,16,569.0333333
215,17,410.9166667
215,18,333.2333333
215,19,284.9
215,20,119.9833333
215,21,27.38333333
215,22,1.416666667
215,23,0
215,24,0
216,1,0
216,2,0
216,3,0
216,4,0
216,5,0
216,6,0
216,7,9.833333333
216,8,82.63333333
216,9,168.45
216,10,119.3666667
216,11,138.4
216,12,392.5333333
216,13,290.2166667
216,14,263.8333333
216,15,240.5333333
216,16,316.8833333
216,17,198.15
216,18,97.18333333
216,19,66.45
216,20,27.46666667
216,21,23.5
216,22,1.6
216,23,0
216,24,0
217,1,0
217,2,0
217,3,0
217,4,0
217,5,0
217,6,7.85
217,7,26.8
217,8,25.21666667
217,9,52.35
217,10,26.36666667
217,11,15.31666667
217,12,184.7666667
217,13,414.5333333
217,14,595.3
217,15,613.0333333
217,16,586.2
217,17,362.8166667
217,18,157.7166667
217,19,64.9
217,20,14.01666667
217,21,8.133333333
217,22,0.366666667
217,23,0
217,24,0
218,1,0
218,2,0
218,3,0
218,4,0
218,5,0
218,6,1.083333333
218,7,7.766666667
218,8,14.7
218,9,14
218,10,27.51666667
218,11,34.11666667
218,12,46.48333333
218,13,78.08333333
218,14,72.91666667
218,15,135.9666667
218,16,155
218,17,103.9
218,18,88.36666667
218,19,31.86666667
218,20,20.2
218,21,7.683333333
218,22,0.75
218,23,0
218,24,0
219,1,0
219,2,0
219,3,0
219,4,0
219,5,0
219,6,10.11666667
219,7,75.01666667
219,8,221.4166667
219,9,359.6833333
219,10,481.2333333
219,11,547.9833333
219,12,573.4166667
219,13,610.45
219,14,541.9833333
219,15,648
219,16,540.0833333
219,17,389.0166667
219,18,290.1
219,19,90.93333333
219,20,30.05
219,21,36.53333333
219,22,0.466666667
219,23,0
219,24,0
220,1,0
220,2,0
220,3,0
220,4,0
220,5,0
220,6,5.516666667
220,7,29.23333333
220,8,132.75
220,9,353.2666667
220,10,487.3666667
220,11,604.4
220,12,567.9333333
220,13,602.0166667
220,14,646.4666667
220,15,521.8
220,16,412.7666667
220,17,304.6333333
220,18,180.7833333
220,19,84.93333333
220,20,63.15
220,21,24.28333333
220,22,0.45
220,23,0
220,24,0
221,1,0
221,2,0
221,3,0
221,4,0
221,5,0
221,6,0.7
221,7,12.48333333
221,8,32.61666667
221,9,180.6666667
221,10,387.2833333
221,11,544.3333333
221,12,592.5666667
221,13,496.2833333
221,14,689.9
221,15,641.7
221,16,587.75
221,17,496.6333333
221,18,381.5666667
221,19,201.45
221,20,125.2666667
221,21,36.11666667
221,22,0.85
221,23,0
221,24,0
222,1,0
222,2,0
222,3,0
222,4,0
222,5,0
222,6,1.3
222,7,26.91666667
222,8,108.95
222,9,124.7666667
222,10,214.3166667
222,11,365.3166667
222,12,392.7
222,13,426.8833333
222,14,350.0666667
222,15,534.5333333
222,16,459.7166667
222,17,189.2
222,18,243.8666667
222,19,209.5333333
222,20,102.8
222,21,22.98333333
222,22,0.516666667
222,23,0
222,24,0
223,1,0
223,2,0
223,3,0
223,4,0
223,5,0
223,6,7.633333333
223,7,61.31666667
223,8,167.85
223,9,312.0833333
223,10,381.75
223,11,462.9166667
223,12,597.2333333
223,13,475.3666667
223,14,454.2
223,15,295.9666667
223,16,412.3333333
223,17,172.4
223,18,163.1833333
223,19,176.0333333
223,20,93.4
223,21,36.51666667
223,22,0.45
223,23,0
223,24,0
224,1,0
224,2,0
224,3,0
224,4,0
224,5,0
224,6,3.233333333
224,7,68.76666667
224,8,108.0333333
224,9,176.8833333
224,10,160.25
224,11,123.9666667
224,12,180.5833333
224,13,174.7833333
224,14,105.5666667
224,15,138.4666667
224,16,110.9666667
224,17,152.3166667
224,18,242.4166667
224,19,166.1833333
224,20,85.88333333
224,21,37.93333333
224,22,0.5
224,23,0
224,24,0
225,1,0
225,2,0
225,3,0
225,4,0
225,5,0
225,6,3.5
225,7,50.08333333
225,8,182.2
225,9,318.8333333
225,10,440.0166667
225,11,550.7666667
225,12,637.7
225,13,684.7
225,14,718.35
225,15,495.1333333
225,16,464.2166667
225,17,366.5333333
225,18,215.0833333
225,19,86.63333333
225,20,16.78333333
225,21,3.333333333
225,22,0
225,23,0
225,24,0
226,1,0
226,2,0
226,3,0
226,4,0
226,5,0
226,6,0.733333333
226,7,3.216666667
226,8,18.3
226,9,54.26666667
226,10,67.4
226,11,78.91666667
226,12,130.2833333
226,13,96.93333333
226,14,100.5333333
226,15,73.46666667
226,16,28.16666667
226,17,32.08333333
226,18,28.31666667
226,19,16.36666667
226,20,11.43333333
226,21,22.28333333
226,22,0.533333333
226,23,0
226,24,0
227,1,0
227,2,0
227,3,0
227,4,0
227,5,0
227,6,2.95
227,7,45.63333333
227,8,175.2333333
227,9,313.8666667
227,10,444.9166667
227,11,561.9
227,12,635.85
227,13,700.3166667
227,14,601.5
227,15,491.2333333
227,16,548.3166667
227,17,367.8
227,18,292.65
227,19,170
227,20,96.08333333
227,21,27.68333333
227,22,0.066666667
227,23,0
227,24,0
228,1,0
228,2,0
228,3,0
228,4,0
228,5,0
228,6,1.766666667
228,7,40.13333333
228,8,120.0666667
228,9,296.1166667
228,10,439.9666667
228,11,549.3166667
228,12,409.9333333
228,13,534.3166667
228,14,655.4833333
228,15,466.3666667
228,16,424.8666667
228,17,364.4333333
228,18,273.8
228,19,173.4
228,20,47.51666667
228,21,7.75
228,22,0
228,23,0
228,24,0
229,1,0
229,2,0
229,3,0
229,4,0
229,5,0
229,6,0
229,7,2.916666667
229,8,10.33333333
229,9,34.21666667
229,10,36.33333333
229,11,191.3
229,12,207.1666667
229,13,143.25
229,14,296.2666667
229,15,348.05
229,16,379.0333333
229,17,201.5166667
229,18,218.2
229,19,205.5666667
229,20,88.71666667
229,21,22.21666667
229,22,0
229,23,0
229,24,0
230,1,0
230,2,0
230,3,0
230,4,0
230,5,0
230,6,0.7
230,7,20.2
230,8,60.5
230,9,167.9666667
230,10,207.0333333
230,11,323.5
230,12,536.9333333
230,13,580.1166667
230,14,370.6166667
230,15,513.3333333
230,16,420.7166667
230,17,240.1
230,18,132.2333333
230,19,80.16666667
230,20,28.56666667
230,21,3.85
230,22,0
230,23,0
230,24,0
231,1,0
231,2,0
231,3,0
231,4,0
231,5,0
231,6,0.283333333
231,7,13.2
231,8,108.2333333
231,9,288.0666667
231,10,378.65
231,11,449.3166667
231,12,281.85
231,13,188.4666667
231,14,381.05
231,15,323.4833333
231,16,226.3333333
231,17,173.4333333
231,18,156.5666667
231,19,100.0833333
231,20,53.71666667
231,21,6.283333333
231,22,0
231,23,0
231,24,0
232,1,0
232,2,0
232,3,0
232,4,0
232,5,0
232,6,0.916666667
232,7,5.35
232,8,16.8
232,9,30.95
232,10,133.4666667
232,11,359.1333333
232,12,481.15
232,13,391
232,14,176.6333333
232,15,325.55
232,16,505.6833333
232,17,509.7166667
232,18,241.7333333
232,19,248.5833333
232,20,97.85
232,21,14.2
232,22,0
232,23,0
232,24,0
233,1,0
233,2,0
233,3,0
233,4,0
233,5,0
233,6,0
233,7,18.96666667
233,8,125.2333333
233,9,183.1333333
233,10,344.6
233,11,291.0833333
233,12,315.5833333
233,13,290.8666667
233,14,265.8666667
233,15,174.8333333
233,16,64.6
233,17,74.68333333
233,18,38.98333333
233,19,35.78333333
233,20,27.95
233,21,3.316666667
233,22,0
233,23,0
233,24,0
234,1,0
234,2,0
234,3,0
234,4,0
234,5,0
234,6,0.083333333
234,7,20.45
234,8,117.6
234,9,207.4666667
234,10,201.2833333
234,11,253.4166667
234,12,416.1333333
234,13,400.7666667
234,14,360.2333333
234,15,263.55
234,16,347.1333333
234,17,224.3
234,18,234.1166667
234,19,137
234,20,63.16666667
234,21,6.816666667
234,22,0
234,23,0
234,24,0
235,1,0
235,2,0
235,3,0
235,4,0
235,5,0
235,6,0.333333333
235,7,16.78333333
235,8,74.63333333
235,9,241.4666667
235,10,333
235,11,326.7833333
235,12,424.15
235,13,427.15
235,14,471.8333333
235,15,462.4333333
235,16,152.7166667
235,17,269.3166667
235,18,165.8333333
235,19,228.25
235,20,90.2
235,21,6.3
235,22,0
235,23,0
235,24,0
236,1,0
236,2,0
236,3,0
236,4,0
236,5,0
236,6,0.033333333
236,7,14.66666667
236,8,59.86666667
236,9,143.9666667
236,10,123.9666667
236,11,468.75
236,12,472.6
236,13,770.4333333
236,14,470.9666667
236,15,311.8666667
236,16,247.0333333
236,17,113.4666667
236,18,51.93333333
236,19,32.78333333
236,20,22.7
236,21,1.55
236,22,0
236,23,0
236,24,0
237,1,0
237,2,0
237,3,0
237,4,0
237,5,0
237,6,0
237,7,2.65
237,8,11.51666667
237,9,35.1
237,10,55.83333333
237,11,159.8333333
237,12,255.7
237,13,471.6666667
237,14,516.2833333
237,15,240.4833333
237,16,192.8666667
237,17,184.1333333
237,18,82.98333333
237,19,37.78333333
237,20,23.01666667
237,21,1.9
237,22,0
237,23,0
237,24,0
238,1,0
238,2,0
238,3,0
238,4,0
238,5,0
238,6,0
238,7,6.333333333
238,8,27.1
238,9,51.28333333
238,10,113.05
238,11,89.98333333
238,12,133.85
238,13,118.15
238,14,85.26666667
238,15,91.28333333
238,16,68.31666667
238,17,51.68333333
238,18,33.2
238,19,20.65
238,20,13.16666667
238,21,0.816666667
238,22,0
238,23,0
238,24,0
239,1,0
239,2,0
239,3,0
239,4,0
239,5,0
239,6,0
239,7,2.283333333
239,8,10.16666667
239,9,18.03333333
239,10,42.28333333
239,11,76.81666667
239,12,74.75
239,13,66.75
239,14,113.0833333
239,15,109.7833333
239,16,371.4666667
239,17,228.5
239,18,219.4
239,19,99.85
239,20,11.58333333
239,21,1.316666667
239,22,0
239,23,0
239,24,0
240,1,0
240,2,0
240,3,0
240,4,0
240,5,0
240,6,0.033333333
240,7,13.11666667
240,8,58.45
240,9,90.86666667
240,10,124.7
240,11,116.35
240,12,125.0333333
240,13,101.8166667
240,14,54.95
240,15,194.2
240,16,240.7166667
240,17,146.2666667
240,18,185.3333333
240,19,144.6666667
240,20,61.85
240,21,2.95
240,22,0
240,23,0
240,24,0
241,1,0
241,2,0
241,3,0
241,4,0
241,5,0
241,6,0
241,7,6.35
241,8,20.98333333
241,9,75.7
241,10,147.5333333
241,11,172.2333333
241,12,346.8166667
241,13,361.1666667
241,14,219.9833333
241,15,192.9833333
241,16,386.2166667
241,17,224.7
241,18,99.56666667
241,19,116.9666667
241,20,38.68333333
241,21,4.016666667
241,22,0
241,23,0
241,24,0
242,1,0
242,2,0
242,3,0
242,4,0
242,5,0
242,6,0
242,7,7.283333333
242,8,49.98333333
242,9,82.5
242,10,113.3
242,11,136.1
242,12,206
242,13,143.6833333
242,14,354.4
242,15,345.4833333
242,16,348.9
242,17,150.6666667
242,18,42.81666667
242,19,36.88333333
242,20,19.06666667
242,21,1.1
242,22,0
242,23,0
242,24,0
243,1,0
243,2,0
243,3,0
243,4,0
243,5,0
243,6,0
243,7,16.73333333
243,8,118.2166667
243,9,248.8166667
243,10,370.55
243,11,407.8333333
243,12,372.95
243,13,384.65
243,14,509.05
243,15,322.85
243,16,235.0333333
243,17,137.3
243,18,97.53333333
243,19,46.45
243,20,11.11666667
243,21,0.35
243,22,0
243,23,0
243,24,0
244,1,0
244,2,0
244,3,0
244,4,0
244,5,0
244,6,0
244,7,12.15
244,8,51.45
244,9,208.7833333
244,10,196.1833333
244,11,236.4666667
244,12,232.8666667
244,13,454.8666667
244,14,392.1166667
244,15,306.5
244,16,289.45
244,17,276.5833333
244,18,175.8833333
244,19,149.5
244,20,26.83333333
244,21,1.066666667
244,22,0
244,23,0
244,24,0
245,1,0
245,2,0
245,3,0
245,4,0
245,5,0
245,6,0
245,7,9.133333333
245,8,103.0166667
245,9,245.3333333
245,10,377.7166667
245,11,500.3
245,12,583.6833333
245,13,635.4166667
245,14,649.3333333
245,15,591.6166667
245,16,480.45
245,17,413.2333333
245,18,310.5
245,19,178.8666667
245,20,48.2
245,21,0.866666667
245,22,0
245,23,0
245,24,0
246,1,0
246,2,0
246,3,0
246,4,0
246,5,0
246,6,0
246,7,1.766666667
246,8,12.15
246,9,28.23333333
246,10,57.28333333
246,11,95.75
246,12,147.05
246,13,244.5166667
246,14,321.7333333
246,15,357.4333333
246,16,253.0833333
246,17,70
246,18,36.85
246,19,24.45
246,20,16
246,21,0.283333333
246,22,0
246,23,0
246,24,0
247,1,0
247,2,0
247,3,0
247,4,0
247,5,0
247,6,0
247,7,6.65
247,8,45.18333333
247,9,74.6
247,10,105.6666667
247,11,221.9333333
247,12,271.9166667
247,13,344.5666667
247,14,411.4
247,15,279.95
247,16,353.5166667
247,17,387.8333333
247,18,249.3666667
247,19,141.0833333
247,20,29.46666667
247,21,0.2
247,22,0
247,23,0
247,24,0
248,1,0
248,2,0
248,3,0
248,4,0
248,5,0
248,6,0
248,7,1.316666667
248,8,17.55
248,9,9.9
248,10,74.08333333
248,11,116.15
248,12,133.8833333
248,13,132.0333333
248,14,163.5833333
248,15,215.4166667
248,16,123.6
248,17,196.2833333
248,18,145.1666667
248,19,104.5833333
248,20,25.33333333
248,21,0.316666667
248,22,0
248,23,0
248,24,0
249,1,0
249,2,0
249,3,0
249,4,0
249,5,0
249,6,0
249,7,1.933333333
249,8,26.73333333
249,9,67.25
249,10,140.9
249,11,181.1333333
249,12,258.0333333
249,13,266.4166667
249,14,258.2333333
249,15,175.8166667
249,16,225.5333333
249,17,159.65
249,18,127.3833333
249,19,62.41666667
249,20,13.23333333
249,21,0
249,22,0
249,23,0
249,24,0
250,1,0
250,2,0
250,3,0
250,4,0
250,5,0
250,6,0
250,7,4.866666667
250,8,32.66666667
250,9,96.75
250,10,268.1833333
250,11,277.5333333
250,12,208.85
250,13,240.6666667
250,14,149.2166667
250,15,181.4833333
250,16,152.05
250,17,217.6833333
250,18,86.1
250,19,19.63333333
250,20,3.4
250,21,0
250,22,0
250,23,0
250,24,0
251,1,0
251,2,0
251,3,0
251,4,0
251,5,0
251,6,0
251,7,0.866666667
251,8,11
251,9,28.83333333
251,10,76.28333333
251,11,162
251,12,223.3833333
251,13,277.7166667
251,14,414.9833333
251,15,471.55
251,16,449.8833333
251,17,324.6333333
251,18,154.55
251,19,64.85
251,20,19.36666667
251,21,0
251,22,0
251,23,0
251,24,0
252,1,0
252,2,0
252,3,0
252,4,0
252,5,0
252,6,0
252,7,5.15
252,8,27.38333333
252,9,51.73333333
252,10,68.91666667
252,11,78.86666667
252,12,90.66666667
252,13,101.3166667
252,14,93.63333333
252,15,59.68333333
252,16,55.18333333
252,17,193.65
252,18,45.66666667
252,19,7.983333333
252,20,0.116666667
252,21,0
252,22,0
252,23,0
252,24,0
253,1,0
253,2,0
253,3,0
253,4,0
253,5,0
253,6,0
253,7,1.183333333
253,8,4.766666667
253,9,8.233333333
253,10,13.78333333
253,11,35.55
253,12,56.73333333
253,13,73.56666667
253,14,73.5
253,15,82.61666667
253,16,58.76666667
253,17,81.98333333
253,18,32.96666667
253,19,40.5
253,20,6.583333333
253,21,0
253,22,0
253,23,0
253,24,0
254,1,0
254,2,0
254,3,0
254,4,0
254,5,0
254,6,0
254,7,0.4
254,8,10.23333333
254,9,24.13333333
254,10,43.28333333
254,11,69.86666667
254,12,79.38333333
254,13,171.2166667
254,14,225.4166667
254,15,127.0333333
254,16,82.65
254,17,61.61666667
254,18,30
254,19,14.28333333
254,20,1.916666667
254,21,0
254,22,0
254,23,0
254,24,0
255,1,0
255,2,0
255,3,0
255,4,0
255,5,0
255,6,0
255,7,3.116666667
255,8,57.7
255,9,105
255,10,268.3666667
255,11,404.8666667
255,12,513.3
255,13,367.6333333
255,14,473.95
255,15,413.4166667
255,16,190.8833333
255,17,127.9666667
255,18,74.76666667
255,19,23.65
255,20,7.783333333
255,21,0
255,22,0
255,23,0
255,24,0
256,1,0
256,2,0
256,3,0
256,4,0
256,5,0
256,6,0
256,7,1.316666667
256,8,19.98333333
256,9,41.08333333
256,10,103.8
256,11,136.7666667
256,12,199.5
256,13,294.9
256,14,275.4333333
256,15,427.0666667
256,16,338.6333333
256,17,180.6833333
256,18,68.5
256,19,32.31666667
256,20,5.216666667
256,21,0
256,22,0
256,23,0
256,24,0
257,1,0
257,2,0
257,3,0
257,4,0
257,5,0
257,6,0
257,7,1.733333333
257,8,33.46666667
257,9,65.43333333
257,10,70.5
257,11,59.93333333
257,12,85.8
257,13,77.25
257,14,92.9
257,15,160.3333333
257,16,200.2833333
257,17,178.2
257,18,132.1166667
257,19,62.21666667
257,20,9.416666667
257,21,0
257,22,0
257,23,0
257,24,0
258,1,0
258,2,0
258,3,0
258,4,0
258,5,0
258,6,0
258,7,1.7
258,8,29.1
258,9,45.06666667
258,10,123.9833333
258,11,115.6666667
258,12,130.8833333
258,13,123.0333333
258,14,285.1666667
258,15,166.9
258,16,123.0333333
258,17,77.26666667
258,18,36.46666667
258,19,13.76666667
258,20,1.716666667
258,21,0
258,22,0
258,23,0
258,24,0
259,1,0
259,2,0
259,3,0
259,4,0
259,5,0
259,6,0
259,7,1.05
259,8,23.83333333
259,9,60.65
259,10,137.4833333
259,11,119.1166667
259,12,177.1
259,13,182.85
259,14,259.0333333
259,15,290.9666667
259,16,214.4333333
259,17,191.05
259,18,141.75
259,19,63.83333333
259,20,5.8
259,21,0
259,22,0
259,23,0
259,24,0
260,1,0
260,2,0
260,3,0
260,4,0
260,5,0
260,6,0
260,7,0
260,8,6.6
260,9,26.38333333
260,10,35.03333333
260,11,71.1
260,12,85.45
260,13,94.4
260,14,202.0833333
260,15,175.0833333
260,16,132.3666667
260,17,98.83333333
260,18,45.81666667
260,19,26.36666667
260,20,2.05
260,21,0
260,22,0
260,23,0
260,24,0
261,1,0
261,2,0
261,3,0
261,4,0
261,5,0
261,6,0
261,7,0.433333333
261,8,22.25
261,9,105.85
261,10,165.15
261,11,221.7166667
261,12,186.4833333
261,13,157.9333333
261,14,252.3833333
261,15,213.3833333
261,16,148.0333333
261,17,180.1333333
261,18,48.7
261,19,29.98333333
261,20,1.616666667
261,21,0
261,22,0
261,23,0
261,24,0
262,1,0
262,2,0
262,3,0
262,4,0
262,5,0
262,6,0
262,7,0.133333333
262,8,17.03333333
262,9,46.28333333
262,10,100.6
262,11,149.15
262,12,253.4666667
262,13,330.4333333
262,14,152.2833333
262,15,128.6833333
262,16,121.8833333
262,17,74.95
262,18,61.28333333
262,19,19.73333333
262,20,1.116666667
262,21,0
262,22,0
262,23,0
262,24,0
263,1,0
263,2,0
263,3,0
263,4,0
263,5,0
263,6,0
263,7,0.033333333
263,8,12.55
263,9,51.41666667
263,10,119.2166667
263,11,218.1333333
263,12,341.4666667
263,13,293.7166667
263,14,171.5
263,15,103.1
263,16,82.4
263,17,95.9
263,18,66.7
263,19,14.78333333
263,20,0.116666667
263,21,0
263,22,0
263,23,0
263,24,0
264,1,0
264,2,0
264,3,0
264,4,0
264,5,0
264,6,0
264,7,0
264,8,7.033333333
264,9,35.75
264,10,86.88333333
264,11,212.05
264,12,364.8
264,13,398.4
264,14,310.8166667
264,15,211.7833333
264,16,159.0166667
264,17,126.3166667
264,18,54.93333333
264,19,20.13333333
264,20,0.65
264,21,0
264,22,0
264,23,0
264,24,0
265,1,0
265,2,0
265,3,0
265,4,0
265,5,0
265,6,0
265,7,0
265,8,3.7
265,9,22.3
265,10,107.95
265,11,87.53333333
265,12,103.0333333
265,13,108.8666667
265,14,103.8166667
265,15,57.28333333
265,16,46.98333333
265,17,48.71666667
265,18,47.56666667
265,19,11.15
265,20,0.366666667
265,21,0
265,22,0
265,23,0
265,24,0
266,1,0
266,2,0
266,3,0
266,4,0
266,5,0
266,6,0
266,7,0.366666667
266,8,36.51666667
266,9,133.9333333
266,10,255.15
266,11,364.3833333
266,12,440.2
266,13,487.8833333
266,14,491.6833333
266,15,446.1333333
266,16,381.8
266,17,280.7
266,18,162.8166667
266,19,48.96666667
266,20,0.616666667
266,21,0
266,22,0
266,23,0
266,24,0
267,1,0
267,2,0
267,3,0
267,4,0
267,5,0
267,6,0
267,7,0.05
267,8,29
267,9,134.3166667
267,10,256.8166667
267,11,366.75
267,12,451.45
267,13,500.5
267,14,506.95
267,15,469.8666667
267,16,396.8166667
267,17,288.7
267,18,162.8
267,19,48.78333333
267,20,0.683333333
267,21,0
267,22,0
267,23,0
267,24,0
268,1,0
268,2,0
268,3,0
268,4,0
268,5,0
268,6,0
268,7,0
268,8,25.08333333
268,9,128.3
268,10,271.8
268,11,381.4333333
268,12,413.6333333
268,13,491.25
268,14,531.9
268,15,341.2166667
268,16,377.4
268,17,272.1166667
268,18,146.5166667
268,19,38.43333333
268,20,0.183333333
268,21,0
268,22,0
268,23,0
268,24,0
269,1,0
269,2,0
269,3,0
269,4,0
269,5,0
269,6,0
269,7,0
269,8,13.3
269,9,63.45
269,10,177.0166667
269,11,297.7333333
269,12,435.1833333
269,13,482.4333333
269,14,479.2166667
269,15,433.6333333
269,16,333.95
269,17,235.4666667
269,18,86.26666667
269,19,24.73333333
269,20,0.116666667
269,21,0
269,22,0
269,23,0
269,24,0
270,1,0
270,2,0
270,3,0
270,4,0
270,5,0
270,6,0
270,7,0
270,8,14.08333333
270,9,107.1
270,10,245.1833333
270,11,353.7666667
270,12,439.0166667
270,13,428.9333333
270,14,466.15
270,15,390.9666667
270,16,363.3166667
270,17,211.3666667
270,18,88.1
270,19,20.73333333
270,20,0
270,21,0
270,22,0
270,23,0
270,24,0
271,1,0
271,2,0
271,3,0
271,4,0
271,5,0
271,6,0
271,7,0
271,8,13.75
271,9,127.5666667
271,10,139.5333333
271,11,241.6666667
271,12,423.2
271,13,475.4166667
271,14,482.1166667
271,15,322.9333333
271,16,191.1666667
271,17,229.2166667
271,18,86.43333333
271,19,14.21666667
271,20,0.116666667
271,21,0
271,22,0
271,23,0
271,24,0
272,1,0
272,2,0
272,3,0
272,4,0
272,5,0
272,6,0
272,7,0
272,8,1.966666667
272,9,10.1
272,10,28.08333333
272,11,36.08333333
272,12,39
272,13,55.96666667
272,14,165.3333333
272,15,179.8666667
272,16,264.6333333
272,17,137.6833333
272,18,123.7166667
272,19,26.56666667
272,20,0.016666667
272,21,0
272,22,0
272,23,0
272,24,0
273,1,0
273,2,0
273,3,0
273,4,0
273,5,0
273,6,0
273,7,0
273,8,11.78333333
273,9,53.86666667
273,10,81.1
273,11,131.8333333
273,12,197.2666667
273,13,227.2166667
273,14,322.9833333
273,15,179.6166667
273,16,57.6
273,17,35.55
273,18,24.41666667
273,19,9.55
273,20,0
273,21,0
273,22,0
273,23,0
273,24,0
274,1,0
274,2,0
274,3,0
274,4,0
274,5,0
274,6,0
274,7,0
274,8,12.73333333
274,9,102.8333333
274,10,158.2333333
274,11,239.9333333
274,12,336.7
274,13,372.9166667
274,14,283.3833333
274,15,265.3166667
274,16,291.75
274,17,100.2333333
274,18,136.7
274,19,17.53333333
274,20,0
274,21,0
274,22,0
274,23,0
274,24,0
275,1,0
275,2,0
275,3,0
275,4,0
275,5,0
275,6,0
275,7,0
275,8,7.8
275,9,85.73333333
275,10,206.9666667
275,11,271.1833333
275,12,297.3166667
275,13,249.55
275,14,363.35
275,15,185
275,16,95.96666667
275,17,35.43333333
275,18,20.7
275,19,3.133333333
275,20,0
275,21,0
275,22,0
275,23,0
275,24,0
276,1,0
276,2,0
276,3,0
276,4,0
276,5,0
276,6,0
276,7,0
276,8,3.116666667
276,9,26.85
276,10,147.55
276,11,215.3333333
276,12,208.6833333
276,13,151.0333333
276,14,124.0833333
276,15,58.78333333
276,16,169.2666667
276,17,68.23333333
276,18,32.83333333
276,19,5.05
276,20,0
276,21,0
276,22,0
276,23,0
276,24,0
277,1,0
277,2,0
277,3,0
277,4,0
277,5,0
277,6,0
277,7,0
277,8,5
277,9,37.68333333
277,10,89.93333333
277,11,133.05
277,12,136.4
277,13,215.0833333
277,14,229.3
277,15,223.4833333
277,16,124.5
277,17,104.6333333
277,18,36.76666667
277,19,6.633333333
277,20,0
277,21,0
277,22,0
277,23,0
277,24,0
278,1,0
278,2,0
278,3,0
278,4,0
278,5,0
278,6,0
278,7,0
278,8,5.75
278,9,41.66666667
278,10,115.6166667
278,11,239.8
278,12,322.9833333
278,13,296.9
278,14,292.25
278,15,219.3666667
278,16,195.9833333
278,17,117.7166667
278,18,53.28333333
278,19,5.283333333
278,20,0
278,21,0
278,22,0
278,23,0
278,24,0
279,1,0
279,2,0
279,3,0
279,4,0
279,5,0
279,6,0
279,7,0
279,8,3.8
279,9,66.85
279,10,101.5333333
279,11,240.8166667
279,12,359.55
279,13,428.8
279,14,289.6333333
279,15,353.2333333
279,16,307.8833333
279,17,212.0666667
279,18,70.13333333
279,19,7.266666667
279,20,0
279,21,0
279,22,0
279,23,0
279,24,0
280,1,0
280,2,0
280,3,0
280,4,0
280,5,0
280,6,0
280,7,0
280,8,0.6
280,9,9.533333333
280,10,63.28333333
280,11,223.4
280,12,270.95
280,13,255.0833333
280,14,287.6833333
280,15,208.9666667
280,16,248.9666667
280,17,199.1166667
280,18,87.53333333
280,19,6.583333333
280,20,0
280,21,0
280,22,0
280,23,0
280,24,0
281,1,0
281,2,0
281,3,0
281,4,0
281,5,0
281,6,0
281,7,0
281,8,2.183333333
281,9,23.7
281,10,78.71666667
281,11,184.6333333
281,12,183.4
281,13,213.1
281,14,201.2
281,15,209.3833333
281,16,262.7833333
281,17,178.5666667
281,18,79.1
281,19,5.05
281,20,0
281,21,0
281,22,0
281,23,0
281,24,0
282,1,0
282,2,0
282,3,0
282,4,0
282,5,0
282,6,0
282,7,0
282,8,3.683333333
282,9,26.7
282,10,65.36666667
282,11,102.6
282,12,138.3166667
282,13,119.6666667
282,14,174.6333333
282,15,163
282,16,127.35
282,17,196.35
282,18,78.63333333
282,19,2.583333333
282,20,0
282,21,0
282,22,0
282,23,0
282,24,0
283,1,0
283,2,0
283,3,0
283,4,0
283,5,0
283,6,0
283,7,0
283,8,2.35
283,9,82.58333333
283,10,185.5333333
283,11,293.3166667
283,12,371.6333333
283,13,426.9833333
283,14,209.0833333
283,15,153.05
283,16,83.15
283,17,76.58333333
283,18,56.61666667
283,19,2.933333333
283,20,0
283,21,0
283,22,0
283,23,0
283,24,0
284,1,0
284,2,0
284,3,0
284,4,0
284,5,0
284,6,0
284,7,0
284,8,1.3
284,9,12.43333333
284,10,28.75
284,11,51.21666667
284,12,49.86666667
284,13,82.6
284,14,85.38333333
284,15,74.58333333
284,16,199.0333333
284,17,150.45
284,18,57.5
284,19,1.833333333
284,20,0
284,21,0
284,22,0
284,23,0
284,24,0
285,1,0
285,2,0
285,3,0
285,4,0
285,5,0
285,6,0
285,7,0
285,8,0.2
285,9,14.83333333
285,10,58.4
285,11,56.06666667
285,12,55.78333333
285,13,40.35
285,14,45.85
285,15,84.83333333
285,16,27.26666667
285,17,22.38333333
285,18,7.233333333
285,19,0.333333333
285,20,0
285,21,0
285,22,0
285,23,0
285,24,0
286,1,0
286,2,0
286,3,0
286,4,0
286,5,0
286,6,0
286,7,0
286,8,1.366666667
286,9,32.9
286,10,42.1
286,11,58.35
286,12,106.05
286,13,162.3333333
286,14,194.4166667
286,15,295.3333333
286,16,219.3
286,17,91.68333333
286,18,50.58333333
286,19,2.483333333
286,20,0
286,21,0
286,22,0
286,23,0
286,24,0
287,1,0
287,2,0
287,3,0
287,4,0
287,5,0
287,6,0
287,7,0
287,8,0.833333333
287,9,16.63333333
287,10,52.58333333
287,11,134.0666667
287,12,115.25
287,13,117.2666667
287,14,99.28333333
287,15,110.8666667
287,16,72.71666667
287,17,55.53333333
287,18,19.66666667
287,19,0.316666667
287,20,0
287,21,0
287,22,0
287,23,0
287,24,0
288,1,0
288,2,0
288,3,0
288,4,0
288,5,0
288,6,0
288,7,0
288,8,0.2
288,9,5.25
288,10,11.48333333
288,11,23.63333333
288,12,58.43333333
288,13,284.9833333
288,14,172.4
288,15,201.65
288,16,198.75
288,17,93.48333333
288,18,35.58333333
288,19,1.116666667
288,20,0
288,21,0
288,22,0
288,23,0
288,24,0
289,1,0
289,2,0
289,3,0
289,4,0
289,5,0
289,6,0
289,7,0
289,8,0.833333333
289,9,51.03333333
289,10,130.2
289,11,121.2666667
289,12,245.9166667
289,13,377.4
289,14,384.7666667
289,15,323.4666667
289,16,217.9666667
289,17,154.5666667
289,18,25.96666667
289,19,0.3
289,20,0
289,21,0
289,22,0
289,23,0
289,24,0
290,1,0
290,2,0
290,3,0
290,4,0
290,5,0
290,6,0
290,7,0
290,8,0.016666667
290,9,8.916666667
290,10,30.33333333
290,11,57.3
290,12,89.16666667
290,13,92.76666667
290,14,97.98333333
290,15,120.3666667
290,16,72.43333333
290,17,25.46666667
290,18,5.066666667
290,19,0.033333333
290,20,0
290,21,0
290,22,0
290,23,0
290,24,0
291,1,0
291,2,0
291,3,0
291,4,0
291,5,0
291,6,0
291,7,0
291,8,0
291,9,4.933333333
291,10,23
291,11,37.68333333
291,12,50.98333333
291,13,45.13333333
291,14,45.61666667
291,15,36.56666667
291,16,23.01666667
291,17,12.51666667
291,18,2.7
291,19,0.05
291,20,0
291,21,0
291,22,0
291,23,0
291,24,0
292,1,0
292,2,0
292,3,0
292,4,0
292,5,0
292,6,0
292,7,0
292,8,0
292,9,3.05
292,10,21.81666667
292,11,62.56666667
292,12,120.2166667
292,13,302.8833333
292,14,242.2333333
292,15,232.4166667
292,16,206.15
292,17,118.8166667
292,18,32.43333333
292,19,0.116666667
292,20,0
292,21,0
292,22,0
292,23,0
292,24,0
293,1,0
293,2,0
293,3,0
293,4,0
293,5,0
293,6,0
293,7,0
293,8,0
293,9,4.833333333
293,10,19.78333333
293,11,34.45
293,12,53.4
293,13,82.86666667
293,14,53.55
293,15,57.61666667
293,16,79.1
293,17,98.65
293,18,24.98333333
293,19,0.05
293,20,0
293,21,0
293,22,0
293,23,0
293,24,0
294,1,0
294,2,0
294,3,0
294,4,0
294,5,0
294,6,0
294,7,0
294,8,0.066666667
294,9,13.13333333
294,10,116.0833333
294,11,237.2833333
294,12,270.1166667
294,13,323.8666667
294,14,309.9333333
294,15,225.1833333
294,16,237.4
294,17,75.75
294,18,9.25
294,19,0
294,20,0
294,21,0
294,22,0
294,23,0
294,24,0
295,1,0
295,2,0
295,3,0
295,4,0
295,5,0
295,6,0
295,7,0
295,8,0.05
295,9,26.35
295,10,101.8166667
295,11,168.2666667
295,12,273.2166667
295,13,311.8833333
295,14,312.6666667
295,15,273.8666667
295,16,196.3166667
295,17,98.43333333
295,18,18.53333333
295,19,0.033333333
295,20,0
295,21,0
295,22,0
295,23,0
295,24,0
296,1,0
296,2,0
296,3,0
296,4,0
296,5,0
296,6,0
296,7,0
296,8,0
296,9,17.48333333
296,10,66.2
296,11,98.91666667
296,12,124.1166667
296,13,149.6166667
296,14,186.5833333
296,15,161.1833333
296,16,101.9666667
296,17,53.16666667
296,18,7.15
296,19,0
296,20,0
296,21,0
296,22,0
296,23,0
296,24,0
297,1,0
297,2,0
297,3,0
297,4,0
297,5,0
297,6,0
297,7,0
297,8,0
297,9,8.216666667
297,10,35.63333333
297,11,60.56666667
297,12,80.68333333
297,13,146.3333333
297,14,272.2333333
297,15,171.4333333
297,16,113.6166667
297,17,83.56666667
297,18,17.11666667
297,19,0
297,20,0
297,21,0
297,22,0
297,23,0
297,24,0
298,1,0
298,2,0
298,3,0
298,4,0
298,5,0
298,6,0
298,7,0
298,8,0.766666667
298,9,7.95
298,10,44.88333333
298,11,53.5
298,12,70.76666667
298,13,76.06666667
298,14,140.8
298,15,127.5166667
298,16,83.66666667
298,17,50.81666667
298,18,7.533333333
298,19,0
298,20,0
298,21,0
298,22,0
298,23,0
298,24,0
299,1,0
299,2,0
299,3,0
299,4,0
299,5,0
299,6,0
299,7,0
299,8,0.116666667
299,9,7.1
299,10,24.15
299,11,65.98333333
299,12,34.11666667
299,13,32.45
299,14,34.48333333
299,15,38.6
299,16,20.85
299,17,16.4
299,18,4.216666667
299,19,0
299,20,0
299,21,0
299,22,0
299,23,0
299,24,0
300,1,0
300,2,0
300,3,0
300,4,0
300,5,0
300,6,0
300,7,0
300,8,2
300,9,22.08333333
300,10,31.2
300,11,40.58333333
300,12,53.18333333
300,13,46.25
300,14,27.8
300,15,33.88333333
300,16,17.65
300,17,1.05
300,18,0
300,19,0
300,20,0
300,21,0
300,22,0
300,23,0
300,24,0
301,1,0
301,2,0
301,3,0
301,4,0
301,5,0
301,6,0
301,7,0
301,8,2
301,9,22.08333333
301,10,31.2
301,11,40.58333333
301,12,53.18333333
301,13,46.25
301,14,27.8
301,15,33.88333333
301,16,17.65
301,17,1.05
301,18,0
301,19,0
301,20,0
301,21,0
301,22,0
301,23,0
301,24,0
302,1,0
302,2,0
302,3,0
302,4,0
302,5,0
302,6,0
302,7,0
302,8,3.066666667
302,9,6.8
302,10,27.93333333
302,11,54
302,12,54.53333333
302,13,159.1666667
302,14,184.9666667
302,15,109.65
302,16,42.31666667
302,17,6.3
302,18,0
302,19,0
302,20,0
302,21,0
302,22,0
302,23,0
302,24,0
303,1,0
303,2,0
303,3,0
303,4,0
303,5,0
303,6,0
303,7,0
303,8,1.483333333
303,9,13.95
303,10,28.25
303,11,48.63333333
303,12,68.2
303,13,64.55
303,14,79.6
303,15,43.38333333
303,16,10.1
303,17,0.733333333
303,18,0
303,19,0
303,20,0
303,21,0
303,22,0
303,23,0
303,24,0
304,1,0
304,2,0
304,3,0
304,4,0
304,5,0
304,6,0
304,7,0
304,8,0.933333333
304,9,8.8
304,10,26.38333333
304,11,21.16666667
304,12,25.85
304,13,24.78333333
304,14,12.06666667
304,15,10.78333333
304,16,10.18333333
304,17,3.066666667
304,18,0.4
304,19,0
304,20,0
304,21,0
304,22,0
304,23,0
304,24,0
305,1,0
305,2,0
305,3,0
305,4,0
305,5,0
305,6,0
305,7,0.833333333
305,8,2.8
305,9,7.6
305,10,66
305,11,98.66666667
305,12,157.25
305,13,71.61666667
305,14,48.9
305,15,80.1
305,16,18.95
305,17,3.433333333
305,18,0
305,19,0
305,20,0
305,21,0
305,22,0
305,23,0
305,24,0
306,1,0
306,2,0
306,3,0
306,4,0
306,5,0
306,6,0
306,7,0.366666667
306,8,4.383333333
306,9,38.35
306,10,90.91666667
306,11,178.7333333
306,12,235.2666667
306,13,158.05
306,14,145.1166667
306,15,151.0666667
306,16,38.36666667
306,17,3.766666667
306,18,0
306,19,0
306,20,0
306,21,0
306,22,0
306,23,0
306,24,0
307,1,0
307,2,0
307,3,0
307,4,0
307,5,0
307,6,0
307,7,0
307,8,2.466666667
307,9,28.68333333
307,10,56.3
307,11,166.2
307,12,153.3833333
307,13,254.5166667
307,14,238.1333333
307,15,100.7833333
307,16,44.55
307,17,3.233333333
307,18,0
307,19,0
307,20,0
307,21,0
307,22,0
307,23,0
307,24,0
308,1,0
308,2,0
308,3,0
308,4,0
308,5,0
308,6,0
308,7,0.316666667
308,8,4.383333333
308,9,22.43333333
308,10,35.53333333
308,11,55.85
308,12,117.75
308,13,109.1
308,14,48.93333333
308,15,44.63333333
308,16,24.33333333
308,17,4.05
308,18,0.25
308,19,0
308,20,0
308,21,0
308,22,0
308,23,0
308,24,0
309,1,0
309,2,0
309,3,0
309,4,0
309,5,0
309,6,0
309,7,0
309,8,2.833333333
309,9,15.38333333
309,10,49.81666667
309,11,77.11666667
309,12,104.65
309,13,91.38333333
309,14,100.8
309,15,93.35
309,16,39.33333333
309,17,2.416666667
309,18,0
309,19,0
309,20,0
309,21,0
309,22,0
309,23,0
309,24,0
310,1,0
310,2,0
310,3,0
310,4,0
310,5,0
310,6,0
310,7,0
310,8,1.316666667
310,9,27.33333333
310,10,56.16666667
310,11,106.7833333
310,12,201.0833333
310,13,218.8
310,14,172.8
310,15,126.6333333
310,16,49.68333333
310,17,4.983333333
310,18,0.183333333
310,19,0
310,20,0
310,21,0
310,22,0
310,23,0
310,24,0
311,1,0
311,2,0
311,3,0
311,4,0
311,5,0
311,6,0
311,7,0
311,8,4.5
311,9,46.3
311,10,113.95
311,11,144.05
311,12,284.6666667
311,13,98.28333333
311,14,78.13333333
311,15,98.8
311,16,25
311,17,2.35
311,18,0
311,19,0
311,20,0
311,21,0
311,22,0
311,23,0
311,24,0
312,1,0
312,2,0
312,3,0
312,4,0
312,5,0
312,6,0
312,7,0
312,8,4.583333333
312,9,63.73333333
312,10,162.5833333
312,11,220.75
312,12,240.4833333
312,13,164.8333333
312,14,102.15
312,15,51.8
312,16,13.1
312,17,1.566666667
312,18,0.116666667
312,19,0
312,20,0
312,21,0
312,22,0
312,23,0
312,24,0
313,1,0
313,2,0
313,3,0
313,4,0
313,5,0
313,6,0
313,7,0.033333333
313,8,4.2
313,9,38.65
313,10,63.48333333
313,11,62.85
313,12,133.6666667
313,13,84.56666667
313,14,75.96666667
313,15,69.13333333
313,16,26.85
313,17,2.383333333
313,18,0.083333333
313,19,0
313,20,0
313,21,0
313,22,0
313,23,0
313,24,0
314,1,0
314,2,0
314,3,0
314,4,0
314,5,0
314,6,0
314,7,0.116666667
314,8,2.283333333
314,9,26.31666667
314,10,64.9
314,11,130.7333333
314,12,142.4666667
314,13,66.83333333
314,14,32
314,15,16.11666667
314,16,5.616666667
314,17,0.983333333
314,18,0.066666667
314,19,0
314,20,0
314,21,0
314,22,0
314,23,0
314,24,0
315,1,0
315,2,0
315,3,0
315,4,0
315,5,0
315,6,0
315,7,0
315,8,0.283333333
315,9,19.96666667
315,10,25.35
315,11,34.5
315,12,42.01666667
315,13,33.4
315,14,29.38333333
315,15,15.18333333
315,16,17.56666667
315,17,1.4
315,18,0.033333333
315,19,0
315,20,0
315,21,0
315,22,0
315,23,0
315,24,0
316,1,0
316,2,0
316,3,0
316,4,0
316,5,0
316,6,0
316,7,0.033333333
316,8,1.45
316,9,10.31666667
316,10,57.23333333
316,11,85.16666667
316,12,108.6
316,13,104.4
316,14,109.7333333
316,15,88.55
316,16,31.68333333
316,17,0.383333333
316,18,0
316,19,0
316,20,0
316,21,0
316,22,0
316,23,0
316,24,0
317,1,0
317,2,0
317,3,0
317,4,0
317,5,0
317,6,0
317,7,0
317,8,0.666666667
317,9,17.35
317,10,49.23333333
317,11,76.18333333
317,12,87.66666667
317,13,65.81666667
317,14,45.93333333
317,15,52.5
317,16,19.13333333
317,17,0.25
317,18,0
317,19,0
317,20,0
317,21,0
317,22,0
317,23,0
317,24,0
318,1,0
318,2,0
318,3,0
318,4,0
318,5,0
318,6,0
318,7,0
318,8,0.333333333
318,9,7.016666667
318,10,14.36666667
318,11,40.2
318,12,34.61666667
318,13,64.36666667
318,14,46.85
318,15,43.48333333
318,16,8.683333333
318,17,0.483333333
318,18,0
318,19,0
318,20,0
318,21,0
318,22,0
318,23,0
318,24,0
319,1,0
319,2,0
319,3,0
319,4,0
319,5,0
319,6,0
319,7,0
319,8,0.983333333
319,9,10.35
319,10,59.03333333
319,11,106.0166667
319,12,51.5
319,13,56.75
319,14,62.81666667
319,15,28.81666667
319,16,6.866666667
319,17,0
319,18,0
319,19,0
319,20,0
319,21,0
319,22,0
319,23,0
319,24,0
320,1,0
320,2,0
320,3,0
320,4,0
320,5,0
320,6,0
320,7,0
320,8,0
320,9,5.983333333
320,10,41.26666667
320,11,43.63333333
320,12,20.78333333
320,13,30.81666667
320,14,32.66666667
320,15,22.51666667
320,16,5.933333333
320,17,0.083333333
320,18,0
320,19,0
320,20,0
320,21,0
320,22,0
320,23,0
320,24,0
321,1,0
321,2,0
321,3,0
321,4,0
321,5,0
321,6,0
321,7,0
321,8,0.116666667
321,9,8.033333333
321,10,23.68333333
321,11,60.55
321,12,101.3333333
321,13,131.5833333
321,14,110.6666667
321,15,31.06666667
321,16,5.966666667
321,17,0.05
321,18,0
321,19,0
321,20,0
321,21,0
321,22,0
321,23,0
321,24,0
322,1,0
322,2,0
322,3,0
322,4,0
322,5,0
322,6,0
322,7,0
322,8,0.083333333
322,9,7.4
322,10,24.68333333
322,11,50.31666667
322,12,51.16666667
322,13,121.55
322,14,81.18333333
322,15,51.11666667
322,16,14.75
322,17,1.9
322,18,0
322,19,0
322,20,0
322,21,0
322,22,0
322,23,0
322,24,0
323,1,0
323,2,0
323,3,0
323,4,0
323,5,0
323,6,0
323,7,0
323,8,1.983333333
323,9,23.25
323,10,71.66666667
323,11,118.55
323,12,146.4833333
323,13,165.3666667
323,14,89.36666667
323,15,51.98333333
323,16,11.75
323,17,0.1
323,18,0
323,19,0
323,20,0
323,21,0
323,22,0
323,23,0
323,24,0
324,1,0
324,2,0
324,3,0
324,4,0
324,5,0
324,6,0
324,7,0
324,8,0
324,9,2.633333333
324,10,15.75
324,11,24.98333333
324,12,50.6
324,13,56.1
324,14,38.58333333
324,15,39.16666667
324,16,10.15
324,17,0.05
324,18,0
324,19,0
324,20,0
324,21,0
324,22,0
324,23,0
324,24,0
325,1,0
325,2,0
325,3,0
325,4,0
325,5,0
325,6,0
325,7,0
325,8,0.933333333
325,9,8.85
325,10,22.86666667
325,11,47.1
325,12,46.81666667
325,13,63.26666667
325,14,34.6
325,15,21.51666667
325,16,4.866666667
325,17,0.75
325,18,0
325,19,0
325,20,0
325,21,0
325,22,0
325,23,0
325,24,0
326,1,0
326,2,0
326,3,0
326,4,0
326,5,0
326,6,0
326,7,0
326,8,0.15
326,9,11.66666667
326,10,48.98333333
326,11,124.4
326,12,174.85
326,13,159.5166667
326,14,122.3
326,15,81.6
326,16,16.46666667
326,17,0
326,18,0
326,19,0
326,20,0
326,21,0
326,22,0
326,23,0
326,24,0
327,1,0
327,2,0
327,3,0
327,4,0
327,5,0
327,6,0
327,7,0
327,8,0.016666667
327,9,13.05
327,10,53.96666667
327,11,41.9
327,12,51.93333333
327,13,66.05
327,14,40.96666667
327,15,19.15
327,16,3.45
327,17,0.083333333
327,18,0
327,19,0
327,20,0
327,21,0
327,22,0
327,23,0
327,24,0
328,1,0
328,2,0
328,3,0
328,4,0
328,5,0
328,6,0
328,7,0
328,8,0.65
328,9,2.9
328,10,13.4
328,11,25.58333333
328,12,23.2
328,13,22.98333333
328,14,18.53333333
328,15,7.166666667
328,16,1.4
328,17,0
328,18,0
328,19,0
328,20,0
328,21,0
328,22,0
328,23,0
328,24,0
329,1,0
329,2,0
329,3,0
329,4,0
329,5,0
329,6,0
329,7,0
329,8,0.05
329,9,3.116666667
329,10,21.56666667
329,11,62.55
329,12,48.56666667
329,13,54.36666667
329,14,47.43333333
329,15,30.98333333
329,16,7.066666667
329,17,0
329,18,0
329,19,0
329,20,0
329,21,0
329,22,0
329,23,0
329,24,0
330,1,0
330,2,0
330,3,0
330,4,0
330,5,0
330,6,0
330,7,0
330,8,0
330,9,5.7
330,10,23.15
330,11,42.23333333
330,12,63.85
330,13,88.33333333
330,14,75.33333333
330,15,27.33333333
330,16,7.816666667
330,17,0.066666667
330,18,0
330,19,0
330,20,0
330,21,0
330,22,0
330,23,0
330,24,0
331,1,0
331,2,0
331,3,0
331,4,0
331,5,0
331,6,0
331,7,0
331,8,0.633333333
331,9,5.066666667
331,10,21.41666667
331,11,61.33333333
331,12,83.35
331,13,65.91666667
331,14,35.26666667
331,15,16.55
331,16,4.95
331,17,0.633333333
331,18,0
331,19,0
331,20,0
331,21,0
331,22,0
331,23,0
331,24,0
332,1,0
332,2,0
332,3,0
332,4,0
332,5,0
332,6,0
332,7,0
332,8,1.066666667
332,9,6.833333333
332,10,12.83333333
332,11,27.16666667
332,12,40.98333333
332,13,23.11666667
332,14,26.41666667
332,15,12.33333333
332,16,1.633333333
332,17,0
332,18,0
332,19,0
332,20,0
332,21,0
332,22,0
332,23,0
332,24,0
333,1,0
333,2,0
333,3,0
333,4,0
333,5,0
333,6,0
333,7,0
333,8,0
333,9,1.016666667
333,10,10.43333333
333,11,19.18333333
333,12,21.38333333
333,13,19.16666667
333,14,14.68333333
333,15,7.416666667
333,16,1.766666667
333,17,0
333,18,0
333,19,0
333,20,0
333,21,0
333,22,0
333,23,0
333,24,0
334,1,0
334,2,0
334,3,0
334,4,0
334,5,0
334,6,0
334,7,0
334,8,0
334,9,1.083333333
334,10,5.266666667
334,11,8.766666667
334,12,19.9
334,13,24.53333333
334,14,21.11666667
334,15,9.766666667
334,16,0.983333333
334,17,0
334,18,0
334,19,0
334,20,0
334,21,0
334,22,0
334,23,0
334,24,0
335,1,0
335,2,0
335,3,0
335,4,0
335,5,0
335,6,0
335,7,0
335,8,0
335,9,0.366666667
335,10,4.283333333
335,11,13.78333333
335,12,17
335,13,15.33333333
335,14,6.783333333
335,15,4.566666667
335,16,1.2
335,17,0
335,18,0
335,19,0
335,20,0
335,21,0
335,22,0
335,23,0
335,24,0
336,1,0
336,2,0
336,3,0
336,4,0
336,5,0
336,6,0
336,7,0
336,8,0
336,9,0.65
336,10,6.5
336,11,10.43333333
336,12,22.95
336,13,16.83333333
336,14,15.65
336,15,11.3
336,16,2.066666667
336,17,0.55
336,18,0
336,19,0
336,20,0
336,21,0
336,22,0
336,23,0
336,24,0
337,1,0
337,2,0
337,3,0
337,4,0
337,5,0
337,6,0
337,7,0
337,8,0.366666667
337,9,1.216666667
337,10,9.05
337,11,15.36666667
337,12,24.51666667
337,13,12.05
337,14,8.166666667
337,15,4.516666667
337,16,1.783333333
337,17,0.55
337,18,0
337,19,0
337,20,0
337,21,0
337,22,0
337,23,0
337,24,0
338,1,0
338,2,0
338,3,0
338,4,0
338,5,0
338,6,0
338,7,0
338,8,0
338,9,0.916666667
338,10,10.96666667
338,11,28.85
338,12,34.23333333
338,13,56.88333333
338,14,56.18333333
338,15,16.66666667
338,16,1.416666667
338,17,0
338,18,0
338,19,0
338,20,0
338,21,0
338,22,0
338,23,0
338,24,0
339,1,0
339,2,0
339,3,0
339,4,0
339,5,0
339,6,0
339,7,0
339,8,0
339,9,1.066666667
339,10,7
339,11,7.766666667
339,12,20.01666667
339,13,31.25
339,14,56.91666667
339,15,31.73333333
339,16,5.166666667
339,17,0.9
339,18,0
339,19,0
339,20,0
339,21,0
339,22,0
339,23,0
339,24,0
340,1,0
340,2,0
340,3,0
340,4,0
340,5,0
340,6,0
340,7,0
340,8,0
340,9,1.766666667
340,10,9
340,11,15.01666667
340,12,14.78333333
340,13,14.91666667
340,14,6.45
340,15,5.483333333
340,16,0.833333333
340,17,0
340,18,0
340,19,0
340,20,0
340,21,0
340,22,0
340,23,0
340,24,0
341,1,0
341,2,0
341,3,0
341,4,0
341,5,0
341,6,0
341,7,0
341,8,0
341,9,1.083333333
341,10,10.33333333
341,11,31.85
341,12,65.03333333
341,13,52.61666667
341,14,22.33333333
341,15,16.08333333
341,16,2.483333333
341,17,0
341,18,0
341,19,0
341,20,0
341,21,0
341,22,0
341,23,0
341,24,0
342,1,0
342,2,0
342,3,0
342,4,0
342,5,0
342,6,0
342,7,0
342,8,0
342,9,1.383333333
342,10,14.93333333
342,11,44.36666667
342,12,61.38333333
342,13,50.11666667
342,14,20.78333333
342,15,15.23333333
342,16,3.333333333
342,17,0.083333333
342,18,0
342,19,0
342,20,0
342,21,0
342,22,0
342,23,0
342,24,0
343,1,0
343,2,0
343,3,0
343,4,0
343,5,0
343,6,0
343,7,0
343,8,0
343,9,1.783333333
343,10,33.4
343,11,50.26666667
343,12,136.8333333
343,13,192.9666667
343,14,78.85
343,15,41.63333333
343,16,5
343,17,0
343,18,0
343,19,0
343,20,0
343,21,0
343,22,0
343,23,0
343,24,0
344,1,0
344,2,0
344,3,0
344,4,0
344,5,0
344,6,0
344,7,0
344,8,0
344,9,5.7
344,10,26.15
344,11,37.83333333
344,12,62.23333333
344,13,61.58333333
344,14,54.11666667
344,15,25.71666667
344,16,2.766666667
344,17,0
344,18,0
344,19,0
344,20,0
344,21,0
344,22,0
344,23,0
344,24,0
345,1,0
345,2,0
345,3,0
345,4,0
345,5,0
345,6,0
345,7,0
345,8,0
345,9,1.583333333
345,10,13.51666667
345,11,26.83333333
345,12,51.65
345,13,50.98333333
345,14,37.51666667
345,15,12.5
345,16,1.983333333
345,17,0.483333333
345,18,0
345,19,0
345,20,0
345,21,0
345,22,0
345,23,0
345,24,0
346,1,0
346,2,0
346,3,0
346,4,0
346,5,0
346,6,0
346,7,0
346,8,0
346,9,0.683333333
346,10,11.3
346,11,29.45
346,12,48.06666667
346,13,43.66666667
346,14,19.35
346,15,11.96666667
346,16,1.5
346,17,0
346,18,0
346,19,0
346,20,0
346,21,0
346,22,0
346,23,0
346,24,0
347,1,0
347,2,0
347,3,0
347,4,0
347,5,0
347,6,0
347,7,0
347,8,0.016666667
347,9,0.8
347,10,8.783333333
347,11,22.61666667
347,12,30.38333333
347,13,32.08333333
347,14,22.68333333
347,15,10.21666667
347,16,1.433333333
347,17,0
347,18,0
347,19,0
347,20,0
347,21,0
347,22,0
347,23,0
347,24,0
348,1,0
348,2,0
348,3,0
348,4,0
348,5,0
348,6,0
348,7,0
348,8,0
348,9,0.483333333
348,10,7.7
348,11,18.4
348,12,23.95
348,13,27.28333333
348,14,23.58333333
348,15,12.51666667
348,16,3.333333333
348,17,0.933333333
348,18,0
348,19,0
348,20,0
348,21,0
348,22,0
348,23,0
348,24,0
349,1,0
349,2,0
349,3,0
349,4,0
349,5,0
349,6,0
349,7,0
349,8,0
349,9,2.3
349,10,27.66666667
349,11,87.01666667
349,12,127.0333333
349,13,126.8
349,14,95.08333333
349,15,41.13333333
349,16,4.133333333
349,17,0
349,18,0
349,19,0
349,20,0
349,21,0
349,22,0
349,23,0
349,24,0
350,1,0
350,2,0
350,3,0
350,4,0
350,5,0
350,6,0
350,7,0
350,8,0.15
350,9,2.816666667
350,10,28.18333333
350,11,91.75
350,12,129.5333333
350,13,131.3666667
350,14,103.6166667
350,15,42.86666667
350,16,3.833333333
350,17,0
350,18,0
350,19,0
350,20,0
350,21,0
350,22,0
350,23,0
350,24,0
351,1,0
351,2,0
351,3,0
351,4,0
351,5,0
351,6,0
351,7,0
351,8,0
351,9,0.35
351,10,5.7
351,11,14.41666667
351,12,21.41666667
351,13,16
351,14,15.6
351,15,8.4
351,16,1.283333333
351,17,0
351,18,0
351,19,0
351,20,0
351,21,0
351,22,0
351,23,0
351,24,0
352,1,0
352,2,0
352,3,0
352,4,0
352,5,0
352,6,0
352,7,0
352,8,0
352,9,0.733333333
352,10,5.716666667
352,11,15.21666667
352,12,28.76666667
352,13,26.48333333
352,14,25.71666667
352,15,12.41666667
352,16,2.533333333
352,17,0
352,18,0
352,19,0
352,20,0
352,21,0
352,22,0
352,23,0
352,24,0
353,1,0
353,2,0
353,3,0
353,4,0
353,5,0
353,6,0
353,7,0
353,8,0
353,9,0.233333333
353,10,3.833333333
353,11,10.18333333
353,12,13.63333333
353,13,20.26666667
353,14,14.61666667
353,15,10.28333333
353,16,1.266666667
353,17,0
353,18,0
353,19,0
353,20,0
353,21,0
353,22,0
353,23,0
353,24,0
354,1,0
354,2,0
354,3,0
354,4,0
354,5,0
354,6,0
354,7,0
354,8,0
354,9,0.316666667
354,10,6.183333333
354,11,13.73333333
354,12,16.75
354,13,13.48333333
354,14,14.5
354,15,7.6
354,16,1.2
354,17,0
354,18,0
354,19,0
354,20,0
354,21,0
354,22,0
354,23,0
354,24,0
355,1,0
355,2,0
355,3,0
355,4,0
355,5,0
355,6,0
355,7,0
355,8,0
355,9,0.733333333
355,10,9.883333333
355,11,17
355,12,24.63333333
355,13,34.86666667
355,14,35.46666667
355,15,14.4
355,16,2.25
355,17,0
355,18,0
355,19,0
355,20,0
355,21,0
355,22,0
355,23,0
355,24,0
356,1,0
356,2,0
356,3,0
356,4,0
356,5,0
356,6,0
356,7,0
356,8,0
356,9,0.283333333
356,10,5.4
356,11,23.96666667
356,12,32.41666667
356,13,29.43333333
356,14,21.91666667
356,15,11.78333333
356,16,2.166666667
356,17,0
356,18,0
356,19,0
356,20,0
356,21,0
356,22,0
356,23,0
356,24,0
357,1,0
357,2,0
357,3,0
357,4,0
357,5,0
357,6,0
357,7,0
357,8,0.066666667
357,9,0.666666667
357,10,6.4
357,11,8.566666667
357,12,19.65
357,13,34.26666667
357,14,32.01666667
357,15,16.53333333
357,16,3.483333333
357,17,0
357,18,0
357,19,0
357,20,0
357,21,0
357,22,0
357,23,0
357,24,0
358,1,0
358,2,0
358,3,0
358,4,0
358,5,0
358,6,0
358,7,0
358,8,0
358,9,0.45
358,10,5.866666667
358,11,25.7
358,12,39.45
358,13,37.18333333
358,14,37.85
358,15,20.2
358,16,2.8
358,17,0
358,18,0
358,19,0
358,20,0
358,21,0
358,22,0
358,23,0
358,24,0
359,1,0
359,2,0
359,3,0
359,4,0
359,5,0
359,6,0
359,7,0
359,8,0
359,9,0.083333333
359,10,2.983333333
359,11,12.7
359,12,35.31666667
359,13,53.66666667
359,14,42.71666667
359,15,18.28333333
359,16,2.8
359,17,0
359,18,0
359,19,0
359,20,0
359,21,0
359,22,0
359,23,0
359,24,0
360,1,0
360,2,0
360,3,0
360,4,0
360,5,0
360,6,0
360,7,0
360,8,0
360,9,0.6
360,10,4.866666667
360,11,13.66666667
360,12,25.91666667
360,13,43.6
360,14,38.6
360,15,23.96666667
360,16,3.9
360,17,0
360,18,0
360,19,0
360,20,0
360,21,0
360,22,0
360,23,0
360,24,0
361,1,0
361,2,0
361,3,0
361,4,0
361,5,0
361,6,0
361,7,0
361,8,0
361,9,1.2
361,10,7.6
361,11,20.08333333
361,12,39.36666667
361,13,31.11666667
361,14,23.36666667
361,15,14.9
361,16,3.4
361,17,0
361,18,0
361,19,0
361,20,0
361,21,0
361,22,0
361,23,0
361,24,0
362,1,0
362,2,0
362,3,0
362,4,0
362,5,0
362,6,0
362,7,0
362,8,0
362,9,0.383333333
362,10,5.883333333
362,11,13.91666667
362,12,20.66666667
362,13,21.6
362,14,16.05
362,15,12.96666667
362,16,2.85
362,17,0.15
362,18,0
362,19,0
362,20,0
362,21,0
362,22,0
362,23,0
362,24,0
363,1,0
363,2,0
363,3,0
363,4,0
363,5,0
363,6,0
363,7,0
363,8,0
363,9,2.183333333
363,10,21.5
363,11,77.53333333
363,12,120.2333333
363,13,130.3666667
363,14,110.4
363,15,59.43333333
363,16,9.216666667
363,17,0
363,18,0
363,19,0
363,20,0
363,21,0
363,22,0
363,23,0
363,24,0
364,1,0
364,2,0
364,3,0
364,4,0
364,5,0
364,6,0
364,7,0
364,8,0.1
364,9,2.3
364,10,11.53333333
364,11,34.35
364,12,54.53333333
364,13,45.46666667
364,14,22.65
364,15,17.03333333
364,16,3.533333333
364,17,0
364,18,0
364,19,0
364,20,0
364,21,0
364,22,0
364,23,0
364,24,0
365,1,0
365,2,0
365,3,0
365,4,0
365,5,0
365,6,0
365,7,0
365,8,0
365,9,0.383333333
365,10,7.5
365,11,26.13333333
365,12,41.78333333
365,13,53.1
365,14,39.63333333
365,15,17.76666667
365,16,3.5
365,17,0
365,18,0
365,19,0
365,20,0
365,21,0
365,22,0
365,23,0
365,24,0
366,1,0
366,2,0
366,3,0
366,4,0
366,5,0
366,6,0
366,7,0
366,8,0
366,9,0.316666667
366,10,5.066666667
366,11,13.01666667
366,12,22.41666667
366,13,25.78333333
366,14,23.66666667
366,15,16.53333333
366,16,4.833333333
366,17,0.016666667
366,18,0
366,19,0
366,20,0
366,21,0
366,22,0
366,23,0
366,24,0
